level,list_-6.0,list_-5.0,list_-4.0,list_-3.0,list_-2.0,list_-1.0,list_0.0,list_1.0,list_2.0,list_3.0,list_4.0,list_5.0,list_6.0
0.0,0.0,0.0,0.0,0.0,0.0,0.0,0.0,0.008,0.019,0.029,0.042,0.057,0.073
0.01,-0.009,-0.0095,-0.0095,-0.0085,-0.0065,-0.004,0.0,0.008,0.018000000000000002,0.029,0.042,0.057,0.073
0.02,-0.018,-0.019,-0.019,-0.017,-0.013,-0.008,0.0,0.008,0.017,0.029,0.042,0.057,0.073
0.03,-0.0175,-0.0185,-0.018000000000000002,-0.016,-0.0125,-0.0075,0.0,0.008,0.0175,0.0295,0.042499999999999996,0.057,0.073
0.04,-0.017,-0.018,-0.017,-0.015,-0.012,-0.007,0.0,0.008,0.018,0.03,0.043,0.057,0.073
0.05,-0.0175,-0.0185,-0.0175,-0.0155,-0.012,-0.007,0.0,0.008,0.018,0.03,0.043,0.057,0.073
0.06,-0.018,-0.019,-0.018,-0.016,-0.012,-0.007,0.0,0.008,0.018,0.03,0.043,0.057,0.073
0.07,-0.018,-0.019,-0.018,-0.016,-0.012,-0.007,0.0,0.008,0.018,0.03,0.043,0.057,0.073
0.08,-0.018,-0.019,-0.018,-0.016,-0.012,-0.007,0.0,0.008,0.018,0.03,0.043,0.057,0.073
0.09,-0.018,-0.019,-0.018,-0.016,-0.012,-0.007,0.0,0.008,0.018,0.03,0.042499999999999996,0.057,0.073
0.1,-0.018,-0.019,-0.018,-0.016,-0.012,-0.007,0.0,0.008,0.018,0.03,0.042,0.057,0.073
0.11,-0.018,-0.019,-0.018,-0.016,-0.012,-0.007,0.0,0.008,0.018,0.0299,0.042,0.0569,0.07289999999999999
0.12,-0.018,-0.019,-0.018,-0.016,-0.012,-0.007,0.0,0.008,0.018,0.0298,0.042,0.0568,0.07279999999999999
0.13,-0.018,-0.019,-0.018,-0.016,-0.012,-0.007,0.0,0.008,0.018,0.0297,0.042,0.0567,0.0727
0.14,-0.018,-0.019,-0.018,-0.016,-0.012,-0.007,0.0,0.008,0.018,0.0296,0.042,0.056600000000000004,0.0726
0.15,-0.018,-0.019,-0.018,-0.016,-0.012,-0.007,0.0,0.008,0.018,0.0295,0.042,0.0565,0.0725
0.16,-0.018,-0.019,-0.018,-0.016,-0.012,-0.007,0.0,0.008,0.018,0.0294,0.042,0.0564,0.07239999999999999
0.17,-0.018,-0.019,-0.018,-0.016,-0.012,-0.007,0.0,0.008,0.018,0.0293,0.042,0.0563,0.07229999999999999
0.18,-0.018,-0.019,-0.018,-0.016,-0.012,-0.007,0.0,0.008,0.018,0.0292,0.042,0.0562,0.0722
0.19,-0.018,-0.019,-0.018,-0.016,-0.012,-0.007,0.0,0.008,0.018,0.0291,0.042,0.056100000000000004,0.0721
0.2,-0.018,-0.019,-0.018,-0.016,-0.012,-0.007,0.0,0.008,0.018,0.029,0.042,0.056,0.072
0.21,-0.018099999999999998,-0.019,-0.018,-0.016,-0.012,-0.007,0.0,0.008,0.018,0.029,0.042,0.056,0.072
0.22,-0.018199999999999997,-0.019,-0.018,-0.016,-0.012,-0.007,0.0,0.008,0.018,0.029,0.042,0.056,0.072
0.23,-0.0183,-0.019,-0.018,-0.016,-0.012,-0.007,0.0,0.008,0.018,0.029,0.042,0.056,0.072
0.24,-0.0184,-0.019,-0.018,-0.016,-0.012,-0.007,0.0,0.008,0.018,0.029,0.042,0.056,0.072
0.25,-0.0185,-0.019,-0.018,-0.016,-0.012,-0.007,0.0,0.008,0.018,0.029,0.042,0.056,0.072
0.26,-0.0186,-0.019,-0.018,-0.016,-0.012,-0.007,0.0,0.008,0.018,0.029,0.042,0.056,0.072
0.27,-0.018699999999999998,-0.019,-0.018,-0.016,-0.012,-0.007,0.0,0.008,0.018,0.029,0.042,0.056,0.072
0.28,-0.0188,-0.019,-0.018,-0.016,-0.012,-0.007,0.0,0.008,0.018,0.029,0.042,0.056,0.072
0.29,-0.0189,-0.019,-0.018,-0.016,-0.012,-0.007,0.0,0.008,0.018,0.029,0.042,0.056,0.072
0.3,-0.019,-0.019,-0.018,-0.016,-0.012,-0.007,0.0,0.008,0.018,0.029,0.042,0.056,0.072
0.31,-0.019,-0.0191,-0.018099999999999998,-0.016,-0.012,-0.007,0.0,0.008,0.018,0.029,0.042,0.056,0.07189999999999999
0.32,-0.019,-0.0192,-0.018199999999999997,-0.016,-0.012,-0.007,0.0,0.008,0.018,0.029,0.042,0.056,0.07179999999999999
0.33,-0.019,-0.0193,-0.0183,-0.016,-0.012,-0.007,0.0,0.008,0.018,0.029,0.042,0.056,0.0717
0.34,-0.019,-0.0194,-0.0184,-0.016,-0.012,-0.007,0.0,0.008,0.018,0.029,0.042,0.056,0.0716
0.35000000000000003,-0.019,-0.0195,-0.0185,-0.016,-0.012,-0.007,0.0,0.008,0.018,0.029,0.042,0.056,0.0715
0.36,-0.019,-0.0196,-0.0186,-0.016,-0.012,-0.007,0.0,0.008,0.018,0.029,0.042,0.056,0.07139999999999999
0.37,-0.019,-0.0197,-0.018699999999999998,-0.016,-0.012,-0.007,0.0,0.008,0.018,0.029,0.042,0.056,0.07129999999999999
0.38,-0.019,-0.0198,-0.0188,-0.016,-0.012,-0.007,0.0,0.008,0.018,0.029,0.042,0.056,0.0712
0.39,-0.019,-0.0199,-0.0189,-0.016,-0.012,-0.007,0.0,0.008,0.018,0.029,0.042,0.056,0.0711
0.4,-0.019,-0.02,-0.019,-0.016,-0.012,-0.007,0.0,0.008,0.018,0.029,0.042,0.056,0.071
0.41000000000000003,-0.0191,-0.02,-0.019,-0.016,-0.012,-0.007,0.0,0.008,0.018,0.029,0.0419,0.0559,0.07089999999999999
0.42,-0.0192,-0.02,-0.019,-0.016,-0.012,-0.007,0.0,0.008,0.018,0.029,0.041800000000000004,0.0558,0.0708
0.43,-0.0193,-0.02,-0.019,-0.016,-0.012,-0.007,0.0,0.008,0.018,0.029,0.0417,0.0557,0.0707
0.44,-0.0194,-0.02,-0.019,-0.016,-0.012,-0.007,0.0,0.008,0.018,0.029,0.041600000000000005,0.055600000000000004,0.0706
0.45,-0.0195,-0.02,-0.019,-0.016,-0.012,-0.007,0.0,0.008,0.018,0.029,0.0415,0.0555,0.07050000000000001
0.46,-0.0196,-0.02,-0.019,-0.016,-0.012,-0.007,0.0,0.008,0.018,0.029,0.0414,0.0554,0.0704
0.47000000000000003,-0.0197,-0.02,-0.019,-0.016,-0.012,-0.007,0.0,0.008,0.018,0.029,0.0413,0.0553,0.0703
0.48,-0.0198,-0.02,-0.019,-0.016,-0.012,-0.007,0.0,0.008,0.018,0.029,0.0412,0.0552,0.0702
0.49,-0.0199,-0.02,-0.019,-0.016,-0.012,-0.007,0.0,0.008,0.018,0.029,0.041100000000000005,0.0551,0.07010000000000001
0.5,-0.02,-0.02,-0.019,-0.016,-0.012,-0.007,0.0,0.008,0.018,0.029,0.041,0.055,0.07
0.51,-0.0201,-0.0201,-0.019,-0.016,-0.012,-0.007,0.0,0.008,0.018,0.029,0.041,0.055,0.07
0.52,-0.0202,-0.0202,-0.019,-0.016,-0.012,-0.007,0.0,0.008,0.018,0.029,0.041,0.055,0.07
0.53,-0.020300000000000002,-0.020300000000000002,-0.019,-0.016,-0.012,-0.007,0.0,0.008,0.018,0.029,0.041,0.055,0.07
0.54,-0.0204,-0.0204,-0.019,-0.016,-0.012,-0.007,0.0,0.008,0.018,0.029,0.041,0.055,0.07
0.55,-0.0205,-0.0205,-0.019,-0.016,-0.012,-0.007,0.0,0.008,0.018,0.029,0.041,0.055,0.07
0.56,-0.0206,-0.0206,-0.019,-0.016,-0.012,-0.007,0.0,0.008,0.018,0.029,0.041,0.055,0.07
0.5700000000000001,-0.0207,-0.0207,-0.019,-0.016,-0.012,-0.007,0.0,0.008,0.018,0.029,0.041,0.055,0.07
0.58,-0.020800000000000003,-0.020800000000000003,-0.019,-0.016,-0.012,-0.007,0.0,0.008,0.018,0.029,0.041,0.055,0.07
0.59,-0.020900000000000002,-0.020900000000000002,-0.019,-0.016,-0.012,-0.007,0.0,0.008,0.018,0.029,0.041,0.055,0.07
0.6,-0.021,-0.021,-0.019,-0.016,-0.012,-0.007,0.0,0.008,0.018,0.029,0.041,0.055,0.07
0.61,-0.021050000000000003,-0.021,-0.01905,-0.016050000000000002,-0.012,-0.007,0.0,0.008,0.018,0.02895,0.041,0.05495,0.06995000000000001
0.62,-0.0211,-0.021,-0.0191,-0.0161,-0.012,-0.007,0.0,0.008,0.018,0.028900000000000002,0.041,0.0549,0.0699
0.63,-0.021150000000000002,-0.021,-0.01915,-0.01615,-0.012,-0.007,0.0,0.008,0.018,0.02885,0.041,0.05485,0.06985000000000001
0.64,-0.0212,-0.021,-0.0192,-0.0162,-0.012,-0.007,0.0,0.008,0.018,0.028800000000000003,0.041,0.0548,0.0698
0.65,-0.02125,-0.021,-0.01925,-0.01625,-0.012,-0.007,0.0,0.008,0.018,0.02875,0.041,0.05475,0.06975
0.66,-0.0213,-0.021,-0.0193,-0.016300000000000002,-0.012,-0.007,0.0,0.008,0.018,0.0287,0.041,0.0547,0.06970000000000001
0.67,-0.02135,-0.021,-0.01935,-0.01635,-0.012,-0.007,0.0,0.008,0.018,0.028650000000000002,0.041,0.05465,0.06965
0.68,-0.0214,-0.021,-0.0194,-0.0164,-0.012,-0.007,0.0,0.008,0.018,0.0286,0.041,0.0546,0.06960000000000001
0.6900000000000001,-0.02145,-0.021,-0.01945,-0.01645,-0.012,-0.007,0.0,0.008,0.018,0.028550000000000002,0.041,0.05455,0.06955
0.7000000000000001,-0.0215,-0.021,-0.0195,-0.0165,-0.012,-0.007,0.0,0.008,0.018,0.0285,0.041,0.0545,0.0695
0.71,-0.02155,-0.021,-0.01955,-0.016550000000000002,-0.012,-0.007,0.0,0.008,0.018,0.02845,0.041,0.05445,0.06945000000000001
0.72,-0.0216,-0.021,-0.0196,-0.0166,-0.012,-0.007,0.0,0.008,0.018,0.0284,0.041,0.0544,0.0694
0.73,-0.02165,-0.021,-0.01965,-0.01665,-0.012,-0.007,0.0,0.008,0.018,0.02835,0.041,0.05435,0.06935000000000001
0.74,-0.0217,-0.021,-0.0197,-0.0167,-0.012,-0.007,0.0,0.008,0.018,0.028300000000000002,0.041,0.0543,0.0693
0.75,-0.02175,-0.021,-0.01975,-0.01675,-0.012,-0.007,0.0,0.008,0.018,0.02825,0.041,0.05425,0.06925
0.76,-0.0218,-0.021,-0.0198,-0.016800000000000002,-0.012,-0.007,0.0,0.008,0.018,0.0282,0.041,0.0542,0.06920000000000001
0.77,-0.021849999999999998,-0.021,-0.01985,-0.01685,-0.012,-0.007,0.0,0.008,0.018,0.02815,0.041,0.05415,0.06915
0.78,-0.0219,-0.021,-0.0199,-0.016900000000000002,-0.012,-0.007,0.0,0.008,0.018,0.0281,0.041,0.0541,0.06910000000000001
0.79,-0.021949999999999997,-0.021,-0.01995,-0.01695,-0.012,-0.007,0.0,0.008,0.018,0.028050000000000002,0.041,0.05405,0.06905
0.8,-0.022,-0.021,-0.02,-0.017,-0.012,-0.007,0.0,0.008,0.018,0.028,0.041,0.054,0.069
0.81,-0.02205,-0.021050000000000003,-0.02,-0.017,-0.01205,-0.007,0.0,0.008,0.018,0.028,0.04095,0.05395,0.06895000000000001
0.8200000000000001,-0.022099999999999998,-0.0211,-0.02,-0.017,-0.0121,-0.007,0.0,0.008,0.018,0.028,0.0409,0.053899999999999997,0.0689
0.8300000000000001,-0.02215,-0.021150000000000002,-0.02,-0.017,-0.01215,-0.007,0.0,0.008,0.018,0.028,0.040850000000000004,0.05385,0.06885000000000001
0.84,-0.022199999999999998,-0.0212,-0.02,-0.017,-0.0122,-0.007,0.0,0.008,0.018,0.028,0.0408,0.0538,0.0688
0.85,-0.02225,-0.02125,-0.02,-0.017,-0.01225,-0.007,0.0,0.008,0.018,0.028,0.04075,0.05375,0.06875
0.86,-0.0223,-0.0213,-0.02,-0.017,-0.0123,-0.007,0.0,0.008,0.018,0.028,0.0407,0.0537,0.06870000000000001
0.87,-0.02235,-0.02135,-0.02,-0.017,-0.01235,-0.007,0.0,0.008,0.018,0.028,0.04065,0.053649999999999996,0.06865
0.88,-0.0224,-0.0214,-0.02,-0.017,-0.0124,-0.007,0.0,0.008,0.018,0.028,0.040600000000000004,0.0536,0.06860000000000001
0.89,-0.022449999999999998,-0.02145,-0.02,-0.017,-0.01245,-0.007,0.0,0.008,0.018,0.028,0.04055,0.05355,0.06855
0.9,-0.0225,-0.0215,-0.02,-0.017,-0.0125,-0.007,0.0,0.008,0.018,0.028,0.0405,0.0535,0.0685
0.91,-0.02255,-0.02155,-0.02,-0.017,-0.01255,-0.007,0.0,0.008,0.018,0.028,0.04045,0.05345,0.06845000000000001
0.92,-0.0226,-0.0216,-0.02,-0.017,-0.0126,-0.007,0.0,0.008,0.018,0.028,0.0404,0.053399999999999996,0.0684
0.93,-0.02265,-0.02165,-0.02,-0.017,-0.01265,-0.007,0.0,0.008,0.018,0.028,0.040350000000000004,0.05335,0.06835000000000001
0.9400000000000001,-0.022699999999999998,-0.0217,-0.02,-0.017,-0.0127,-0.007,0.0,0.008,0.018,0.028,0.0403,0.0533,0.0683
0.9500000000000001,-0.02275,-0.02175,-0.02,-0.017,-0.01275,-0.007,0.0,0.008,0.018,0.028,0.04025,0.05325,0.06825
0.96,-0.0228,-0.0218,-0.02,-0.017,-0.012799999999999999,-0.007,0.0,0.008,0.018,0.028,0.0402,0.0532,0.06820000000000001
0.97,-0.02285,-0.021849999999999998,-0.02,-0.017,-0.01285,-0.007,0.0,0.008,0.018,0.028,0.04015,0.053149999999999996,0.06815
0.98,-0.0229,-0.0219,-0.02,-0.017,-0.0129,-0.007,0.0,0.008,0.018,0.028,0.040100000000000004,0.0531,0.06810000000000001
0.99,-0.022949999999999998,-0.021949999999999997,-0.02,-0.017,-0.01295,-0.007,0.0,0.008,0.018,0.028,0.04005,0.05305,0.06805
1.0,-0.023,-0.022,-0.02,-0.017,-0.013,-0.007,0.0,0.008,0.018,0.028,0.04,0.053,0.068
1.01,-0.02305,-0.02205,-0.020050000000000002,-0.017,-0.013,-0.007,0.0,0.008,0.017949999999999997,0.028,0.04,0.05295,0.0679
1.02,-0.0231,-0.022099999999999998,-0.0201,-0.017,-0.013,-0.007,0.0,0.008,0.0179,0.028,0.04,0.052899999999999996,0.0678
1.03,-0.02315,-0.02215,-0.02015,-0.017,-0.013,-0.007,0.0,0.008,0.017849999999999998,0.028,0.04,0.05285,0.06770000000000001
1.04,-0.0232,-0.022199999999999998,-0.0202,-0.017,-0.013,-0.007,0.0,0.008,0.0178,0.028,0.04,0.0528,0.06760000000000001
1.05,-0.02325,-0.02225,-0.02025,-0.017,-0.013,-0.007,0.0,0.008,0.01775,0.028,0.04,0.05275,0.0675
1.06,-0.0233,-0.0223,-0.020300000000000002,-0.017,-0.013,-0.007,0.0,0.008,0.0177,0.028,0.04,0.0527,0.0674
1.07,-0.02335,-0.02235,-0.02035,-0.017,-0.013,-0.007,0.0,0.008,0.01765,0.028,0.04,0.052649999999999995,0.0673
1.08,-0.0234,-0.0224,-0.0204,-0.017,-0.013,-0.007,0.0,0.008,0.0176,0.028,0.04,0.0526,0.06720000000000001
1.09,-0.02345,-0.022449999999999998,-0.02045,-0.017,-0.013,-0.007,0.0,0.008,0.01755,0.028,0.04,0.05255,0.0671
1.1,-0.0235,-0.0225,-0.0205,-0.017,-0.013,-0.007,0.0,0.008,0.0175,0.028,0.04,0.0525,0.067
1.11,-0.02355,-0.02255,-0.020550000000000002,-0.017,-0.013,-0.007,0.0,0.008,0.01745,0.028,0.04,0.05245,0.0669
1.12,-0.0236,-0.0226,-0.0206,-0.017,-0.013,-0.007,0.0,0.008,0.0174,0.028,0.04,0.052399999999999995,0.0668
1.1300000000000001,-0.02365,-0.02265,-0.02065,-0.017,-0.013,-0.007,0.0,0.008,0.01735,0.028,0.04,0.05235,0.06670000000000001
1.1400000000000001,-0.0237,-0.022699999999999998,-0.0207,-0.017,-0.013,-0.007,0.0,0.008,0.0173,0.028,0.04,0.0523,0.0666
1.1500000000000001,-0.02375,-0.02275,-0.02075,-0.017,-0.013,-0.007,0.0,0.008,0.01725,0.028,0.04,0.05225,0.0665
1.16,-0.0238,-0.0228,-0.020800000000000003,-0.017,-0.013,-0.007,0.0,0.008,0.0172,0.028,0.04,0.052199999999999996,0.0664
1.17,-0.02385,-0.02285,-0.02085,-0.017,-0.013,-0.007,0.0,0.008,0.017150000000000002,0.028,0.04,0.052149999999999995,0.0663
1.18,-0.0239,-0.0229,-0.020900000000000002,-0.017,-0.013,-0.007,0.0,0.008,0.0171,0.028,0.04,0.0521,0.06620000000000001
1.19,-0.02395,-0.022949999999999998,-0.02095,-0.017,-0.013,-0.007,0.0,0.008,0.017050000000000003,0.028,0.04,0.05205,0.0661
1.2,-0.024,-0.023,-0.021,-0.017,-0.013,-0.007,0.0,0.008,0.017,0.028,0.04,0.052,0.066
1.21,-0.024050000000000002,-0.023025,-0.021025000000000002,-0.017025000000000002,-0.013,-0.007,0.0,0.008,0.017,0.027975,0.039975000000000004,0.051975,0.06595000000000001
1.22,-0.0241,-0.02305,-0.021050000000000003,-0.017050000000000003,-0.013,-0.007,0.0,0.008,0.017,0.02795,0.03995,0.051949999999999996,0.0659
1.23,-0.02415,-0.023075,-0.021075,-0.017075,-0.013,-0.007,0.0,0.008,0.017,0.027925000000000002,0.039925,0.051925,0.06585
1.24,-0.0242,-0.0231,-0.0211,-0.0171,-0.013,-0.007,0.0,0.008,0.017,0.0279,0.0399,0.051899999999999995,0.0658
1.25,-0.02425,-0.023125,-0.021125,-0.017125,-0.013,-0.007,0.0,0.008,0.017,0.027875,0.039875,0.051875,0.06575
1.26,-0.0243,-0.02315,-0.021150000000000002,-0.017150000000000002,-0.013,-0.007,0.0,0.008,0.017,0.02785,0.039850000000000003,0.05185,0.06570000000000001
1.27,-0.02435,-0.023175,-0.021175,-0.017175,-0.013,-0.007,0.0,0.008,0.017,0.027825,0.039825,0.051824999999999996,0.06565
1.28,-0.0244,-0.0232,-0.0212,-0.0172,-0.013,-0.007,0.0,0.008,0.017,0.027800000000000002,0.0398,0.0518,0.0656
1.29,-0.02445,-0.023225,-0.021225,-0.017225,-0.013,-0.007,0.0,0.008,0.017,0.027775,0.039775,0.051774999999999995,0.06555
1.3,-0.0245,-0.02325,-0.02125,-0.01725,-0.013,-0.007,0.0,0.008,0.017,0.02775,0.03975,0.05175,0.0655
1.31,-0.02455,-0.023275,-0.021275000000000002,-0.017275000000000002,-0.013,-0.007,0.0,0.008,0.017,0.027725,0.039725,0.051725,0.06545000000000001
1.32,-0.0246,-0.0233,-0.0213,-0.0173,-0.013,-0.007,0.0,0.008,0.017,0.0277,0.0397,0.051699999999999996,0.0654
1.33,-0.02465,-0.023325,-0.021325,-0.017325,-0.013,-0.007,0.0,0.008,0.017,0.027675,0.039675,0.051675,0.06535
1.34,-0.0247,-0.02335,-0.02135,-0.01735,-0.013,-0.007,0.0,0.008,0.017,0.02765,0.03965,0.051649999999999995,0.0653
1.35,-0.02475,-0.023375,-0.021375,-0.017375,-0.013,-0.007,0.0,0.008,0.017,0.027625,0.039625,0.051625,0.06525
1.36,-0.0248,-0.0234,-0.0214,-0.0174,-0.013,-0.007,0.0,0.008,0.017,0.0276,0.0396,0.0516,0.06520000000000001
1.37,-0.02485,-0.023425,-0.021425,-0.017425,-0.013,-0.007,0.0,0.008,0.017,0.027575,0.039575,0.051574999999999996,0.06515
1.3800000000000001,-0.0249,-0.02345,-0.02145,-0.01745,-0.013,-0.007,0.0,0.008,0.017,0.02755,0.03955,0.05155,0.0651
1.3900000000000001,-0.02495,-0.023475,-0.021475,-0.017475,-0.013,-0.007,0.0,0.008,0.017,0.027525,0.039525,0.051524999999999994,0.06505
1.4000000000000001,-0.025,-0.0235,-0.0215,-0.0175,-0.013,-0.007,0.0,0.008,0.017,0.0275,0.0395,0.0515,0.065
1.41,-0.02505,-0.023525,-0.021525,-0.017525,-0.013,-0.007,0.0,0.008,0.017,0.027475,0.039475,0.051475,0.06495000000000001
1.42,-0.0251,-0.02355,-0.02155,-0.01755,-0.013,-0.007,0.0,0.008,0.017,0.02745,0.03945,0.051449999999999996,0.0649
1.43,-0.02515,-0.023575,-0.021575,-0.017575,-0.013,-0.007,0.0,0.008,0.017,0.027425,0.039425,0.051425,0.06485
1.44,-0.0252,-0.0236,-0.0216,-0.0176,-0.013,-0.007,0.0,0.008,0.017,0.0274,0.0394,0.051399999999999994,0.0648
1.45,-0.025249999999999998,-0.023625,-0.021625,-0.017625,-0.013,-0.007,0.0,0.008,0.017,0.027375,0.039375,0.051375,0.06475
1.46,-0.0253,-0.02365,-0.02165,-0.01765,-0.013,-0.007,0.0,0.008,0.017,0.02735,0.03935,0.05135,0.06470000000000001
1.47,-0.025349999999999998,-0.023675,-0.021675,-0.017675,-0.013,-0.007,0.0,0.008,0.017,0.027325,0.039325,0.051324999999999996,0.06465
1.48,-0.0254,-0.0237,-0.0217,-0.0177,-0.013,-0.007,0.0,0.008,0.017,0.0273,0.0393,0.0513,0.0646
1.49,-0.02545,-0.023725,-0.021725,-0.017724999999999998,-0.013,-0.007,0.0,0.008,0.017,0.027275,0.039275,0.051274999999999994,0.06455
1.5,-0.0255,-0.02375,-0.02175,-0.01775,-0.013,-0.007,0.0,0.008,0.017,0.02725,0.03925,0.05125,0.0645
1.51,-0.02555,-0.023775,-0.021775,-0.017775,-0.013,-0.007,0.0,0.008,0.017,0.027225,0.039225,0.051225,0.06445000000000001
1.52,-0.025599999999999998,-0.0238,-0.0218,-0.0178,-0.013,-0.007,0.0,0.008,0.017,0.0272,0.0392,0.051199999999999996,0.0644
1.53,-0.02565,-0.023825,-0.021825,-0.017825,-0.013,-0.007,0.0,0.008,0.017,0.027175,0.039175,0.051175,0.06435
1.54,-0.0257,-0.02385,-0.021849999999999998,-0.017849999999999998,-0.013,-0.007,0.0,0.008,0.017,0.02715,0.03915,0.051149999999999994,0.0643
1.55,-0.02575,-0.023875,-0.021875,-0.017875,-0.013,-0.007,0.0,0.008,0.017,0.027125,0.039125,0.051125,0.06425
1.56,-0.0258,-0.0239,-0.0219,-0.0179,-0.013,-0.007,0.0,0.008,0.017,0.0271,0.0391,0.0511,0.06420000000000001
1.57,-0.025849999999999998,-0.023925000000000002,-0.021925,-0.017925,-0.013,-0.007,0.0,0.008,0.017,0.027075,0.039075,0.051074999999999995,0.06415
1.58,-0.0259,-0.02395,-0.021949999999999997,-0.017949999999999997,-0.013,-0.007,0.0,0.008,0.017,0.02705,0.03905,0.05105,0.0641
1.59,-0.025949999999999997,-0.023975,-0.021974999999999998,-0.017974999999999998,-0.013,-0.007,0.0,0.008,0.017,0.027025,0.039025,0.051024999999999994,0.06405
1.6,-0.026,-0.024,-0.022,-0.018,-0.013,-0.007,0.0,0.008,0.017,0.027,0.039,0.051,0.064
1.61,-0.02605,-0.024050000000000002,-0.022,-0.018,-0.013,-0.007,0.0,0.008,0.017,0.027,0.03895,0.050949999999999995,0.06395
1.62,-0.026099999999999998,-0.0241,-0.022,-0.018,-0.013,-0.007,0.0,0.008,0.017,0.027,0.0389,0.0509,0.0639
1.6300000000000001,-0.02615,-0.02415,-0.022,-0.018,-0.013,-0.007,0.0,0.008,0.017,0.027,0.03885,0.05085,0.06385
1.6400000000000001,-0.026199999999999998,-0.0242,-0.022,-0.018,-0.013,-0.007,0.0,0.008,0.017,0.027,0.0388,0.0508,0.0638
1.6500000000000001,-0.02625,-0.02425,-0.022,-0.018,-0.013,-0.007,0.0,0.008,0.017,0.027,0.03875,0.050749999999999997,0.06375
1.6600000000000001,-0.0263,-0.024300000000000002,-0.022,-0.018,-0.013,-0.007,0.0,0.008,0.017,0.027,0.0387,0.050699999999999995,0.0637
1.67,-0.02635,-0.02435,-0.022,-0.018,-0.013,-0.007,0.0,0.008,0.017,0.027,0.03865,0.05065,0.06365
1.68,-0.0264,-0.0244,-0.022,-0.018,-0.013,-0.007,0.0,0.008,0.017,0.027,0.0386,0.0506,0.0636
1.69,-0.026449999999999998,-0.02445,-0.022,-0.018,-0.013,-0.007,0.0,0.008,0.017,0.027,0.03855,0.05055,0.06355
1.7,-0.0265,-0.0245,-0.022,-0.018,-0.013,-0.007,0.0,0.008,0.017,0.027,0.0385,0.0505,0.0635
1.71,-0.02655,-0.024550000000000002,-0.022,-0.018,-0.013,-0.007,0.0,0.008,0.017,0.027,0.03845,0.05045,0.06345
1.72,-0.0266,-0.0246,-0.022,-0.018,-0.013,-0.007,0.0,0.008,0.017,0.027,0.0384,0.0504,0.0634
1.73,-0.02665,-0.024650000000000002,-0.022,-0.018,-0.013,-0.007,0.0,0.008,0.017,0.027,0.03835,0.05035,0.06335
1.74,-0.026699999999999998,-0.0247,-0.022,-0.018,-0.013,-0.007,0.0,0.008,0.017,0.027,0.0383,0.0503,0.0633
1.75,-0.02675,-0.02475,-0.022,-0.018,-0.013,-0.007,0.0,0.008,0.017,0.027,0.03825,0.05025,0.06325
1.76,-0.0268,-0.024800000000000003,-0.022,-0.018,-0.013,-0.007,0.0,0.008,0.017,0.027,0.0382,0.0502,0.0632
1.77,-0.02685,-0.02485,-0.022,-0.018,-0.013,-0.007,0.0,0.008,0.017,0.027,0.038149999999999996,0.05015,0.06315
1.78,-0.0269,-0.024900000000000002,-0.022,-0.018,-0.013,-0.007,0.0,0.008,0.017,0.027,0.0381,0.050100000000000006,0.0631
1.79,-0.026949999999999998,-0.02495,-0.022,-0.018,-0.013,-0.007,0.0,0.008,0.017,0.027,0.03805,0.050050000000000004,0.06305
1.8,-0.027,-0.025,-0.022,-0.018,-0.013,-0.007,0.0,0.008,0.017,0.027,0.038,0.05,0.063
1.81,-0.02705,-0.025050000000000003,-0.02205,-0.018,-0.013,-0.007,0.0,0.008,0.017,0.027,0.038,0.04995,0.06295
1.82,-0.0271,-0.0251,-0.022099999999999998,-0.018,-0.013,-0.007,0.0,0.008,0.017,0.027,0.038,0.0499,0.0629
1.83,-0.02715,-0.025150000000000002,-0.02215,-0.018,-0.013,-0.007,0.0,0.008,0.017,0.027,0.038,0.049850000000000005,0.06285
1.84,-0.0272,-0.0252,-0.022199999999999998,-0.018,-0.013,-0.007,0.0,0.008,0.017,0.027,0.038,0.049800000000000004,0.0628
1.85,-0.02725,-0.02525,-0.02225,-0.018,-0.013,-0.007,0.0,0.008,0.017,0.027,0.038,0.04975,0.06275
1.86,-0.0273,-0.0253,-0.0223,-0.018,-0.013,-0.007,0.0,0.008,0.017,0.027,0.038,0.0497,0.0627
1.87,-0.02735,-0.02535,-0.02235,-0.018,-0.013,-0.007,0.0,0.008,0.017,0.027,0.038,0.04965,0.06265
1.8800000000000001,-0.0274,-0.0254,-0.0224,-0.018,-0.013,-0.007,0.0,0.008,0.017,0.027,0.038,0.049600000000000005,0.0626
1.8900000000000001,-0.02745,-0.02545,-0.022449999999999998,-0.018,-0.013,-0.007,0.0,0.008,0.017,0.027,0.038,0.049550000000000004,0.06255
1.9000000000000001,-0.0275,-0.025500000000000002,-0.0225,-0.018,-0.013,-0.007,0.0,0.008,0.017,0.027,0.038,0.0495,0.0625
1.9100000000000001,-0.02755,-0.02555,-0.02255,-0.018,-0.013,-0.007,0.0,0.008,0.017,0.027,0.038,0.04945,0.06245
1.92,-0.0276,-0.0256,-0.0226,-0.018,-0.013,-0.007,0.0,0.008,0.017,0.027,0.038,0.0494,0.0624
1.93,-0.02765,-0.02565,-0.02265,-0.018,-0.013,-0.007,0.0,0.008,0.017,0.027,0.038,0.049350000000000005,0.06235
1.94,-0.0277,-0.0257,-0.022699999999999998,-0.018,-0.013,-0.007,0.0,0.008,0.017,0.027,0.038,0.049300000000000004,0.0623
1.95,-0.02775,-0.02575,-0.02275,-0.018,-0.013,-0.007,0.0,0.008,0.017,0.027,0.038,0.04925,0.06225
1.96,-0.027800000000000002,-0.0258,-0.0228,-0.018,-0.013,-0.007,0.0,0.008,0.017,0.027,0.038,0.0492,0.0622
1.97,-0.02785,-0.025849999999999998,-0.02285,-0.018,-0.013,-0.007,0.0,0.008,0.017,0.027,0.038,0.04915,0.06215
1.98,-0.0279,-0.0259,-0.0229,-0.018,-0.013,-0.007,0.0,0.008,0.017,0.027,0.038,0.049100000000000005,0.0621
1.99,-0.02795,-0.025949999999999997,-0.022949999999999998,-0.018,-0.013,-0.007,0.0,0.008,0.017,0.027,0.038,0.04905,0.06205
2.0,-0.028,-0.026,-0.023,-0.018,-0.013,-0.007,0.0,0.008,0.017,0.027,0.038,0.049,0.062
2.0100000000000002,-0.028050000000000002,-0.02605,-0.023,-0.01805,-0.013,-0.007,0.0,0.008,0.017,0.027,0.03795,0.049,0.06195
2.02,-0.0281,-0.026099999999999998,-0.023,-0.018099999999999998,-0.013,-0.007,0.0,0.008,0.017,0.027,0.037899999999999996,0.049,0.0619
2.0300000000000002,-0.02815,-0.02615,-0.023,-0.01815,-0.013,-0.007,0.0,0.008,0.017,0.027,0.03785,0.049,0.06185
2.04,-0.0282,-0.026199999999999998,-0.023,-0.018199999999999997,-0.013,-0.007,0.0,0.008,0.017,0.027,0.0378,0.049,0.0618
2.05,-0.02825,-0.02625,-0.023,-0.01825,-0.013,-0.007,0.0,0.008,0.017,0.027,0.03775,0.049,0.06175
2.06,-0.028300000000000002,-0.0263,-0.023,-0.0183,-0.013,-0.007,0.0,0.008,0.017,0.027,0.0377,0.049,0.0617
2.07,-0.02835,-0.02635,-0.023,-0.018349999999999998,-0.013,-0.007,0.0,0.008,0.017,0.027,0.037649999999999996,0.049,0.061649999999999996
2.08,-0.0284,-0.0264,-0.023,-0.0184,-0.013,-0.007,0.0,0.008,0.017,0.027,0.0376,0.049,0.0616
2.09,-0.02845,-0.026449999999999998,-0.023,-0.018449999999999998,-0.013,-0.007,0.0,0.008,0.017,0.027,0.03755,0.049,0.06155
2.1,-0.0285,-0.0265,-0.023,-0.0185,-0.013,-0.007,0.0,0.008,0.017,0.027,0.0375,0.049,0.0615
2.11,-0.028550000000000002,-0.02655,-0.023,-0.01855,-0.013,-0.007,0.0,0.008,0.017,0.027,0.03745,0.049,0.06145
2.12,-0.0286,-0.0266,-0.023,-0.0186,-0.013,-0.007,0.0,0.008,0.017,0.027,0.037399999999999996,0.049,0.061399999999999996
2.13,-0.028650000000000002,-0.02665,-0.023,-0.01865,-0.013,-0.007,0.0,0.008,0.017,0.027,0.03735,0.049,0.06135
2.14,-0.0287,-0.026699999999999998,-0.023,-0.018699999999999998,-0.013,-0.007,0.0,0.008,0.017,0.027,0.0373,0.049,0.0613
2.15,-0.02875,-0.02675,-0.023,-0.01875,-0.013,-0.007,0.0,0.008,0.017,0.027,0.03725,0.049,0.06125
2.16,-0.028800000000000003,-0.0268,-0.023,-0.0188,-0.013,-0.007,0.0,0.008,0.017,0.027,0.0372,0.049,0.0612
2.17,-0.02885,-0.02685,-0.023,-0.01885,-0.013,-0.007,0.0,0.008,0.017,0.027,0.037149999999999996,0.049,0.061149999999999996
2.18,-0.028900000000000002,-0.0269,-0.023,-0.0189,-0.013,-0.007,0.0,0.008,0.017,0.027,0.0371,0.049,0.0611
2.19,-0.02895,-0.026949999999999998,-0.023,-0.018949999999999998,-0.013,-0.007,0.0,0.008,0.017,0.027,0.03705,0.049,0.06105
2.2,-0.029,-0.027,-0.023,-0.019,-0.013,-0.007,0.0,0.008,0.017,0.027,0.037,0.049,0.061
2.21,-0.029050000000000003,-0.027,-0.02305,-0.019,-0.013,-0.007,0.0,0.008,0.017,0.026949999999999998,0.037,0.04895,0.06095
2.22,-0.0291,-0.027,-0.0231,-0.019,-0.013,-0.007,0.0,0.008,0.017,0.0269,0.037,0.0489,0.060899999999999996
2.23,-0.029150000000000002,-0.027,-0.02315,-0.019,-0.013,-0.007,0.0,0.008,0.017,0.02685,0.037,0.048850000000000005,0.06085
2.24,-0.0292,-0.027,-0.0232,-0.019,-0.013,-0.007,0.0,0.008,0.017,0.0268,0.037,0.0488,0.0608
2.25,-0.02925,-0.027,-0.02325,-0.019,-0.013,-0.007,0.0,0.008,0.017,0.02675,0.037,0.04875,0.06075
2.2600000000000002,-0.0293,-0.027,-0.0233,-0.019,-0.013,-0.007,0.0,0.008,0.017,0.026699999999999998,0.037,0.0487,0.0607
2.27,-0.02935,-0.027,-0.02335,-0.019,-0.013,-0.007,0.0,0.008,0.017,0.02665,0.037,0.04865,0.060649999999999996
2.2800000000000002,-0.0294,-0.027,-0.0234,-0.019,-0.013,-0.007,0.0,0.008,0.017,0.0266,0.037,0.048600000000000004,0.0606
2.29,-0.02945,-0.027,-0.02345,-0.019,-0.013,-0.007,0.0,0.008,0.017,0.02655,0.037,0.04855,0.06055
2.3000000000000003,-0.0295,-0.027,-0.0235,-0.019,-0.013,-0.007,0.0,0.008,0.017,0.0265,0.037,0.0485,0.0605
2.31,-0.02955,-0.027,-0.02355,-0.019,-0.013,-0.007,0.0,0.008,0.017,0.026449999999999998,0.037,0.04845,0.06045
2.32,-0.0296,-0.027,-0.0236,-0.019,-0.013,-0.007,0.0,0.008,0.017,0.0264,0.037,0.0484,0.060399999999999995
2.33,-0.02965,-0.027,-0.02365,-0.019,-0.013,-0.007,0.0,0.008,0.017,0.02635,0.037,0.048350000000000004,0.06035
2.34,-0.0297,-0.027,-0.0237,-0.019,-0.013,-0.007,0.0,0.008,0.017,0.0263,0.037,0.0483,0.0603
2.35,-0.02975,-0.027,-0.02375,-0.019,-0.013,-0.007,0.0,0.008,0.017,0.02625,0.037,0.04825,0.06025
2.36,-0.0298,-0.027,-0.0238,-0.019,-0.013,-0.007,0.0,0.008,0.017,0.026199999999999998,0.037,0.0482,0.0602
2.37,-0.029849999999999998,-0.027,-0.02385,-0.019,-0.013,-0.007,0.0,0.008,0.017,0.02615,0.037,0.04815,0.060149999999999995
2.38,-0.0299,-0.027,-0.0239,-0.019,-0.013,-0.007,0.0,0.008,0.017,0.026099999999999998,0.037,0.048100000000000004,0.0601
2.39,-0.029949999999999997,-0.027,-0.02395,-0.019,-0.013,-0.007,0.0,0.008,0.017,0.02605,0.037,0.04805,0.06005
2.4,-0.03,-0.027,-0.024,-0.019,-0.013,-0.007,0.0,0.008,0.017,0.026,0.037,0.048,0.06
2.41,-0.03005,-0.02705,-0.024,-0.019,-0.013049999999999999,-0.007,0.0,0.008,0.017,0.026,0.03695,0.04795,0.059949999999999996
2.42,-0.0301,-0.0271,-0.024,-0.019,-0.013099999999999999,-0.007,0.0,0.008,0.017,0.026,0.036899999999999995,0.0479,0.059899999999999995
2.43,-0.03015,-0.02715,-0.024,-0.019,-0.01315,-0.007,0.0,0.008,0.017,0.026,0.03685,0.047850000000000004,0.05985
2.44,-0.030199999999999998,-0.0272,-0.024,-0.019,-0.0132,-0.007,0.0,0.008,0.017,0.026,0.0368,0.0478,0.0598
2.45,-0.03025,-0.02725,-0.024,-0.019,-0.01325,-0.007,0.0,0.008,0.017,0.026,0.03675,0.04775,0.05975
2.46,-0.0303,-0.0273,-0.024,-0.019,-0.0133,-0.007,0.0,0.008,0.017,0.026,0.036699999999999997,0.0477,0.059699999999999996
2.47,-0.03035,-0.02735,-0.024,-0.019,-0.013349999999999999,-0.007,0.0,0.008,0.017,0.026,0.036649999999999995,0.04765,0.059649999999999995
2.48,-0.0304,-0.0274,-0.024,-0.019,-0.0134,-0.007,0.0,0.008,0.017,0.026,0.0366,0.0476,0.0596
2.49,-0.030449999999999998,-0.02745,-0.024,-0.019,-0.01345,-0.007,0.0,0.008,0.017,0.026,0.03655,0.04755,0.05955
2.5,-0.0305,-0.0275,-0.024,-0.019,-0.0135,-0.007,0.0,0.008,0.017,0.026,0.0365,0.0475,0.0595
2.5100000000000002,-0.03055,-0.02755,-0.024,-0.019,-0.01355,-0.007,0.0,0.008,0.017,0.026,0.036449999999999996,0.04745,0.059449999999999996
2.52,-0.0306,-0.0276,-0.024,-0.019,-0.0136,-0.007,0.0,0.008,0.017,0.026,0.036399999999999995,0.0474,0.059399999999999994
2.5300000000000002,-0.03065,-0.02765,-0.024,-0.019,-0.01365,-0.007,0.0,0.008,0.017,0.026,0.03635,0.04735,0.05935
2.54,-0.030699999999999998,-0.0277,-0.024,-0.019,-0.0137,-0.007,0.0,0.008,0.017,0.026,0.0363,0.0473,0.0593
2.5500000000000003,-0.03075,-0.02775,-0.024,-0.019,-0.01375,-0.007,0.0,0.008,0.017,0.026,0.03625,0.04725,0.05925
2.56,-0.0308,-0.027800000000000002,-0.024,-0.019,-0.0138,-0.007,0.0,0.008,0.017,0.026,0.036199999999999996,0.0472,0.059199999999999996
2.57,-0.03085,-0.02785,-0.024,-0.019,-0.01385,-0.007,0.0,0.008,0.017,0.026,0.036149999999999995,0.04715,0.059149999999999994
2.58,-0.0309,-0.0279,-0.024,-0.019,-0.013900000000000001,-0.007,0.0,0.008,0.017,0.026,0.0361,0.0471,0.0591
2.59,-0.03095,-0.02795,-0.024,-0.019,-0.01395,-0.007,0.0,0.008,0.017,0.026,0.03605,0.04705,0.05905
2.6,-0.031,-0.028,-0.024,-0.019,-0.014,-0.007,0.0,0.008,0.017,0.026,0.036,0.047,0.059
2.61,-0.031075,-0.028050000000000002,-0.024025,-0.019025,-0.014,-0.007,0.0,0.008,0.016975,0.025974999999999998,0.035975,0.04695,0.058925
2.62,-0.03115,-0.0281,-0.024050000000000002,-0.01905,-0.014,-0.007,0.0,0.008,0.01695,0.025949999999999997,0.035949999999999996,0.0469,0.05885
2.63,-0.031225,-0.02815,-0.024075,-0.019074999999999998,-0.014,-0.007,0.0,0.008,0.016925000000000003,0.025925,0.035925,0.04685,0.058774999999999994
2.64,-0.0313,-0.0282,-0.0241,-0.0191,-0.014,-0.007,0.0,0.008,0.016900000000000002,0.0259,0.0359,0.0468,0.058699999999999995
2.65,-0.031375,-0.02825,-0.024125,-0.019125,-0.014,-0.007,0.0,0.008,0.016875,0.025875,0.035875,0.04675,0.058625
2.66,-0.03145,-0.0283,-0.02415,-0.01915,-0.014,-0.007,0.0,0.008,0.01685,0.025849999999999998,0.03585,0.0467,0.05855
2.67,-0.031525,-0.02835,-0.024175000000000002,-0.019175,-0.014,-0.007,0.0,0.008,0.016825,0.025825,0.035824999999999996,0.04665,0.058475
2.68,-0.0316,-0.0284,-0.0242,-0.0192,-0.014,-0.007,0.0,0.008,0.016800000000000002,0.0258,0.0358,0.0466,0.0584
2.69,-0.031675,-0.02845,-0.024225,-0.019225,-0.014,-0.007,0.0,0.008,0.016775,0.025775,0.035775,0.04655,0.058324999999999995
2.7,-0.03175,-0.0285,-0.02425,-0.01925,-0.014,-0.007,0.0,0.008,0.01675,0.02575,0.03575,0.0465,0.058249999999999996
2.71,-0.031825,-0.02855,-0.024275,-0.019275,-0.014,-0.007,0.0,0.008,0.016725,0.025724999999999998,0.035725,0.04645,0.058175
2.72,-0.0319,-0.0286,-0.024300000000000002,-0.0193,-0.014,-0.007,0.0,0.008,0.0167,0.0257,0.035699999999999996,0.0464,0.0581
2.73,-0.031975,-0.02865,-0.024325,-0.019325,-0.014,-0.007,0.0,0.008,0.016675000000000002,0.025675,0.035675,0.04635,0.058025
2.74,-0.03205,-0.0287,-0.02435,-0.01935,-0.014,-0.007,0.0,0.008,0.01665,0.02565,0.03565,0.0463,0.05795
2.75,-0.032125,-0.02875,-0.024375,-0.019375,-0.014,-0.007,0.0,0.008,0.016625,0.025625,0.035625,0.04625,0.057874999999999996
2.7600000000000002,-0.0322,-0.0288,-0.0244,-0.0194,-0.014,-0.007,0.0,0.008,0.0166,0.0256,0.0356,0.0462,0.0578
2.77,-0.032275,-0.02885,-0.024425000000000002,-0.019425,-0.014,-0.007,0.0,0.008,0.016575,0.025575,0.035575,0.04615,0.057725
2.7800000000000002,-0.032350000000000004,-0.0289,-0.02445,-0.01945,-0.014,-0.007,0.0,0.008,0.016550000000000002,0.02555,0.03555,0.0461,0.05765
2.79,-0.032425,-0.02895,-0.024475,-0.019475,-0.014,-0.007,0.0,0.008,0.016525,0.025525,0.035525,0.04605,0.057575
2.8000000000000003,-0.0325,-0.028999999999999998,-0.0245,-0.0195,-0.014,-0.007,0.0,0.008,0.0165,0.025500000000000002,0.035500000000000004,0.046,0.057499999999999996
2.81,-0.032575,-0.02905,-0.024525,-0.019525,-0.014,-0.007,0.0,0.008,0.016475,0.025475,0.035475,0.04595,0.057425
2.82,-0.03265,-0.0291,-0.024550000000000002,-0.01955,-0.014,-0.007,0.0,0.008,0.01645,0.02545,0.03545,0.045899999999999996,0.05735
2.83,-0.032725000000000004,-0.02915,-0.024575,-0.019575,-0.014,-0.007,0.0,0.008,0.016425000000000002,0.025425,0.035425,0.04585,0.057275
2.84,-0.0328,-0.0292,-0.0246,-0.0196,-0.014,-0.007,0.0,0.008,0.0164,0.0254,0.0354,0.0458,0.0572
2.85,-0.032875,-0.029249999999999998,-0.024625,-0.019625,-0.014,-0.007,0.0,0.008,0.016375,0.025375,0.035375000000000004,0.04575,0.057125
2.86,-0.03295,-0.0293,-0.024650000000000002,-0.01965,-0.014,-0.007,0.0,0.008,0.01635,0.02535,0.03535,0.0457,0.05705
2.87,-0.033025,-0.02935,-0.024675000000000002,-0.019675,-0.014,-0.007,0.0,0.008,0.016325,0.025325,0.035325,0.045649999999999996,0.056975
2.88,-0.033100000000000004,-0.0294,-0.0247,-0.0197,-0.014,-0.007,0.0,0.008,0.016300000000000002,0.0253,0.0353,0.0456,0.0569
2.89,-0.033175,-0.02945,-0.024725,-0.019725,-0.014,-0.007,0.0,0.008,0.016275,0.025275,0.035275,0.04555,0.056825
2.9,-0.03325,-0.0295,-0.02475,-0.01975,-0.014,-0.007,0.0,0.008,0.01625,0.02525,0.035250000000000004,0.0455,0.05675
2.91,-0.033325,-0.02955,-0.024775000000000002,-0.019775,-0.014,-0.007,0.0,0.008,0.016225,0.025225,0.035225,0.04545,0.056675
2.92,-0.0334,-0.029599999999999998,-0.024800000000000003,-0.0198,-0.014,-0.007,0.0,0.008,0.0162,0.0252,0.0352,0.045399999999999996,0.0566
2.93,-0.033475000000000005,-0.02965,-0.024825,-0.019825,-0.014,-0.007,0.0,0.008,0.016175000000000002,0.025175,0.035175000000000005,0.04535,0.056525
2.94,-0.03355,-0.029699999999999997,-0.02485,-0.01985,-0.014,-0.007,0.0,0.008,0.01615,0.025150000000000002,0.03515,0.0453,0.05645
2.95,-0.033625,-0.02975,-0.024875,-0.019875,-0.014,-0.007,0.0,0.008,0.016125,0.025125,0.035125,0.04525,0.056375
2.96,-0.0337,-0.0298,-0.024900000000000002,-0.0199,-0.014,-0.007,0.0,0.008,0.0161,0.0251,0.035100000000000006,0.0452,0.0563
2.97,-0.033775,-0.029849999999999998,-0.024925000000000003,-0.019925000000000002,-0.014,-0.007,0.0,0.008,0.016075,0.025075,0.035075,0.045149999999999996,0.056225
2.98,-0.033850000000000005,-0.0299,-0.02495,-0.01995,-0.014,-0.007,0.0,0.008,0.016050000000000002,0.025050000000000003,0.035050000000000005,0.0451,0.05615
2.99,-0.033925000000000004,-0.029949999999999997,-0.024975,-0.019975,-0.014,-0.007,0.0,0.008,0.016025,0.025025000000000002,0.035025,0.04505,0.056075
3.0,-0.034,-0.03,-0.025,-0.02,-0.014,-0.007,0.0,0.008,0.016,0.025,0.035,0.045,0.056
3.0100000000000002,-0.034050000000000004,-0.03,-0.025,-0.02,-0.014,-0.007,0.0,0.008,0.016,0.025,0.035,0.045,0.05595
3.02,-0.034100000000000005,-0.03,-0.025,-0.02,-0.014,-0.007,0.0,0.008,0.016,0.025,0.035,0.045,0.0559
3.0300000000000002,-0.03415,-0.03,-0.025,-0.02,-0.014,-0.007,0.0,0.008,0.016,0.025,0.035,0.045,0.055850000000000004
3.04,-0.0342,-0.03,-0.025,-0.02,-0.014,-0.007,0.0,0.008,0.016,0.025,0.035,0.045,0.0558
3.0500000000000003,-0.03425,-0.03,-0.025,-0.02,-0.014,-0.007,0.0,0.008,0.016,0.025,0.035,0.045,0.05575
3.06,-0.034300000000000004,-0.03,-0.025,-0.02,-0.014,-0.007,0.0,0.008,0.016,0.025,0.035,0.045,0.0557
3.0700000000000003,-0.034350000000000006,-0.03,-0.025,-0.02,-0.014,-0.007,0.0,0.008,0.016,0.025,0.035,0.045,0.05565
3.08,-0.0344,-0.03,-0.025,-0.02,-0.014,-0.007,0.0,0.008,0.016,0.025,0.035,0.045,0.055600000000000004
3.09,-0.03445,-0.03,-0.025,-0.02,-0.014,-0.007,0.0,0.008,0.016,0.025,0.035,0.045,0.05555
3.1,-0.0345,-0.03,-0.025,-0.02,-0.014,-0.007,0.0,0.008,0.016,0.025,0.035,0.045,0.0555
3.11,-0.034550000000000004,-0.03,-0.025,-0.02,-0.014,-0.007,0.0,0.008,0.016,0.025,0.035,0.045,0.05545
3.12,-0.034600000000000006,-0.03,-0.025,-0.02,-0.014,-0.007,0.0,0.008,0.016,0.025,0.035,0.045,0.0554
3.13,-0.03465,-0.03,-0.025,-0.02,-0.014,-0.007,0.0,0.008,0.016,0.025,0.035,0.045,0.05535
3.14,-0.0347,-0.03,-0.025,-0.02,-0.014,-0.007,0.0,0.008,0.016,0.025,0.035,0.045,0.0553
3.15,-0.03475,-0.03,-0.025,-0.02,-0.014,-0.007,0.0,0.008,0.016,0.025,0.035,0.045,0.05525
3.16,-0.034800000000000005,-0.03,-0.025,-0.02,-0.014,-0.007,0.0,0.008,0.016,0.025,0.035,0.045,0.0552
3.17,-0.034850000000000006,-0.03,-0.025,-0.02,-0.014,-0.007,0.0,0.008,0.016,0.025,0.035,0.045,0.05515
3.18,-0.0349,-0.03,-0.025,-0.02,-0.014,-0.007,0.0,0.008,0.016,0.025,0.035,0.045,0.0551
3.19,-0.03495,-0.03,-0.025,-0.02,-0.014,-0.007,0.0,0.008,0.016,0.025,0.035,0.045,0.05505
3.2,-0.035,-0.03,-0.025,-0.02,-0.014,-0.007,0.0,0.008,0.016,0.025,0.035,0.045,0.055
3.21,-0.035050000000000005,-0.03005,-0.025050000000000003,-0.02,-0.014,-0.007,0.0,0.008,0.016,0.025,0.03495,0.04495,0.05495
3.22,-0.035100000000000006,-0.0301,-0.0251,-0.02,-0.014,-0.007,0.0,0.008,0.016,0.025,0.0349,0.044899999999999995,0.0549
3.23,-0.03515,-0.03015,-0.025150000000000002,-0.02,-0.014,-0.007,0.0,0.008,0.016,0.025,0.034850000000000006,0.04485,0.05485
3.24,-0.0352,-0.030199999999999998,-0.0252,-0.02,-0.014,-0.007,0.0,0.008,0.016,0.025,0.034800000000000005,0.0448,0.0548
3.25,-0.035250000000000004,-0.03025,-0.02525,-0.02,-0.014,-0.007,0.0,0.008,0.016,0.025,0.03475,0.04475,0.05475
3.2600000000000002,-0.0353,-0.0303,-0.0253,-0.02,-0.014,-0.007,0.0,0.008,0.016,0.025,0.0347,0.0447,0.0547
3.27,-0.03535,-0.03035,-0.02535,-0.02,-0.014,-0.007,0.0,0.008,0.016,0.025,0.03465,0.044649999999999995,0.05465
3.2800000000000002,-0.0354,-0.0304,-0.0254,-0.02,-0.014,-0.007,0.0,0.008,0.016,0.025,0.034600000000000006,0.0446,0.0546
3.29,-0.03545,-0.030449999999999998,-0.02545,-0.02,-0.014,-0.007,0.0,0.008,0.016,0.025,0.034550000000000004,0.04455,0.05455
3.3000000000000003,-0.035500000000000004,-0.0305,-0.025500000000000002,-0.02,-0.014,-0.007,0.0,0.008,0.016,0.025,0.0345,0.0445,0.0545
3.31,-0.03555,-0.03055,-0.02555,-0.02,-0.014,-0.007,0.0,0.008,0.016,0.025,0.03445,0.044449999999999996,0.05445
3.3200000000000003,-0.0356,-0.0306,-0.0256,-0.02,-0.014,-0.007,0.0,0.008,0.016,0.025,0.0344,0.044399999999999995,0.0544
3.33,-0.03565,-0.03065,-0.02565,-0.02,-0.014,-0.007,0.0,0.008,0.016,0.025,0.034350000000000006,0.04435,0.05435
3.34,-0.035699999999999996,-0.030699999999999998,-0.0257,-0.02,-0.014,-0.007,0.0,0.008,0.016,0.025,0.034300000000000004,0.0443,0.0543
3.35,-0.03575,-0.03075,-0.02575,-0.02,-0.014,-0.007,0.0,0.008,0.016,0.025,0.03425,0.04425,0.05425
3.36,-0.0358,-0.0308,-0.0258,-0.02,-0.014,-0.007,0.0,0.008,0.016,0.025,0.0342,0.044199999999999996,0.0542
3.37,-0.03585,-0.03085,-0.025849999999999998,-0.02,-0.014,-0.007,0.0,0.008,0.016,0.025,0.03415,0.044149999999999995,0.05415
3.38,-0.0359,-0.0309,-0.0259,-0.02,-0.014,-0.007,0.0,0.008,0.016,0.025,0.034100000000000005,0.0441,0.0541
3.39,-0.035949999999999996,-0.03095,-0.025949999999999997,-0.02,-0.014,-0.007,0.0,0.008,0.016,0.025,0.034050000000000004,0.04405,0.05405
3.4,-0.036,-0.031,-0.026,-0.02,-0.014,-0.007,0.0,0.008,0.016,0.025,0.034,0.044,0.054
3.41,-0.03605,-0.03105,-0.026,-0.020050000000000002,-0.014,-0.007,0.0,0.008,0.016,0.025,0.034,0.043949999999999996,0.05395
3.42,-0.0361,-0.0311,-0.026,-0.0201,-0.014,-0.007,0.0,0.008,0.016,0.025,0.034,0.043899999999999995,0.053899999999999997
3.43,-0.036149999999999995,-0.03115,-0.026,-0.02015,-0.014,-0.007,0.0,0.008,0.016,0.025,0.034,0.04385,0.05385
3.44,-0.036199999999999996,-0.0312,-0.026,-0.0202,-0.014,-0.007,0.0,0.008,0.016,0.025,0.034,0.0438,0.0538
3.45,-0.03625,-0.03125,-0.026,-0.02025,-0.014,-0.007,0.0,0.008,0.016,0.025,0.034,0.04375,0.05375
3.46,-0.0363,-0.0313,-0.026,-0.020300000000000002,-0.014,-0.007,0.0,0.008,0.016,0.025,0.034,0.043699999999999996,0.0537
3.47,-0.03635,-0.03135,-0.026,-0.02035,-0.014,-0.007,0.0,0.008,0.016,0.025,0.034,0.043649999999999994,0.053649999999999996
3.48,-0.036399999999999995,-0.0314,-0.026,-0.0204,-0.014,-0.007,0.0,0.008,0.016,0.025,0.034,0.0436,0.0536
3.49,-0.036449999999999996,-0.03145,-0.026,-0.02045,-0.014,-0.007,0.0,0.008,0.016,0.025,0.034,0.04355,0.05355
3.5,-0.0365,-0.0315,-0.026,-0.0205,-0.014,-0.007,0.0,0.008,0.016,0.025,0.034,0.0435,0.0535
3.5100000000000002,-0.03655,-0.03155,-0.026,-0.020550000000000002,-0.014,-0.007,0.0,0.008,0.016,0.025,0.034,0.043449999999999996,0.05345
3.52,-0.0366,-0.0316,-0.026,-0.0206,-0.014,-0.007,0.0,0.008,0.016,0.025,0.034,0.043399999999999994,0.053399999999999996
3.5300000000000002,-0.036649999999999995,-0.03165,-0.026,-0.02065,-0.014,-0.007,0.0,0.008,0.016,0.025,0.034,0.04335,0.05335
3.54,-0.036699999999999997,-0.0317,-0.026,-0.0207,-0.014,-0.007,0.0,0.008,0.016,0.025,0.034,0.0433,0.0533
3.5500000000000003,-0.03675,-0.03175,-0.026,-0.02075,-0.014,-0.007,0.0,0.008,0.016,0.025,0.034,0.04325,0.05325
3.56,-0.0368,-0.0318,-0.026,-0.020800000000000003,-0.014,-0.007,0.0,0.008,0.016,0.025,0.034,0.043199999999999995,0.0532
3.5700000000000003,-0.03685,-0.03185,-0.026,-0.02085,-0.014,-0.007,0.0,0.008,0.016,0.025,0.034,0.043149999999999994,0.053149999999999996
3.58,-0.036899999999999995,-0.0319,-0.026,-0.020900000000000002,-0.014,-0.007,0.0,0.008,0.016,0.025,0.034,0.0431,0.0531
3.59,-0.03695,-0.03195,-0.026,-0.02095,-0.014,-0.007,0.0,0.008,0.016,0.025,0.034,0.04305,0.05305
3.6,-0.037,-0.032,-0.026,-0.021,-0.014,-0.007,0.0,0.008,0.016,0.025,0.034,0.043,0.053
3.61,-0.03705,-0.032025,-0.026025,-0.021,-0.014,-0.007,0.0,0.008,0.016,0.024975,0.033975000000000005,0.042975,0.05295
3.62,-0.0371,-0.03205,-0.02605,-0.021,-0.014,-0.007,0.0,0.008,0.016,0.02495,0.03395,0.042949999999999995,0.052899999999999996
3.63,-0.037149999999999996,-0.032075,-0.026074999999999997,-0.021,-0.014,-0.007,0.0,0.008,0.016,0.024925000000000003,0.033925000000000004,0.042925,0.05285
3.64,-0.0372,-0.032100000000000004,-0.026099999999999998,-0.021,-0.014,-0.007,0.0,0.008,0.016,0.024900000000000002,0.0339,0.042899999999999994,0.0528
3.65,-0.03725,-0.032125,-0.026125,-0.021,-0.014,-0.007,0.0,0.008,0.016,0.024875,0.033875,0.042874999999999996,0.05275
3.66,-0.0373,-0.03215,-0.02615,-0.021,-0.014,-0.007,0.0,0.008,0.016,0.02485,0.033850000000000005,0.04285,0.0527
3.67,-0.03735,-0.032175,-0.026175,-0.021,-0.014,-0.007,0.0,0.008,0.016,0.024825,0.033825,0.042824999999999995,0.052649999999999995
3.68,-0.037399999999999996,-0.0322,-0.026199999999999998,-0.021,-0.014,-0.007,0.0,0.008,0.016,0.024800000000000003,0.033800000000000004,0.0428,0.0526
3.69,-0.03745,-0.032225000000000004,-0.026225,-0.021,-0.014,-0.007,0.0,0.008,0.016,0.024775000000000002,0.033775,0.042775,0.05255
3.7,-0.0375,-0.03225,-0.02625,-0.021,-0.014,-0.007,0.0,0.008,0.016,0.02475,0.03375,0.042749999999999996,0.0525
3.71,-0.03755,-0.032275,-0.026275,-0.021,-0.014,-0.007,0.0,0.008,0.016,0.024725,0.033725000000000005,0.042725,0.05245
3.72,-0.0376,-0.0323,-0.0263,-0.021,-0.014,-0.007,0.0,0.008,0.016,0.0247,0.0337,0.0427,0.052399999999999995
3.73,-0.037649999999999996,-0.032325,-0.026324999999999998,-0.021,-0.014,-0.007,0.0,0.008,0.016,0.024675000000000002,0.033675000000000004,0.042675,0.05235
3.74,-0.0377,-0.032350000000000004,-0.02635,-0.021,-0.014,-0.007,0.0,0.008,0.016,0.024650000000000002,0.03365,0.04265,0.0523
3.75,-0.03775,-0.032375,-0.026375,-0.021,-0.014,-0.007,0.0,0.008,0.016,0.024625,0.033625,0.042624999999999996,0.05225
3.7600000000000002,-0.0378,-0.0324,-0.0264,-0.021,-0.014,-0.007,0.0,0.008,0.016,0.0246,0.033600000000000005,0.0426,0.052199999999999996
3.77,-0.03785,-0.032425,-0.026425,-0.021,-0.014,-0.007,0.0,0.008,0.016,0.024575,0.033575,0.042575,0.052149999999999995
3.7800000000000002,-0.037899999999999996,-0.03245,-0.026449999999999998,-0.021,-0.014,-0.007,0.0,0.008,0.016,0.024550000000000002,0.03355,0.04255,0.0521
3.79,-0.03795,-0.032475000000000004,-0.026475,-0.021,-0.014,-0.007,0.0,0.008,0.016,0.024525,0.033525,0.042525,0.05205
3.8000000000000003,-0.038,-0.0325,-0.0265,-0.021,-0.014,-0.007,0.0,0.008,0.016,0.0245,0.0335,0.042499999999999996,0.052
3.81,-0.03805,-0.032525,-0.026525,-0.021,-0.014,-0.007,0.0,0.008,0.016,0.024475,0.033475000000000005,0.042475,0.051949999999999996
3.8200000000000003,-0.0381,-0.03255,-0.02655,-0.021,-0.014,-0.007,0.0,0.008,0.016,0.02445,0.03345,0.04245,0.051899999999999995
3.83,-0.038149999999999996,-0.032575,-0.026574999999999998,-0.021,-0.014,-0.007,0.0,0.008,0.016,0.024425000000000002,0.033425,0.042425,0.05185
3.84,-0.0382,-0.032600000000000004,-0.0266,-0.021,-0.014,-0.007,0.0,0.008,0.016,0.0244,0.0334,0.0424,0.0518
3.85,-0.03825,-0.032625,-0.026625,-0.021,-0.014,-0.007,0.0,0.008,0.016,0.024375,0.033375,0.042375,0.05175
3.86,-0.0383,-0.03265,-0.02665,-0.021,-0.014,-0.007,0.0,0.008,0.016,0.02435,0.033350000000000005,0.04235,0.051699999999999996
3.87,-0.03835,-0.032675,-0.026675,-0.021,-0.014,-0.007,0.0,0.008,0.016,0.024325,0.033325,0.042325,0.051649999999999995
3.88,-0.0384,-0.0327,-0.026699999999999998,-0.021,-0.014,-0.007,0.0,0.008,0.016,0.024300000000000002,0.0333,0.042300000000000004,0.0516
3.89,-0.03845,-0.032725000000000004,-0.026725,-0.021,-0.014,-0.007,0.0,0.008,0.016,0.024275,0.033275,0.042275,0.05155
3.9,-0.0385,-0.03275,-0.02675,-0.021,-0.014,-0.007,0.0,0.008,0.016,0.02425,0.03325,0.04225,0.0515
3.91,-0.03855,-0.032775,-0.026775,-0.021,-0.014,-0.007,0.0,0.008,0.016,0.024225,0.033225000000000005,0.042225,0.051449999999999996
3.92,-0.0386,-0.0328,-0.0268,-0.021,-0.014,-0.007,0.0,0.008,0.016,0.0242,0.0332,0.0422,0.051399999999999994
3.93,-0.03865,-0.032825,-0.026824999999999998,-0.021,-0.014,-0.007,0.0,0.008,0.016,0.024175000000000002,0.033175,0.042175000000000004,0.05135
3.94,-0.0387,-0.032850000000000004,-0.02685,-0.021,-0.014,-0.007,0.0,0.008,0.016,0.02415,0.03315,0.04215,0.0513
3.95,-0.03875,-0.032875,-0.026875,-0.021,-0.014,-0.007,0.0,0.008,0.016,0.024125,0.033125,0.042125,0.05125
3.96,-0.0388,-0.0329,-0.0269,-0.021,-0.014,-0.007,0.0,0.008,0.016,0.0241,0.033100000000000004,0.0421,0.051199999999999996
3.97,-0.03885,-0.032925,-0.026925,-0.021,-0.014,-0.007,0.0,0.008,0.016,0.024075,0.033075,0.042075,0.051149999999999994
3.98,-0.0389,-0.03295,-0.026949999999999998,-0.021,-0.014,-0.007,0.0,0.008,0.016,0.024050000000000002,0.03305,0.042050000000000004,0.0511
3.99,-0.03895,-0.032975000000000004,-0.026975,-0.021,-0.014,-0.007,0.0,0.008,0.016,0.024025,0.033025,0.042025,0.05105
4.0,-0.039,-0.033,-0.027,-0.021,-0.014,-0.007,0.0,0.008,0.016,0.024,0.033,0.042,0.051
4.01,-0.03906,-0.03304,-0.02703,-0.02101,-0.01401,-0.00701,0.0,0.008,0.01599,0.02399,0.03297,0.041960000000000004,0.05094
4.0200000000000005,-0.03912,-0.03308,-0.02706,-0.02102,-0.01402,-0.00702,0.0,0.008,0.01598,0.02398,0.032940000000000004,0.041920000000000006,0.050879999999999995
4.03,-0.03918,-0.033120000000000004,-0.02709,-0.02103,-0.01403,-0.00703,0.0,0.008,0.01597,0.02397,0.03291,0.04188,0.05082
4.04,-0.03924,-0.03316,-0.02712,-0.02104,-0.01404,-0.00704,0.0,0.008,0.015960000000000002,0.023960000000000002,0.03288,0.04184,0.05076
4.05,-0.0393,-0.0332,-0.02715,-0.021050000000000003,-0.01405,-0.00705,0.0,0.008,0.01595,0.02395,0.032850000000000004,0.041800000000000004,0.050699999999999995
4.0600000000000005,-0.03936,-0.03324,-0.02718,-0.021060000000000002,-0.01406,-0.00706,0.0,0.008,0.01594,0.02394,0.03282,0.041760000000000005,0.05064
4.07,-0.03942,-0.033280000000000004,-0.027209999999999998,-0.021070000000000002,-0.014070000000000001,-0.00707,0.0,0.008,0.01593,0.02393,0.03279,0.04172,0.05058
4.08,-0.03948,-0.03332,-0.02724,-0.02108,-0.01408,-0.00708,0.0,0.008,0.01592,0.02392,0.032760000000000004,0.04168,0.050519999999999995
4.09,-0.03954,-0.03336,-0.02727,-0.02109,-0.01409,-0.00709,0.0,0.008,0.01591,0.02391,0.03273,0.04164,0.05046
4.1,-0.039599999999999996,-0.0334,-0.027299999999999998,-0.0211,-0.0141,-0.0071,0.0,0.008,0.0159,0.0239,0.0327,0.041600000000000005,0.0504
4.11,-0.03966,-0.033440000000000004,-0.02733,-0.02111,-0.014110000000000001,-0.00711,0.0,0.008,0.01589,0.02389,0.032670000000000005,0.04156,0.050339999999999996
4.12,-0.03972,-0.03348,-0.02736,-0.02112,-0.01412,-0.0071200000000000005,0.0,0.008,0.015880000000000002,0.023880000000000002,0.03264,0.04152,0.05028
4.13,-0.03978,-0.03352,-0.02739,-0.02113,-0.01413,-0.00713,0.0,0.008,0.01587,0.02387,0.03261,0.04148,0.050219999999999994
4.14,-0.03984,-0.03356,-0.02742,-0.021140000000000003,-0.01414,-0.0071400000000000005,0.0,0.008,0.01586,0.02386,0.03258,0.041440000000000005,0.050159999999999996
4.15,-0.0399,-0.0336,-0.02745,-0.021150000000000002,-0.01415,-0.00715,0.0,0.008,0.01585,0.02385,0.03255,0.0414,0.0501
4.16,-0.03996,-0.03364,-0.02748,-0.02116,-0.01416,-0.0071600000000000006,0.0,0.008,0.01584,0.02384,0.03252,0.04136,0.050039999999999994
4.17,-0.04002,-0.03368,-0.02751,-0.02117,-0.01417,-0.00717,0.0,0.008,0.01583,0.02383,0.03249,0.04132,0.04998
4.18,-0.04008,-0.03372,-0.02754,-0.02118,-0.01418,-0.00718,0.0,0.008,0.01582,0.02382,0.03246,0.041280000000000004,0.04992
4.19,-0.04014,-0.03376,-0.02757,-0.02119,-0.01419,-0.00719,0.0,0.008,0.01581,0.02381,0.03243,0.04124,0.049859999999999995
4.2,-0.0402,-0.033800000000000004,-0.0276,-0.0212,-0.0142,-0.0072,0.0,0.008,0.0158,0.0238,0.0324,0.0412,0.0498
4.21,-0.04026,-0.03384,-0.02763,-0.02121,-0.01421,-0.00721,0.0,0.008,0.01579,0.02379,0.03237,0.04116,0.04974
4.22,-0.04032,-0.03388,-0.02766,-0.02122,-0.01422,-0.00722,0.0,0.008,0.01578,0.02378,0.03234,0.041120000000000004,0.049679999999999995
4.23,-0.04038,-0.03392,-0.02769,-0.021230000000000002,-0.01423,-0.00723,0.0,0.008,0.01577,0.02377,0.03231,0.04108,0.04962
4.24,-0.04044,-0.033960000000000004,-0.027719999999999998,-0.021240000000000002,-0.014240000000000001,-0.00724,0.0,0.008,0.01576,0.02376,0.03228,0.04104,0.04956
4.25,-0.0405,-0.034,-0.02775,-0.02125,-0.01425,-0.00725,0.0,0.008,0.01575,0.02375,0.03225,0.041,0.049499999999999995
4.26,-0.04056,-0.03404,-0.02778,-0.02126,-0.01426,-0.00726,0.0,0.008,0.01574,0.02374,0.03222,0.04096,0.04944
4.2700000000000005,-0.040619999999999996,-0.03408,-0.027809999999999998,-0.02127,-0.01427,-0.00727,0.0,0.008,0.01573,0.02373,0.03219,0.04092,0.04938
4.28,-0.04068,-0.03412,-0.02784,-0.02128,-0.01428,-0.00728,0.0,0.008,0.01572,0.02372,0.03216,0.04088,0.049319999999999996
4.29,-0.04074,-0.03416,-0.02787,-0.02129,-0.01429,-0.0072900000000000005,0.0,0.008,0.015710000000000002,0.023710000000000002,0.03213,0.04084,0.04926
4.3,-0.0408,-0.0342,-0.0279,-0.0213,-0.0143,-0.0073,0.0,0.008,0.0157,0.0237,0.032100000000000004,0.0408,0.049199999999999994
4.3100000000000005,-0.04086,-0.03424,-0.02793,-0.02131,-0.01431,-0.0073100000000000005,0.0,0.008,0.01569,0.02369,0.03207,0.040760000000000005,0.049139999999999996
4.32,-0.04092,-0.03428,-0.02796,-0.021320000000000002,-0.01432,-0.00732,0.0,0.008,0.01568,0.02368,0.03204,0.04072,0.04908
4.33,-0.04098,-0.03432,-0.02799,-0.021330000000000002,-0.01433,-0.007330000000000001,0.0,0.008,0.01567,0.02367,0.032010000000000004,0.04068,0.049019999999999994
4.34,-0.04104,-0.03436,-0.02802,-0.02134,-0.01434,-0.00734,0.0,0.008,0.01566,0.02366,0.03198,0.04064,0.04896
4.3500000000000005,-0.0411,-0.0344,-0.02805,-0.02135,-0.01435,-0.007350000000000001,0.0,0.008,0.01565,0.02365,0.03195,0.040600000000000004,0.0489
4.36,-0.04116,-0.03444,-0.02808,-0.02136,-0.01436,-0.00736,0.0,0.008,0.01564,0.02364,0.031920000000000004,0.04056,0.048839999999999995
4.37,-0.04122,-0.034480000000000004,-0.02811,-0.02137,-0.01437,-0.00737,0.0,0.008,0.01563,0.02363,0.03189,0.04052,0.04878
4.38,-0.04128,-0.03452,-0.02814,-0.02138,-0.01438,-0.00738,0.0,0.008,0.01562,0.02362,0.03186,0.04048,0.04872
4.39,-0.04134,-0.03456,-0.02817,-0.02139,-0.01439,-0.00739,0.0,0.008,0.01561,0.02361,0.03183,0.040440000000000004,0.048659999999999995
4.4,-0.0414,-0.0346,-0.0282,-0.0214,-0.0144,-0.0074,0.0,0.008,0.0156,0.0236,0.0318,0.0404,0.0486
4.41,-0.04146,-0.03464,-0.028229999999999998,-0.02141,-0.01441,-0.00741,0.0,0.008,0.01559,0.02359,0.03177,0.04036,0.04854
4.42,-0.04152,-0.03468,-0.02826,-0.02142,-0.01442,-0.00742,0.0,0.008,0.01558,0.02358,0.03174,0.04032,0.048479999999999995
4.43,-0.04158,-0.03472,-0.02829,-0.02143,-0.01443,-0.00743,0.0,0.008,0.01557,0.02357,0.03171,0.04028,0.04842
4.44,-0.041639999999999996,-0.03476,-0.028319999999999998,-0.02144,-0.01444,-0.00744,0.0,0.008,0.01556,0.02356,0.03168,0.04024,0.04836
4.45,-0.0417,-0.0348,-0.02835,-0.02145,-0.01445,-0.00745,0.0,0.008,0.01555,0.02355,0.03165,0.0402,0.048299999999999996
4.46,-0.04176,-0.03484,-0.02838,-0.02146,-0.01446,-0.0074600000000000005,0.0,0.008,0.01554,0.02354,0.03162,0.04016,0.04824
4.47,-0.041819999999999996,-0.03488,-0.028409999999999998,-0.02147,-0.01447,-0.00747,0.0,0.008,0.01553,0.02353,0.03159,0.04012,0.04818
4.48,-0.04188,-0.03492,-0.02844,-0.02148,-0.01448,-0.0074800000000000005,0.0,0.008,0.015519999999999999,0.02352,0.03156,0.04008,0.048119999999999996
4.49,-0.04194,-0.03496,-0.02847,-0.02149,-0.01449,-0.00749,0.0,0.008,0.01551,0.02351,0.03153,0.04004,0.04806
4.5,-0.041999999999999996,-0.035,-0.028499999999999998,-0.0215,-0.014499999999999999,-0.0075,0.0,0.008,0.0155,0.0235,0.0315,0.04,0.048
4.51,-0.04206,-0.03504,-0.02853,-0.02151,-0.01451,-0.00751,0.0,0.008,0.01549,0.02349,0.03147,0.03996,0.047939999999999997
4.5200000000000005,-0.04212,-0.03508,-0.02856,-0.02152,-0.01452,-0.007520000000000001,0.0,0.008,0.01548,0.02348,0.03144,0.03992,0.04788
4.53,-0.042179999999999995,-0.03512,-0.028589999999999997,-0.02153,-0.01453,-0.00753,0.0,0.008,0.01547,0.02347,0.03141,0.03988,0.04782
4.54,-0.04224,-0.03516,-0.02862,-0.02154,-0.014539999999999999,-0.00754,0.0,0.008,0.01546,0.02346,0.03138,0.03984,0.04776
4.55,-0.0423,-0.0352,-0.02865,-0.02155,-0.01455,-0.00755,0.0,0.008,0.01545,0.02345,0.03135,0.0398,0.0477
4.5600000000000005,-0.04236,-0.03524,-0.02868,-0.02156,-0.01456,-0.00756,0.0,0.008,0.01544,0.02344,0.03132,0.039760000000000004,0.047639999999999995
4.57,-0.04242,-0.03528,-0.02871,-0.02157,-0.01457,-0.00757,0.0,0.008,0.01543,0.02343,0.03129,0.03972,0.04758
4.58,-0.04248,-0.03532,-0.028739999999999998,-0.02158,-0.01458,-0.00758,0.0,0.008,0.01542,0.02342,0.03126,0.03968,0.04752
4.59,-0.04254,-0.03536,-0.02877,-0.021589999999999998,-0.01459,-0.00759,0.0,0.008,0.01541,0.02341,0.03123,0.03964,0.047459999999999995
4.6000000000000005,-0.0426,-0.0354,-0.0288,-0.0216,-0.0146,-0.0076,0.0,0.008,0.0154,0.0234,0.0312,0.0396,0.0474
4.61,-0.04266,-0.03544,-0.028829999999999998,-0.02161,-0.01461,-0.0076100000000000004,0.0,0.008,0.01539,0.02339,0.03117,0.03956,0.04734
4.62,-0.04272,-0.03548,-0.02886,-0.02162,-0.01462,-0.00762,0.0,0.008,0.01538,0.02338,0.03114,0.03952,0.047279999999999996
4.63,-0.04278,-0.035519999999999996,-0.02889,-0.02163,-0.01463,-0.0076300000000000005,0.0,0.008,0.01537,0.02337,0.03111,0.03948,0.04722
4.64,-0.042839999999999996,-0.03556,-0.028919999999999998,-0.02164,-0.01464,-0.00764,0.0,0.008,0.01536,0.02336,0.03108,0.03944,0.04716
4.65,-0.0429,-0.0356,-0.02895,-0.02165,-0.01465,-0.0076500000000000005,0.0,0.008,0.015349999999999999,0.02335,0.03105,0.0394,0.047099999999999996
4.66,-0.04296,-0.03564,-0.02898,-0.02166,-0.01466,-0.00766,0.0,0.008,0.01534,0.02334,0.03102,0.03936,0.04704
4.67,-0.043019999999999996,-0.035679999999999996,-0.029009999999999998,-0.02167,-0.014669999999999999,-0.00767,0.0,0.008,0.01533,0.02333,0.03099,0.03932,0.04698
4.68,-0.04308,-0.03572,-0.02904,-0.021679999999999998,-0.01468,-0.00768,0.0,0.008,0.01532,0.02332,0.03096,0.03928,0.046919999999999996
4.69,-0.04314,-0.03576,-0.02907,-0.02169,-0.01469,-0.007690000000000001,0.0,0.008,0.015309999999999999,0.02331,0.03093,0.03924,0.04686
4.7,-0.0432,-0.0358,-0.0291,-0.0217,-0.0147,-0.0077,0.0,0.008,0.0153,0.0233,0.0309,0.0392,0.046799999999999994
4.71,-0.04326,-0.03584,-0.02913,-0.02171,-0.014709999999999999,-0.00771,0.0,0.008,0.01529,0.023289999999999998,0.030869999999999998,0.03916,0.04674
4.72,-0.04332,-0.03588,-0.02916,-0.02172,-0.01472,-0.00772,0.0,0.008,0.01528,0.02328,0.03084,0.03912,0.04668
4.73,-0.04338,-0.03592,-0.02919,-0.02173,-0.01473,-0.00773,0.0,0.008,0.015269999999999999,0.02327,0.03081,0.03908,0.046619999999999995
4.74,-0.04344,-0.03596,-0.02922,-0.02174,-0.01474,-0.00774,0.0,0.008,0.01526,0.02326,0.03078,0.03904,0.04656
4.75,-0.0435,-0.036,-0.029249999999999998,-0.02175,-0.01475,-0.00775,0.0,0.008,0.01525,0.02325,0.03075,0.039,0.0465
4.76,-0.04356,-0.03604,-0.02928,-0.021759999999999998,-0.014759999999999999,-0.00776,0.0,0.008,0.01524,0.02324,0.03072,0.03896,0.046439999999999995
4.7700000000000005,-0.04362,-0.03608,-0.02931,-0.021769999999999998,-0.01477,-0.00777,0.0,0.008,0.01523,0.02323,0.03069,0.038919999999999996,0.04638
4.78,-0.04368,-0.03612,-0.029339999999999998,-0.02178,-0.01478,-0.0077800000000000005,0.0,0.008,0.01522,0.02322,0.03066,0.03888,0.04632
4.79,-0.04374,-0.03616,-0.02937,-0.02179,-0.01479,-0.00779,0.0,0.008,0.01521,0.02321,0.030629999999999998,0.03884,0.046259999999999996
4.8,-0.0438,-0.036199999999999996,-0.0294,-0.0218,-0.014799999999999999,-0.0078000000000000005,0.0,0.008,0.0152,0.0232,0.0306,0.0388,0.0462
4.8100000000000005,-0.043859999999999996,-0.03624,-0.029429999999999998,-0.02181,-0.01481,-0.00781,0.0,0.008,0.01519,0.02319,0.03057,0.03876,0.04614
4.82,-0.04392,-0.03628,-0.02946,-0.02182,-0.01482,-0.00782,0.0,0.008,0.015179999999999999,0.02318,0.030539999999999998,0.03872,0.046079999999999996
4.83,-0.04398,-0.03632,-0.02949,-0.02183,-0.01483,-0.00783,0.0,0.008,0.01517,0.02317,0.03051,0.03868,0.04602
4.84,-0.044039999999999996,-0.036359999999999996,-0.029519999999999998,-0.02184,-0.014839999999999999,-0.00784,0.0,0.008,0.01516,0.02316,0.03048,0.03864,0.04596
4.8500000000000005,-0.0441,-0.0364,-0.02955,-0.021849999999999998,-0.01485,-0.00785,0.0,0.008,0.01515,0.02315,0.030449999999999998,0.0386,0.045899999999999996
4.86,-0.04416,-0.03644,-0.02958,-0.021859999999999997,-0.01486,-0.00786,0.0,0.008,0.015139999999999999,0.02314,0.03042,0.03856,0.04584
4.87,-0.044219999999999995,-0.03648,-0.029609999999999997,-0.02187,-0.01487,-0.00787,0.0,0.008,0.01513,0.02313,0.03039,0.03852,0.04578
4.88,-0.04428,-0.03652,-0.02964,-0.02188,-0.014879999999999999,-0.00788,0.0,0.008,0.01512,0.023119999999999998,0.030359999999999998,0.03848,0.04572
4.89,-0.04434,-0.036559999999999995,-0.02967,-0.02189,-0.01489,-0.00789,0.0,0.008,0.01511,0.02311,0.03033,0.03844,0.04566
4.9,-0.044399999999999995,-0.0366,-0.029699999999999997,-0.0219,-0.0149,-0.0079,0.0,0.008,0.015099999999999999,0.0231,0.0303,0.0384,0.0456
4.91,-0.04446,-0.03664,-0.02973,-0.02191,-0.01491,-0.00791,0.0,0.008,0.01509,0.02309,0.03027,0.03836,0.04554
4.92,-0.04452,-0.03668,-0.029759999999999998,-0.02192,-0.01492,-0.00792,0.0,0.008,0.01508,0.02308,0.03024,0.03832,0.04548
4.93,-0.044579999999999995,-0.036719999999999996,-0.029789999999999997,-0.021929999999999998,-0.014929999999999999,-0.00793,0.0,0.008,0.01507,0.02307,0.03021,0.03828,0.04542
4.94,-0.04464,-0.03676,-0.02982,-0.021939999999999998,-0.01494,-0.007940000000000001,0.0,0.008,0.015059999999999999,0.02306,0.03018,0.038239999999999996,0.04536
4.95,-0.0447,-0.0368,-0.029849999999999998,-0.021949999999999997,-0.01495,-0.00795,0.0,0.008,0.01505,0.02305,0.03015,0.0382,0.0453
4.96,-0.044759999999999994,-0.03684,-0.029879999999999997,-0.02196,-0.01496,-0.00796,0.0,0.008,0.01504,0.023039999999999998,0.030119999999999997,0.03816,0.04524
4.97,-0.04482,-0.036879999999999996,-0.02991,-0.02197,-0.014969999999999999,-0.00797,0.0,0.008,0.01503,0.02303,0.03009,0.03812,0.04518
4.98,-0.044879999999999996,-0.03692,-0.029939999999999998,-0.02198,-0.01498,-0.007980000000000001,0.0,0.008,0.015019999999999999,0.02302,0.03006,0.03808,0.04512
4.99,-0.04494,-0.03696,-0.02997,-0.02199,-0.01499,-0.00799,0.0,0.008,0.015009999999999999,0.02301,0.030029999999999998,0.03804,0.045059999999999996
5.0,-0.045,-0.037,-0.03,-0.022,-0.015,-0.008,0.0,0.008,0.015,0.023,0.03,0.038,0.045
5.01,-0.04505,-0.03704,-0.030019999999999998,-0.022019999999999998,-0.015009999999999999,-0.008,0.0,0.00799,0.01499,0.02298,0.02998,0.03796,0.04495
5.0200000000000005,-0.0451,-0.037079999999999995,-0.030039999999999997,-0.022039999999999997,-0.015019999999999999,-0.008,0.0,0.007980000000000001,0.01498,0.02296,0.02996,0.03792,0.044899999999999995
5.03,-0.045149999999999996,-0.03712,-0.03006,-0.02206,-0.01503,-0.008,0.0,0.00797,0.014969999999999999,0.02294,0.029939999999999998,0.03788,0.04485
5.04,-0.0452,-0.03716,-0.03008,-0.02208,-0.01504,-0.008,0.0,0.00796,0.01496,0.02292,0.02992,0.03784,0.0448
5.05,-0.04525,-0.0372,-0.0301,-0.022099999999999998,-0.01505,-0.008,0.0,0.00795,0.01495,0.0229,0.0299,0.0378,0.04475
5.0600000000000005,-0.0453,-0.037239999999999995,-0.030119999999999997,-0.022119999999999997,-0.015059999999999999,-0.008,0.0,0.007940000000000001,0.01494,0.02288,0.02988,0.03776,0.0447
5.07,-0.04535,-0.03728,-0.03014,-0.02214,-0.01507,-0.008,0.0,0.00793,0.014929999999999999,0.02286,0.029859999999999998,0.03772,0.044649999999999995
5.08,-0.045399999999999996,-0.03732,-0.03016,-0.02216,-0.01508,-0.008,0.0,0.00792,0.01492,0.02284,0.02984,0.03768,0.0446
5.09,-0.04545,-0.03736,-0.03018,-0.02218,-0.01509,-0.008,0.0,0.00791,0.01491,0.02282,0.02982,0.03764,0.04455
5.1000000000000005,-0.0455,-0.037399999999999996,-0.030199999999999998,-0.022199999999999998,-0.015099999999999999,-0.008,0.0,0.0079,0.0149,0.0228,0.0298,0.0376,0.0445
5.11,-0.04555,-0.03744,-0.03022,-0.02222,-0.01511,-0.008,0.0,0.00789,0.014889999999999999,0.022779999999999998,0.029779999999999997,0.037559999999999996,0.044449999999999996
5.12,-0.0456,-0.03748,-0.03024,-0.02224,-0.01512,-0.008,0.0,0.00788,0.014879999999999999,0.02276,0.029759999999999998,0.03752,0.0444
5.13,-0.045649999999999996,-0.03752,-0.03026,-0.02226,-0.01513,-0.008,0.0,0.00787,0.01487,0.02274,0.02974,0.03748,0.04435
5.14,-0.0457,-0.037559999999999996,-0.030279999999999998,-0.022279999999999998,-0.015139999999999999,-0.008,0.0,0.00786,0.01486,0.02272,0.02972,0.03744,0.0443
5.15,-0.04575,-0.0376,-0.0303,-0.0223,-0.01515,-0.008,0.0,0.00785,0.01485,0.0227,0.0297,0.0374,0.04425
5.16,-0.0458,-0.03764,-0.03032,-0.02232,-0.01516,-0.008,0.0,0.00784,0.014839999999999999,0.02268,0.029679999999999998,0.03736,0.044199999999999996
5.17,-0.04585,-0.03768,-0.03034,-0.02234,-0.01517,-0.008,0.0,0.00783,0.01483,0.02266,0.02966,0.03732,0.04415
5.18,-0.045899999999999996,-0.03772,-0.030359999999999998,-0.022359999999999998,-0.015179999999999999,-0.008,0.0,0.00782,0.01482,0.02264,0.02964,0.03728,0.0441
5.19,-0.04595,-0.03776,-0.03038,-0.02238,-0.01519,-0.008,0.0,0.00781,0.01481,0.02262,0.02962,0.03724,0.04405
5.2,-0.046,-0.0378,-0.0304,-0.0224,-0.0152,-0.008,0.0,0.0078000000000000005,0.014799999999999999,0.0226,0.029599999999999998,0.0372,0.044
5.21,-0.04605,-0.03784,-0.03042,-0.02242,-0.01521,-0.008,0.0,0.00779,0.01479,0.02258,0.02958,0.03716,0.043949999999999996
5.22,-0.0461,-0.03788,-0.03044,-0.022439999999999998,-0.01522,-0.008,0.0,0.0077800000000000005,0.01478,0.02256,0.02956,0.03712,0.0439
5.23,-0.04615,-0.03792,-0.03046,-0.02246,-0.01523,-0.008,0.0,0.00777,0.01477,0.02254,0.02954,0.03708,0.04385
5.24,-0.0462,-0.03796,-0.03048,-0.02248,-0.01524,-0.008,0.0,0.00776,0.014759999999999999,0.02252,0.029519999999999998,0.03704,0.0438
5.25,-0.04625,-0.038,-0.0305,-0.0225,-0.01525,-0.008,0.0,0.00775,0.01475,0.0225,0.0295,0.037,0.04375
5.26,-0.0463,-0.03804,-0.03052,-0.02252,-0.01526,-0.008,0.0,0.00774,0.01474,0.02248,0.02948,0.03696,0.043699999999999996
5.2700000000000005,-0.04635,-0.03808,-0.030539999999999998,-0.022539999999999998,-0.015269999999999999,-0.008,0.0,0.00773,0.01473,0.02246,0.02946,0.03692,0.04365
5.28,-0.0464,-0.03812,-0.03056,-0.02256,-0.01528,-0.008,0.0,0.00772,0.01472,0.02244,0.02944,0.03688,0.0436
5.29,-0.04645,-0.03816,-0.03058,-0.02258,-0.01529,-0.008,0.0,0.00771,0.014709999999999999,0.02242,0.029419999999999998,0.03684,0.04355
5.3,-0.0465,-0.0382,-0.0306,-0.0226,-0.0153,-0.008,0.0,0.0077,0.0147,0.0224,0.0294,0.0368,0.0435
5.3100000000000005,-0.04655,-0.038239999999999996,-0.030619999999999998,-0.022619999999999998,-0.015309999999999999,-0.008,0.0,0.00769,0.01469,0.02238,0.02938,0.03676,0.04345
5.32,-0.0466,-0.03828,-0.03064,-0.02264,-0.01532,-0.008,0.0,0.00768,0.01468,0.02236,0.02936,0.03672,0.0434
5.33,-0.04665,-0.03832,-0.03066,-0.02266,-0.01533,-0.008,0.0,0.00767,0.014669999999999999,0.02234,0.029339999999999998,0.03668,0.04335
5.34,-0.0467,-0.03836,-0.03068,-0.02268,-0.01534,-0.008,0.0,0.00766,0.01466,0.02232,0.02932,0.03664,0.0433
5.3500000000000005,-0.04675,-0.0384,-0.030699999999999998,-0.022699999999999998,-0.015349999999999999,-0.008,0.0,0.0076500000000000005,0.01465,0.0223,0.0293,0.0366,0.04325
5.36,-0.0468,-0.03844,-0.03072,-0.02272,-0.01536,-0.008,0.0,0.00764,0.01464,0.02228,0.02928,0.03656,0.0432
5.37,-0.04685,-0.03848,-0.03074,-0.02274,-0.01537,-0.008,0.0,0.0076300000000000005,0.014629999999999999,0.02226,0.029259999999999998,0.03652,0.04315
5.38,-0.0469,-0.03852,-0.03076,-0.02276,-0.01538,-0.008,0.0,0.00762,0.01462,0.02224,0.02924,0.03648,0.0431
5.39,-0.04695,-0.03856,-0.03078,-0.022779999999999998,-0.01539,-0.008,0.0,0.0076100000000000004,0.01461,0.02222,0.02922,0.03644,0.04305
5.4,-0.047,-0.0386,-0.0308,-0.0228,-0.0154,-0.008,0.0,0.0076,0.0146,0.0222,0.0292,0.0364,0.043
5.41,-0.04705,-0.03864,-0.03082,-0.02282,-0.01541,-0.008,0.0,0.00759,0.01459,0.022180000000000002,0.02918,0.03636,0.04295
5.42,-0.0471,-0.03868,-0.03084,-0.02284,-0.01542,-0.008,0.0,0.00758,0.01458,0.02216,0.02916,0.03632,0.0429
5.43,-0.04715,-0.03872,-0.03086,-0.02286,-0.01543,-0.008,0.0,0.00757,0.01457,0.02214,0.02914,0.03628,0.04285
5.44,-0.0472,-0.03876,-0.03088,-0.02288,-0.01544,-0.008,0.0,0.00756,0.01456,0.02212,0.02912,0.03624,0.0428
5.45,-0.04725,-0.0388,-0.0309,-0.0229,-0.01545,-0.008,0.0,0.00755,0.01455,0.0221,0.0291,0.0362,0.042749999999999996
5.46,-0.0473,-0.03884,-0.03092,-0.02292,-0.01546,-0.008,0.0,0.00754,0.014539999999999999,0.02208,0.029079999999999998,0.03616,0.0427
5.47,-0.04735,-0.03888,-0.03094,-0.02294,-0.01547,-0.008,0.0,0.00753,0.01453,0.02206,0.02906,0.03612,0.04265
5.48,-0.0474,-0.03892,-0.03096,-0.02296,-0.01548,-0.008,0.0,0.00752,0.01452,0.02204,0.02904,0.03608,0.0426
5.49,-0.04745,-0.03896,-0.03098,-0.02298,-0.01549,-0.008,0.0,0.00751,0.01451,0.02202,0.02902,0.03604,0.04255
5.5,-0.0475,-0.039,-0.031,-0.023,-0.0155,-0.008,0.0,0.0075,0.014499999999999999,0.022,0.028999999999999998,0.036000000000000004,0.042499999999999996
5.51,-0.04755,-0.03904,-0.03102,-0.02302,-0.01551,-0.008,0.0,0.00749,0.01449,0.02198,0.02898,0.03596,0.04245
5.5200000000000005,-0.0476,-0.039080000000000004,-0.031039999999999998,-0.023039999999999998,-0.015519999999999999,-0.008,0.0,0.0074800000000000005,0.01448,0.02196,0.02896,0.03592,0.0424
5.53,-0.04765,-0.03912,-0.03106,-0.02306,-0.01553,-0.008,0.0,0.00747,0.01447,0.02194,0.02894,0.03588,0.04235
5.54,-0.0477,-0.03916,-0.03108,-0.02308,-0.01554,-0.008,0.0,0.0074600000000000005,0.01446,0.021920000000000002,0.02892,0.035840000000000004,0.0423
5.55,-0.04775,-0.0392,-0.0311,-0.0231,-0.01555,-0.008,0.0,0.00745,0.01445,0.0219,0.0289,0.0358,0.04225
5.5600000000000005,-0.0478,-0.03924,-0.03112,-0.023119999999999998,-0.01556,-0.008,0.0,0.00744,0.01444,0.02188,0.02888,0.03576,0.0422
5.57,-0.047850000000000004,-0.03928,-0.03114,-0.02314,-0.01557,-0.008,0.0,0.00743,0.01443,0.02186,0.02886,0.03572,0.04215
5.58,-0.0479,-0.03932,-0.03116,-0.02316,-0.01558,-0.008,0.0,0.00742,0.01442,0.021840000000000002,0.02884,0.03568,0.0421
5.59,-0.04795,-0.03936,-0.03118,-0.02318,-0.01559,-0.008,0.0,0.00741,0.01441,0.02182,0.02882,0.03564,0.04205
5.6000000000000005,-0.048,-0.0394,-0.0312,-0.0232,-0.0156,-0.008,0.0,0.0074,0.0144,0.0218,0.0288,0.0356,0.042
5.61,-0.04805,-0.03944,-0.03122,-0.02322,-0.01561,-0.008,0.0,0.00739,0.01439,0.02178,0.02878,0.03556,0.04195
5.62,-0.048100000000000004,-0.03948,-0.03124,-0.02324,-0.01562,-0.008,0.0,0.00738,0.01438,0.02176,0.02876,0.03552,0.0419
5.63,-0.04815,-0.03952,-0.03126,-0.02326,-0.01563,-0.008,0.0,0.00737,0.01437,0.021740000000000002,0.02874,0.03548,0.04185
5.64,-0.0482,-0.03956,-0.03128,-0.02328,-0.01564,-0.008,0.0,0.00736,0.01436,0.02172,0.02872,0.03544,0.0418
5.65,-0.04825,-0.0396,-0.0313,-0.0233,-0.01565,-0.008,0.0,0.00735,0.01435,0.0217,0.0287,0.0354,0.04175
5.66,-0.0483,-0.03964,-0.03132,-0.02332,-0.01566,-0.008,0.0,0.00734,0.01434,0.02168,0.02868,0.03536,0.0417
5.67,-0.048350000000000004,-0.03968,-0.03134,-0.02334,-0.01567,-0.008,0.0,0.00733,0.01433,0.021660000000000002,0.02866,0.035320000000000004,0.04165
5.68,-0.0484,-0.03972,-0.03136,-0.02336,-0.01568,-0.008,0.0,0.00732,0.01432,0.02164,0.02864,0.03528,0.0416
5.69,-0.04845,-0.039760000000000004,-0.03138,-0.02338,-0.01569,-0.008,0.0,0.0073100000000000005,0.01431,0.02162,0.02862,0.03524,0.041550000000000004
5.7,-0.0485,-0.0398,-0.0314,-0.0234,-0.0157,-0.008,0.0,0.0073,0.0143,0.0216,0.0286,0.0352,0.0415
5.71,-0.04855,-0.03984,-0.031420000000000003,-0.02342,-0.015710000000000002,-0.008,0.0,0.0072900000000000005,0.01429,0.021580000000000002,0.02858,0.035160000000000004,0.04145
5.72,-0.048600000000000004,-0.03988,-0.03144,-0.02344,-0.01572,-0.008,0.0,0.00728,0.01428,0.02156,0.02856,0.03512,0.0414
5.73,-0.04865,-0.039920000000000004,-0.03146,-0.02346,-0.01573,-0.008,0.0,0.00727,0.01427,0.02154,0.02854,0.03508,0.04135
5.74,-0.0487,-0.03996,-0.03148,-0.02348,-0.01574,-0.008,0.0,0.00726,0.01426,0.02152,0.02852,0.03504,0.0413
5.75,-0.04875,-0.04,-0.0315,-0.0235,-0.01575,-0.008,0.0,0.00725,0.01425,0.021500000000000002,0.0285,0.035,0.04125
5.76,-0.0488,-0.04004,-0.03152,-0.02352,-0.01576,-0.008,0.0,0.00724,0.01424,0.02148,0.02848,0.034960000000000005,0.0412
5.7700000000000005,-0.048850000000000005,-0.040080000000000005,-0.03154,-0.02354,-0.01577,-0.008,0.0,0.00723,0.01423,0.02146,0.02846,0.03492,0.04115
5.78,-0.0489,-0.04012,-0.03156,-0.02356,-0.01578,-0.008,0.0,0.00722,0.01422,0.02144,0.02844,0.03488,0.0411
5.79,-0.04895,-0.04016,-0.03158,-0.02358,-0.01579,-0.008,0.0,0.00721,0.01421,0.02142,0.02842,0.03484,0.04105
5.8,-0.049,-0.0402,-0.0316,-0.0236,-0.0158,-0.008,0.0,0.0072,0.0142,0.021400000000000002,0.0284,0.034800000000000005,0.041
5.8100000000000005,-0.04905,-0.04024,-0.03162,-0.02362,-0.01581,-0.008,0.0,0.00719,0.01419,0.02138,0.02838,0.03476,0.04095
5.82,-0.049100000000000005,-0.04028,-0.03164,-0.02364,-0.01582,-0.008,0.0,0.00718,0.01418,0.02136,0.02836,0.03472,0.0409
5.83,-0.04915,-0.04032,-0.03166,-0.02366,-0.01583,-0.008,0.0,0.00717,0.01417,0.02134,0.02834,0.03468,0.04085
5.84,-0.0492,-0.04036,-0.03168,-0.02368,-0.01584,-0.008,0.0,0.00716,0.01416,0.021320000000000002,0.02832,0.034640000000000004,0.0408
5.8500000000000005,-0.04925,-0.0404,-0.0317,-0.0237,-0.01585,-0.008,0.0,0.00715,0.01415,0.0213,0.0283,0.0346,0.04075
5.86,-0.049300000000000004,-0.040440000000000004,-0.03172,-0.02372,-0.01586,-0.008,0.0,0.0071400000000000005,0.01414,0.02128,0.02828,0.03456,0.0407
5.87,-0.049350000000000005,-0.04048,-0.03174,-0.02374,-0.01587,-0.008,0.0,0.00713,0.01413,0.02126,0.02826,0.03452,0.04065
5.88,-0.0494,-0.04052,-0.031760000000000004,-0.02376,-0.015880000000000002,-0.008,0.0,0.0071200000000000005,0.01412,0.021240000000000002,0.02824,0.034480000000000004,0.0406
5.89,-0.04945,-0.04056,-0.03178,-0.02378,-0.01589,-0.008,0.0,0.00711,0.014110000000000001,0.021220000000000003,0.028220000000000002,0.03444,0.04055
5.9,-0.0495,-0.040600000000000004,-0.0318,-0.0238,-0.0159,-0.008,0.0,0.0071,0.0141,0.0212,0.0282,0.0344,0.0405
5.91,-0.049550000000000004,-0.04064,-0.03182,-0.02382,-0.01591,-0.008,0.0,0.00709,0.01409,0.02118,0.02818,0.03436,0.04045
5.92,-0.049600000000000005,-0.04068,-0.03184,-0.02384,-0.01592,-0.008,0.0,0.00708,0.01408,0.02116,0.02816,0.03432,0.0404
5.93,-0.04965,-0.04072,-0.03186,-0.02386,-0.01593,-0.008,0.0,0.00707,0.014070000000000001,0.021140000000000003,0.028140000000000002,0.034280000000000005,0.04035
5.94,-0.0497,-0.040760000000000005,-0.03188,-0.023880000000000002,-0.01594,-0.008,0.0,0.00706,0.01406,0.02112,0.02812,0.03424,0.0403
5.95,-0.04975,-0.0408,-0.0319,-0.0239,-0.01595,-0.008,0.0,0.00705,0.01405,0.0211,0.0281,0.0342,0.04025
5.96,-0.049800000000000004,-0.04084,-0.031920000000000004,-0.02392,-0.015960000000000002,-0.008,0.0,0.00704,0.01404,0.02108,0.02808,0.03416,0.0402
5.97,-0.049850000000000005,-0.04088,-0.03194,-0.02394,-0.01597,-0.008,0.0,0.00703,0.01403,0.021060000000000002,0.02806,0.034120000000000004,0.04015
5.98,-0.0499,-0.04092,-0.03196,-0.023960000000000002,-0.01598,-0.008,0.0,0.00702,0.01402,0.02104,0.02804,0.03408,0.040100000000000004
5.99,-0.04995,-0.04096,-0.03198,-0.02398,-0.01599,-0.008,0.0,0.007010000000000001,0.01401,0.02102,0.02802,0.03404,0.04005
6.0,-0.05,-0.041,-0.032,-0.024,-0.016,-0.008,0.0,0.007,0.014,0.021,0.028,0.034,0.04
6.01,-0.05006,-0.04104,-0.03203,-0.02401,-0.016,-0.008,0.0,0.007,0.014,0.02099,0.027970000000000002,0.033960000000000004,0.03995
6.0200000000000005,-0.050120000000000005,-0.04108,-0.03206,-0.02402,-0.016,-0.008,0.0,0.007,0.014,0.020980000000000002,0.02794,0.033920000000000006,0.0399
6.03,-0.05018,-0.041120000000000004,-0.03209,-0.02403,-0.016,-0.008,0.0,0.007,0.014,0.020970000000000003,0.02791,0.03388,0.039850000000000003
6.04,-0.05024,-0.04116,-0.03212,-0.02404,-0.016,-0.008,0.0,0.007,0.014,0.020960000000000003,0.027880000000000002,0.03384,0.0398
6.05,-0.050300000000000004,-0.0412,-0.03215,-0.024050000000000002,-0.016,-0.008,0.0,0.007,0.014,0.02095,0.02785,0.033800000000000004,0.03975
6.0600000000000005,-0.05036,-0.04124,-0.03218,-0.02406,-0.016,-0.008,0.0,0.007,0.014,0.02094,0.02782,0.033760000000000005,0.0397
6.07,-0.05042,-0.041280000000000004,-0.03221,-0.02407,-0.016,-0.008,0.0,0.007,0.014,0.02093,0.027790000000000002,0.03372,0.03965
6.08,-0.050480000000000004,-0.04132,-0.03224,-0.02408,-0.016,-0.008,0.0,0.007,0.014,0.02092,0.02776,0.03368,0.0396
6.09,-0.05054,-0.04136,-0.03227,-0.02409,-0.016,-0.008,0.0,0.007,0.014,0.02091,0.02773,0.03364,0.03955
6.1000000000000005,-0.050600000000000006,-0.0414,-0.0323,-0.0241,-0.016,-0.008,0.0,0.007,0.014,0.020900000000000002,0.027700000000000002,0.033600000000000005,0.0395
6.11,-0.050660000000000004,-0.041440000000000005,-0.03233,-0.02411,-0.016,-0.008,0.0,0.007,0.014,0.020890000000000002,0.02767,0.03356,0.03945
6.12,-0.05072,-0.04148,-0.03236,-0.02412,-0.016,-0.008,0.0,0.007,0.014,0.020880000000000003,0.02764,0.03352,0.039400000000000004
6.13,-0.050780000000000006,-0.04152,-0.03239,-0.024130000000000002,-0.016,-0.008,0.0,0.007,0.014,0.02087,0.02761,0.03348,0.03935
6.140000000000001,-0.05084,-0.04156,-0.032420000000000004,-0.02414,-0.016,-0.008,0.0,0.007,0.014,0.02086,0.02758,0.033440000000000004,0.0393
6.15,-0.0509,-0.0416,-0.03245,-0.02415,-0.016,-0.008,0.0,0.007,0.014,0.02085,0.02755,0.0334,0.03925
6.16,-0.050960000000000005,-0.04164,-0.03248,-0.02416,-0.016,-0.008,0.0,0.007,0.014,0.02084,0.02752,0.03336,0.0392
6.17,-0.05102,-0.04168,-0.032510000000000004,-0.02417,-0.016,-0.008,0.0,0.007,0.014,0.02083,0.02749,0.03332,0.039150000000000004
6.18,-0.05108,-0.04172,-0.03254,-0.02418,-0.016,-0.008,0.0,0.007,0.014,0.02082,0.027460000000000002,0.033280000000000004,0.0391
6.19,-0.051140000000000005,-0.04176,-0.03257,-0.02419,-0.016,-0.008,0.0,0.007,0.014,0.020810000000000002,0.02743,0.03324,0.03905
6.2,-0.0512,-0.041800000000000004,-0.032600000000000004,-0.0242,-0.016,-0.008,0.0,0.007,0.014,0.020800000000000003,0.0274,0.0332,0.039
6.21,-0.05126,-0.04184,-0.03263,-0.024210000000000002,-0.016,-0.008,0.0,0.007,0.014,0.02079,0.027370000000000002,0.03316,0.03895
6.22,-0.051320000000000005,-0.04188,-0.03266,-0.024220000000000002,-0.016,-0.008,0.0,0.007,0.014,0.02078,0.02734,0.033120000000000004,0.038900000000000004
6.23,-0.05138,-0.04192,-0.032690000000000004,-0.02423,-0.016,-0.008,0.0,0.007,0.014,0.02077,0.02731,0.03308,0.03885
6.24,-0.05144,-0.041960000000000004,-0.03272,-0.02424,-0.016,-0.008,0.0,0.007,0.014,0.02076,0.027280000000000002,0.03304,0.0388
6.25,-0.051500000000000004,-0.042,-0.03275,-0.02425,-0.016,-0.008,0.0,0.007,0.014,0.02075,0.02725,0.033,0.03875
6.26,-0.05156,-0.04204,-0.032780000000000004,-0.02426,-0.016,-0.008,0.0,0.007,0.014,0.02074,0.02722,0.03296,0.0387
6.2700000000000005,-0.05162,-0.04208,-0.03281,-0.02427,-0.016,-0.008,0.0,0.007,0.014,0.020730000000000002,0.027190000000000002,0.032920000000000005,0.038650000000000004
6.28,-0.051680000000000004,-0.04212,-0.03284,-0.02428,-0.016,-0.008,0.0,0.007,0.014,0.020720000000000002,0.02716,0.03288,0.0386
6.29,-0.05174,-0.04216,-0.03287,-0.02429,-0.016,-0.008,0.0,0.007,0.014,0.020710000000000003,0.02713,0.03284,0.03855
6.3,-0.0518,-0.0422,-0.0329,-0.024300000000000002,-0.016,-0.008,0.0,0.007,0.014,0.0207,0.0271,0.0328,0.0385
6.3100000000000005,-0.05186,-0.04224,-0.03293,-0.024310000000000002,-0.016,-0.008,0.0,0.007,0.014,0.02069,0.02707,0.032760000000000004,0.03845
6.32,-0.05192,-0.04228,-0.03296,-0.02432,-0.016,-0.008,0.0,0.007,0.014,0.02068,0.02704,0.03272,0.038400000000000004
6.33,-0.051980000000000005,-0.04232,-0.03299,-0.02433,-0.016,-0.008,0.0,0.007,0.014,0.02067,0.02701,0.03268,0.03835
6.34,-0.05204,-0.04236,-0.03302,-0.02434,-0.016,-0.008,0.0,0.007,0.014,0.02066,0.02698,0.03264,0.0383
6.3500000000000005,-0.0521,-0.0424,-0.03305,-0.02435,-0.016,-0.008,0.0,0.007,0.014,0.02065,0.02695,0.032600000000000004,0.03825
6.36,-0.052160000000000005,-0.04244,-0.03308,-0.02436,-0.016,-0.008,0.0,0.007,0.014,0.020640000000000002,0.02692,0.03256,0.038200000000000005
6.37,-0.05222,-0.042480000000000004,-0.03311,-0.02437,-0.016,-0.008,0.0,0.007,0.014,0.020630000000000003,0.02689,0.03252,0.03815
6.38,-0.05228,-0.04252,-0.03314,-0.024380000000000002,-0.016,-0.008,0.0,0.007,0.014,0.02062,0.026860000000000002,0.03248,0.0381
6.390000000000001,-0.052340000000000005,-0.04256,-0.033170000000000005,-0.024390000000000002,-0.016,-0.008,0.0,0.007,0.014,0.02061,0.02683,0.032440000000000004,0.03805
6.4,-0.0524,-0.0426,-0.0332,-0.0244,-0.016,-0.008,0.0,0.007,0.014,0.0206,0.0268,0.0324,0.038
6.41,-0.05246,-0.04264,-0.03323,-0.02441,-0.016,-0.008,0.0,0.007,0.014,0.02059,0.026770000000000002,0.03236,0.037950000000000005
6.42,-0.052520000000000004,-0.04268,-0.033260000000000005,-0.02442,-0.016,-0.008,0.0,0.007,0.014,0.02058,0.02674,0.03232,0.0379
6.43,-0.05258,-0.04272,-0.03329,-0.02443,-0.016,-0.008,0.0,0.007,0.014,0.02057,0.02671,0.03228,0.03785
6.44,-0.05264,-0.04276,-0.03332,-0.02444,-0.016,-0.008,0.0,0.007,0.014,0.020560000000000002,0.026680000000000002,0.03224,0.0378
6.45,-0.052700000000000004,-0.0428,-0.033350000000000005,-0.02445,-0.016,-0.008,0.0,0.007,0.014,0.020550000000000002,0.02665,0.0322,0.03775
6.46,-0.05276,-0.04284,-0.03338,-0.024460000000000003,-0.016,-0.008,0.0,0.007,0.014,0.02054,0.02662,0.03216,0.037700000000000004
6.47,-0.05282,-0.04288,-0.03341,-0.024470000000000002,-0.016,-0.008,0.0,0.007,0.014,0.02053,0.026590000000000003,0.03212,0.03765
6.48,-0.05288,-0.04292,-0.033440000000000004,-0.024480000000000002,-0.016,-0.008,0.0,0.007,0.014,0.02052,0.02656,0.03208,0.0376
6.49,-0.05294,-0.04296,-0.03347,-0.02449,-0.016,-0.008,0.0,0.007,0.014,0.02051,0.02653,0.03204,0.03755
6.5,-0.053000000000000005,-0.043,-0.0335,-0.0245,-0.016,-0.008,0.0,0.007,0.014,0.0205,0.026500000000000003,0.032,0.037500000000000006
6.51,-0.05306,-0.04304,-0.033530000000000004,-0.02451,-0.016,-0.008,0.0,0.007,0.014,0.02049,0.02647,0.03196,0.037450000000000004
6.5200000000000005,-0.05312,-0.04308,-0.03356,-0.02452,-0.016,-0.008,0.0,0.007,0.014,0.02048,0.02644,0.031920000000000004,0.0374
6.53,-0.053180000000000005,-0.04312,-0.03359,-0.02453,-0.016,-0.008,0.0,0.007,0.014,0.020470000000000002,0.026410000000000003,0.03188,0.03735
6.54,-0.05324,-0.04316,-0.033620000000000004,-0.02454,-0.016,-0.008,0.0,0.007,0.014,0.02046,0.02638,0.03184,0.0373
6.55,-0.0533,-0.0432,-0.03365,-0.024550000000000002,-0.016,-0.008,0.0,0.007,0.014,0.02045,0.026350000000000002,0.0318,0.037250000000000005
6.5600000000000005,-0.053360000000000005,-0.04324,-0.03368,-0.024560000000000002,-0.016,-0.008,0.0,0.007,0.014,0.02044,0.02632,0.031760000000000004,0.037200000000000004
6.57,-0.05342,-0.04328,-0.033710000000000004,-0.02457,-0.016,-0.008,0.0,0.007,0.014,0.02043,0.02629,0.03172,0.03715
6.58,-0.05348,-0.04332,-0.03374,-0.02458,-0.016,-0.008,0.0,0.007,0.014,0.02042,0.026260000000000002,0.03168,0.0371
6.59,-0.053540000000000004,-0.04336,-0.03377,-0.02459,-0.016,-0.008,0.0,0.007,0.014,0.02041,0.02623,0.03164,0.03705
6.6000000000000005,-0.0536,-0.0434,-0.033800000000000004,-0.0246,-0.016,-0.008,0.0,0.007,0.014,0.0204,0.0262,0.0316,0.037000000000000005
6.61,-0.05366,-0.04344,-0.03383,-0.02461,-0.016,-0.008,0.0,0.007,0.014,0.020390000000000002,0.026170000000000002,0.03156,0.036950000000000004
6.62,-0.053720000000000004,-0.04348,-0.03386,-0.02462,-0.016,-0.008,0.0,0.007,0.014,0.020380000000000002,0.02614,0.03152,0.0369
6.63,-0.05378,-0.04352,-0.03389,-0.024630000000000003,-0.016,-0.008,0.0,0.007,0.014,0.02037,0.02611,0.03148,0.03685
6.640000000000001,-0.05384,-0.04356,-0.033920000000000006,-0.024640000000000002,-0.016,-0.008,0.0,0.007,0.014,0.02036,0.026080000000000002,0.03144,0.0368
6.65,-0.0539,-0.0436,-0.03395,-0.024650000000000002,-0.016,-0.008,0.0,0.007,0.014,0.02035,0.02605,0.0314,0.036750000000000005
6.66,-0.05396,-0.04364,-0.03398,-0.02466,-0.016,-0.008,0.0,0.007,0.014,0.02034,0.02602,0.03136,0.0367
6.67,-0.05402,-0.04368,-0.034010000000000006,-0.02467,-0.016,-0.008,0.0,0.007,0.014,0.02033,0.025990000000000003,0.03132,0.03665
6.68,-0.05408,-0.04372,-0.03404,-0.02468,-0.016,-0.008,0.0,0.007,0.014,0.02032,0.02596,0.03128,0.0366
6.69,-0.05414,-0.04376,-0.03407,-0.02469,-0.016,-0.008,0.0,0.007,0.014,0.02031,0.02593,0.03124,0.03655
6.7,-0.0542,-0.0438,-0.034100000000000005,-0.0247,-0.016,-0.008,0.0,0.007,0.014,0.020300000000000002,0.0259,0.0312,0.036500000000000005
6.71,-0.05426,-0.04384,-0.03413,-0.024710000000000003,-0.016,-0.008,0.0,0.007,0.014,0.02029,0.02587,0.03116,0.03645
6.72,-0.05432,-0.04388,-0.03416,-0.024720000000000002,-0.016,-0.008,0.0,0.007,0.014,0.02028,0.025840000000000002,0.03112,0.0364
6.73,-0.05438,-0.04392,-0.034190000000000005,-0.024730000000000002,-0.016,-0.008,0.0,0.007,0.014,0.02027,0.02581,0.03108,0.03635
6.74,-0.05444,-0.04396,-0.03422,-0.02474,-0.016,-0.008,0.0,0.007,0.014,0.02026,0.02578,0.031039999999999998,0.036300000000000006
6.75,-0.0545,-0.044,-0.03425,-0.02475,-0.016,-0.008,0.0,0.007,0.014,0.02025,0.025750000000000002,0.031,0.036250000000000004
6.76,-0.054560000000000004,-0.044039999999999996,-0.034280000000000005,-0.02476,-0.016,-0.008,0.0,0.007,0.014,0.02024,0.02572,0.03096,0.0362
6.7700000000000005,-0.05462,-0.04408,-0.03431,-0.02477,-0.016,-0.008,0.0,0.007,0.014,0.02023,0.02569,0.03092,0.03615
6.78,-0.05468,-0.04412,-0.03434,-0.02478,-0.016,-0.008,0.0,0.007,0.014,0.020220000000000002,0.025660000000000002,0.030879999999999998,0.0361
6.79,-0.054740000000000004,-0.04416,-0.034370000000000005,-0.02479,-0.016,-0.008,0.0,0.007,0.014,0.02021,0.02563,0.03084,0.036050000000000006
6.8,-0.0548,-0.044199999999999996,-0.0344,-0.024800000000000003,-0.016,-0.008,0.0,0.007,0.014,0.0202,0.0256,0.0308,0.036000000000000004
6.8100000000000005,-0.05486,-0.04424,-0.03443,-0.024810000000000002,-0.016,-0.008,0.0,0.007,0.014,0.02019,0.025570000000000002,0.03076,0.03595
6.82,-0.054920000000000004,-0.04428,-0.034460000000000005,-0.024820000000000002,-0.016,-0.008,0.0,0.007,0.014,0.02018,0.02554,0.03072,0.0359
6.83,-0.05498,-0.04432,-0.03449,-0.02483,-0.016,-0.008,0.0,0.007,0.014,0.02017,0.02551,0.03068,0.03585
6.84,-0.05504,-0.04436,-0.03452,-0.02484,-0.016,-0.008,0.0,0.007,0.014,0.02016,0.025480000000000003,0.03064,0.035800000000000005
6.8500000000000005,-0.0551,-0.0444,-0.034550000000000004,-0.02485,-0.016,-0.008,0.0,0.007,0.014,0.02015,0.02545,0.0306,0.035750000000000004
6.86,-0.05516,-0.04444,-0.03458,-0.02486,-0.016,-0.008,0.0,0.007,0.014,0.02014,0.02542,0.03056,0.0357
6.87,-0.05522,-0.04448,-0.03461,-0.02487,-0.016,-0.008,0.0,0.007,0.014,0.020130000000000002,0.025390000000000003,0.03052,0.03565
6.88,-0.05528,-0.04452,-0.034640000000000004,-0.024880000000000003,-0.016,-0.008,0.0,0.007,0.014,0.02012,0.02536,0.03048,0.03560000000000001
6.890000000000001,-0.05534,-0.04456,-0.034670000000000006,-0.024890000000000002,-0.016,-0.008,0.0,0.007,0.014,0.02011,0.025330000000000002,0.03044,0.035550000000000005
6.9,-0.055400000000000005,-0.0446,-0.0347,-0.024900000000000002,-0.016,-0.008,0.0,0.007,0.014,0.0201,0.025300000000000003,0.0304,0.035500000000000004
6.91,-0.05546,-0.04464,-0.034730000000000004,-0.02491,-0.016,-0.008,0.0,0.007,0.014,0.02009,0.02527,0.030359999999999998,0.03545
6.92,-0.05552,-0.04468,-0.034760000000000006,-0.02492,-0.016,-0.008,0.0,0.007,0.014,0.02008,0.025240000000000002,0.03032,0.0354
6.93,-0.055580000000000004,-0.044719999999999996,-0.03479,-0.02493,-0.016,-0.008,0.0,0.007,0.014,0.02007,0.025210000000000003,0.030279999999999998,0.035350000000000006
6.94,-0.05564,-0.04476,-0.034820000000000004,-0.02494,-0.016,-0.008,0.0,0.007,0.014,0.02006,0.02518,0.03024,0.035300000000000005
6.95,-0.0557,-0.0448,-0.034850000000000006,-0.02495,-0.016,-0.008,0.0,0.007,0.014,0.020050000000000002,0.025150000000000002,0.030199999999999998,0.035250000000000004
6.96,-0.055760000000000004,-0.04484,-0.03488,-0.024960000000000003,-0.016,-0.008,0.0,0.007,0.014,0.02004,0.025120000000000003,0.03016,0.0352
6.97,-0.05582,-0.044879999999999996,-0.034910000000000004,-0.024970000000000003,-0.016,-0.008,0.0,0.007,0.014,0.02003,0.02509,0.030119999999999997,0.03515
6.98,-0.05588,-0.04492,-0.034940000000000006,-0.024980000000000002,-0.016,-0.008,0.0,0.007,0.014,0.02002,0.025060000000000002,0.03008,0.035100000000000006
6.99,-0.055940000000000004,-0.04496,-0.03497,-0.024990000000000002,-0.016,-0.008,0.0,0.007,0.014,0.02001,0.02503,0.030039999999999997,0.035050000000000005
7.0,-0.056,-0.045,-0.035,-0.025,-0.016,-0.008,0.0,0.007,0.014,0.02,0.025,0.03,0.035
7.01,-0.05605,-0.04504,-0.03502,-0.02502,-0.01601,-0.008,0.0,0.007,0.01399,0.01999,0.024980000000000002,0.02996,0.034940000000000006
7.0200000000000005,-0.056100000000000004,-0.045079999999999995,-0.03504,-0.02504,-0.01602,-0.008,0.0,0.007,0.013980000000000001,0.01998,0.024960000000000003,0.02992,0.03488
7.03,-0.05615,-0.04512,-0.03506,-0.025060000000000002,-0.01603,-0.008,0.0,0.007,0.01397,0.01997,0.02494,0.02988,0.034820000000000004
7.04,-0.0562,-0.04516,-0.03508,-0.02508,-0.01604,-0.008,0.0,0.007,0.01396,0.019960000000000002,0.02492,0.02984,0.034760000000000006
7.05,-0.05625,-0.0452,-0.035100000000000006,-0.0251,-0.016050000000000002,-0.008,0.0,0.007,0.01395,0.01995,0.024900000000000002,0.0298,0.0347
7.0600000000000005,-0.0563,-0.045239999999999995,-0.035120000000000005,-0.02512,-0.01606,-0.008,0.0,0.007,0.013940000000000001,0.01994,0.024880000000000003,0.029759999999999998,0.034640000000000004
7.07,-0.056350000000000004,-0.04528,-0.035140000000000005,-0.025140000000000003,-0.01607,-0.008,0.0,0.007,0.01393,0.01993,0.02486,0.02972,0.03458000000000001
7.08,-0.0564,-0.04532,-0.035160000000000004,-0.025160000000000002,-0.01608,-0.008,0.0,0.007,0.01392,0.01992,0.02484,0.029679999999999998,0.03452
7.09,-0.05645,-0.04536,-0.03518,-0.02518,-0.01609,-0.008,0.0,0.007,0.01391,0.01991,0.024820000000000002,0.02964,0.034460000000000005
7.1000000000000005,-0.0565,-0.045399999999999996,-0.0352,-0.0252,-0.0161,-0.008,0.0,0.007,0.013900000000000001,0.0199,0.024800000000000003,0.029599999999999998,0.0344
7.11,-0.05655,-0.04544,-0.03522,-0.025220000000000003,-0.01611,-0.008,0.0,0.007,0.01389,0.01989,0.02478,0.02956,0.03434
7.12,-0.0566,-0.04548,-0.03524,-0.025240000000000002,-0.01612,-0.008,0.0,0.007,0.01388,0.019880000000000002,0.02476,0.029519999999999998,0.034280000000000005
7.13,-0.05665,-0.04552,-0.03526,-0.02526,-0.016130000000000002,-0.008,0.0,0.007,0.01387,0.01987,0.02474,0.02948,0.03422
7.140000000000001,-0.0567,-0.045559999999999996,-0.035280000000000006,-0.02528,-0.01614,-0.008,0.0,0.007,0.01386,0.01986,0.024720000000000002,0.029439999999999997,0.03416
7.15,-0.05675,-0.0456,-0.035300000000000005,-0.0253,-0.01615,-0.008,0.0,0.007,0.01385,0.01985,0.0247,0.0294,0.034100000000000005
7.16,-0.0568,-0.04564,-0.035320000000000004,-0.025320000000000002,-0.01616,-0.008,0.0,0.007,0.01384,0.01984,0.02468,0.029359999999999997,0.03404
7.17,-0.05685,-0.04568,-0.03534,-0.02534,-0.01617,-0.008,0.0,0.007,0.01383,0.01983,0.02466,0.02932,0.03398
7.18,-0.0569,-0.04572,-0.03536,-0.02536,-0.01618,-0.008,0.0,0.007,0.01382,0.01982,0.024640000000000002,0.02928,0.033920000000000006
7.19,-0.05695,-0.04576,-0.03538,-0.02538,-0.01619,-0.008,0.0,0.007,0.01381,0.01981,0.02462,0.02924,0.03386
7.2,-0.057,-0.0458,-0.0354,-0.025400000000000002,-0.0162,-0.008,0.0,0.007,0.0138,0.0198,0.0246,0.0292,0.033800000000000004
7.21,-0.057050000000000003,-0.04584,-0.03542,-0.02542,-0.016210000000000002,-0.008,0.0,0.007,0.01379,0.01979,0.02458,0.02916,0.033740000000000006
7.22,-0.0571,-0.04588,-0.03544,-0.02544,-0.016220000000000002,-0.008,0.0,0.007,0.01378,0.01978,0.024560000000000002,0.02912,0.03368
7.23,-0.05715,-0.04592,-0.035460000000000005,-0.02546,-0.01623,-0.008,0.0,0.007,0.01377,0.01977,0.02454,0.029079999999999998,0.033620000000000004
7.24,-0.0572,-0.04596,-0.035480000000000005,-0.025480000000000003,-0.01624,-0.008,0.0,0.007,0.01376,0.01976,0.02452,0.02904,0.03356
7.25,-0.05725,-0.046,-0.035500000000000004,-0.025500000000000002,-0.01625,-0.008,0.0,0.007,0.01375,0.01975,0.0245,0.028999999999999998,0.0335
7.26,-0.057300000000000004,-0.04604,-0.03552,-0.02552,-0.01626,-0.008,0.0,0.007,0.01374,0.01974,0.024480000000000002,0.02896,0.033440000000000004
7.2700000000000005,-0.05735,-0.046079999999999996,-0.03554,-0.02554,-0.01627,-0.008,0.0,0.007,0.01373,0.01973,0.024460000000000003,0.028919999999999998,0.03338
7.28,-0.0574,-0.04612,-0.03556,-0.02556,-0.01628,-0.008,0.0,0.007,0.01372,0.01972,0.02444,0.02888,0.03332
7.29,-0.05745,-0.04616,-0.03558,-0.025580000000000002,-0.01629,-0.008,0.0,0.007,0.01371,0.019710000000000002,0.02442,0.028839999999999998,0.033260000000000005
7.3,-0.0575,-0.0462,-0.0356,-0.0256,-0.016300000000000002,-0.008,0.0,0.007,0.0137,0.0197,0.0244,0.0288,0.0332
7.3100000000000005,-0.057550000000000004,-0.046239999999999996,-0.03562,-0.02562,-0.01631,-0.008,0.0,0.007,0.01369,0.01969,0.024380000000000002,0.028759999999999997,0.03314
7.32,-0.0576,-0.04628,-0.035640000000000005,-0.02564,-0.01632,-0.008,0.0,0.007,0.01368,0.01968,0.02436,0.02872,0.033080000000000005
7.33,-0.05765,-0.04632,-0.035660000000000004,-0.025660000000000002,-0.01633,-0.008,0.0,0.007,0.01367,0.01967,0.02434,0.028679999999999997,0.03302
7.34,-0.0577,-0.04636,-0.03568,-0.02568,-0.01634,-0.008,0.0,0.007,0.01366,0.01966,0.02432,0.02864,0.03296
7.3500000000000005,-0.05775,-0.0464,-0.0357,-0.0257,-0.01635,-0.008,0.0,0.007,0.01365,0.01965,0.024300000000000002,0.0286,0.032900000000000006
7.36,-0.0578,-0.04644,-0.03572,-0.02572,-0.01636,-0.008,0.0,0.007,0.01364,0.01964,0.02428,0.02856,0.03284
7.37,-0.05785,-0.04648,-0.03574,-0.025740000000000002,-0.01637,-0.008,0.0,0.007,0.01363,0.01963,0.02426,0.02852,0.032780000000000004
7.38,-0.0579,-0.04652,-0.03576,-0.02576,-0.016380000000000002,-0.008,0.0,0.007,0.01362,0.01962,0.02424,0.02848,0.03272
7.390000000000001,-0.05795,-0.04656,-0.03578,-0.02578,-0.016390000000000002,-0.008,0.0,0.007,0.01361,0.01961,0.024220000000000002,0.02844,0.03266
7.4,-0.058,-0.0466,-0.0358,-0.0258,-0.0164,-0.008,0.0,0.007,0.0136,0.0196,0.0242,0.028399999999999998,0.032600000000000004
7.41,-0.05805,-0.04664,-0.035820000000000005,-0.02582,-0.01641,-0.008,0.0,0.007,0.01359,0.01959,0.02418,0.02836,0.03254
7.42,-0.0581,-0.04668,-0.035840000000000004,-0.025840000000000002,-0.01642,-0.008,0.0,0.007,0.01358,0.01958,0.02416,0.028319999999999998,0.03248
7.43,-0.05815,-0.04672,-0.03586,-0.02586,-0.01643,-0.008,0.0,0.007,0.01357,0.01957,0.02414,0.02828,0.032420000000000004
7.44,-0.0582,-0.04676,-0.03588,-0.02588,-0.01644,-0.008,0.0,0.007,0.01356,0.01956,0.02412,0.028239999999999998,0.03236
7.45,-0.05825,-0.0468,-0.0359,-0.0259,-0.01645,-0.008,0.0,0.007,0.01355,0.01955,0.0241,0.0282,0.0323
7.46,-0.0583,-0.04684,-0.03592,-0.025920000000000002,-0.016460000000000002,-0.008,0.0,0.007,0.01354,0.01954,0.02408,0.028159999999999998,0.032240000000000005
7.47,-0.05835,-0.04688,-0.03594,-0.02594,-0.016470000000000002,-0.008,0.0,0.007,0.01353,0.01953,0.02406,0.02812,0.03218
7.48,-0.0584,-0.04692,-0.03596,-0.02596,-0.01648,-0.008,0.0,0.007,0.013519999999999999,0.01952,0.02404,0.028079999999999997,0.03212
7.49,-0.05845,-0.04696,-0.03598,-0.02598,-0.01649,-0.008,0.0,0.007,0.01351,0.01951,0.02402,0.02804,0.032060000000000005
7.5,-0.058499999999999996,-0.047,-0.036000000000000004,-0.026000000000000002,-0.0165,-0.008,0.0,0.007,0.0135,0.0195,0.024,0.027999999999999997,0.032
7.51,-0.05855,-0.04704,-0.03602,-0.02602,-0.01651,-0.008,0.0,0.007,0.01349,0.01949,0.02398,0.02796,0.03194
7.5200000000000005,-0.0586,-0.04708,-0.03604,-0.02604,-0.01652,-0.008,0.0,0.007,0.013479999999999999,0.01948,0.023960000000000002,0.02792,0.031880000000000006
7.53,-0.05865,-0.04712,-0.03606,-0.02606,-0.01653,-0.008,0.0,0.007,0.01347,0.01947,0.02394,0.02788,0.03182
7.54,-0.0587,-0.04716,-0.03608,-0.02608,-0.01654,-0.008,0.0,0.007,0.01346,0.019459999999999998,0.02392,0.02784,0.031760000000000004
7.55,-0.05875,-0.0472,-0.0361,-0.0261,-0.016550000000000002,-0.008,0.0,0.007,0.01345,0.01945,0.0239,0.0278,0.0317
7.5600000000000005,-0.0588,-0.04724,-0.03612,-0.02612,-0.016560000000000002,-0.008,0.0,0.007,0.01344,0.01944,0.023880000000000002,0.02776,0.03164
7.57,-0.05885,-0.04728,-0.03614,-0.02614,-0.01657,-0.008,0.0,0.007,0.01343,0.01943,0.02386,0.027719999999999998,0.031580000000000004
7.58,-0.0589,-0.04732,-0.03616,-0.02616,-0.01658,-0.008,0.0,0.007,0.01342,0.01942,0.02384,0.02768,0.03152
7.59,-0.05895,-0.04736,-0.03618,-0.026180000000000002,-0.01659,-0.008,0.0,0.007,0.01341,0.01941,0.02382,0.027639999999999998,0.03146
7.6000000000000005,-0.059,-0.0474,-0.0362,-0.0262,-0.0166,-0.008,0.0,0.007,0.0134,0.0194,0.0238,0.0276,0.031400000000000004
7.61,-0.05905,-0.04744,-0.03622,-0.02622,-0.01661,-0.008,0.0,0.007,0.013389999999999999,0.01939,0.02378,0.027559999999999998,0.03134
7.62,-0.0591,-0.04748,-0.03624,-0.02624,-0.01662,-0.008,0.0,0.007,0.01338,0.01938,0.02376,0.02752,0.03128
7.63,-0.05915,-0.04752,-0.03626,-0.02626,-0.016630000000000002,-0.008,0.0,0.007,0.01337,0.01937,0.02374,0.027479999999999997,0.03122
7.640000000000001,-0.0592,-0.04756,-0.03628,-0.02628,-0.016640000000000002,-0.008,0.0,0.007,0.01336,0.01936,0.02372,0.02744,0.03116
7.65,-0.05925,-0.0476,-0.0363,-0.0263,-0.01665,-0.008,0.0,0.007,0.013349999999999999,0.01935,0.0237,0.027399999999999997,0.031100000000000003
7.66,-0.0593,-0.04764,-0.03632,-0.02632,-0.01666,-0.008,0.0,0.007,0.01334,0.01934,0.02368,0.02736,0.03104
7.67,-0.05935,-0.04768,-0.03634,-0.02634,-0.01667,-0.008,0.0,0.007,0.01333,0.01933,0.02366,0.027319999999999997,0.03098
7.68,-0.0594,-0.04772,-0.036359999999999996,-0.02636,-0.01668,-0.008,0.0,0.007,0.01332,0.01932,0.02364,0.02728,0.030920000000000003
7.69,-0.05945,-0.047760000000000004,-0.03638,-0.02638,-0.01669,-0.008,0.0,0.007,0.013309999999999999,0.01931,0.02362,0.02724,0.030860000000000002
7.7,-0.0595,-0.0478,-0.0364,-0.0264,-0.0167,-0.008,0.0,0.007,0.0133,0.0193,0.0236,0.0272,0.0308
7.71,-0.05955,-0.04784,-0.03642,-0.02642,-0.016710000000000003,-0.008,0.0,0.007,0.01329,0.019289999999999998,0.02358,0.02716,0.030740000000000003
7.72,-0.0596,-0.04788,-0.03644,-0.02644,-0.016720000000000002,-0.008,0.0,0.007,0.01328,0.01928,0.02356,0.02712,0.030680000000000002
7.73,-0.05965,-0.047920000000000004,-0.03646,-0.02646,-0.016730000000000002,-0.008,0.0,0.007,0.013269999999999999,0.01927,0.02354,0.02708,0.03062
7.74,-0.059699999999999996,-0.04796,-0.03648,-0.02648,-0.01674,-0.008,0.0,0.007,0.01326,0.01926,0.02352,0.027039999999999998,0.030560000000000004
7.75,-0.05975,-0.048,-0.0365,-0.0265,-0.01675,-0.008,0.0,0.007,0.01325,0.01925,0.0235,0.027,0.030500000000000003
7.76,-0.0598,-0.04804,-0.03652,-0.026520000000000002,-0.01676,-0.008,0.0,0.007,0.01324,0.01924,0.02348,0.026959999999999998,0.030440000000000002
7.7700000000000005,-0.05985,-0.04808,-0.036539999999999996,-0.02654,-0.01677,-0.008,0.0,0.007,0.013229999999999999,0.01923,0.02346,0.02692,0.03038
7.78,-0.0599,-0.04812,-0.03656,-0.02656,-0.01678,-0.008,0.0,0.007,0.013219999999999999,0.01922,0.02344,0.026879999999999998,0.03032
7.79,-0.059949999999999996,-0.04816,-0.03658,-0.02658,-0.01679,-0.008,0.0,0.007,0.01321,0.019209999999999998,0.02342,0.02684,0.030260000000000002
7.8,-0.06,-0.0482,-0.0366,-0.0266,-0.016800000000000002,-0.008,0.0,0.007,0.0132,0.0192,0.0234,0.026799999999999997,0.0302
7.8100000000000005,-0.06005,-0.04824,-0.03662,-0.02662,-0.016810000000000002,-0.008,0.0,0.007,0.01319,0.01919,0.02338,0.02676,0.03014
7.82,-0.0601,-0.04828,-0.03664,-0.02664,-0.01682,-0.008,0.0,0.007,0.013179999999999999,0.01918,0.02336,0.026719999999999997,0.030080000000000003
7.83,-0.06015,-0.04832,-0.03666,-0.02666,-0.01683,-0.008,0.0,0.007,0.01317,0.01917,0.02334,0.02668,0.03002
7.84,-0.0602,-0.04836,-0.03668,-0.02668,-0.01684,-0.008,0.0,0.007,0.01316,0.01916,0.02332,0.026639999999999997,0.02996
7.8500000000000005,-0.06025,-0.0484,-0.036699999999999997,-0.0267,-0.01685,-0.008,0.0,0.007,0.01315,0.01915,0.0233,0.0266,0.029900000000000003
7.86,-0.0603,-0.048440000000000004,-0.036719999999999996,-0.02672,-0.01686,-0.008,0.0,0.007,0.013139999999999999,0.01914,0.02328,0.02656,0.029840000000000002
7.87,-0.06035,-0.04848,-0.03674,-0.02674,-0.01687,-0.008,0.0,0.007,0.01313,0.01913,0.02326,0.02652,0.02978
7.88,-0.060399999999999995,-0.04852,-0.03676,-0.02676,-0.016880000000000003,-0.008,0.0,0.007,0.01312,0.019119999999999998,0.02324,0.02648,0.029720000000000003
7.890000000000001,-0.06045,-0.04856,-0.03678,-0.026779999999999998,-0.016890000000000002,-0.008,0.0,0.007,0.01311,0.01911,0.02322,0.026439999999999998,0.029660000000000002
7.9,-0.0605,-0.048600000000000004,-0.0368,-0.0268,-0.016900000000000002,-0.008,0.0,0.007,0.013099999999999999,0.0191,0.0232,0.0264,0.0296
7.91,-0.06055,-0.04864,-0.03682,-0.02682,-0.01691,-0.008,0.0,0.007,0.01309,0.01909,0.02318,0.026359999999999998,0.02954
7.92,-0.0606,-0.04868,-0.03684,-0.02684,-0.01692,-0.008,0.0,0.007,0.01308,0.01908,0.02316,0.02632,0.02948
7.930000000000001,-0.060649999999999996,-0.04872,-0.03686,-0.02686,-0.01693,-0.008,0.0,0.007,0.01307,0.01907,0.02314,0.026279999999999998,0.02942
7.94,-0.0607,-0.048760000000000005,-0.036879999999999996,-0.02688,-0.01694,-0.008,0.0,0.007,0.013059999999999999,0.01906,0.023119999999999998,0.02624,0.02936
7.95,-0.06075,-0.0488,-0.036899999999999995,-0.0269,-0.01695,-0.008,0.0,0.007,0.013049999999999999,0.01905,0.0231,0.026199999999999998,0.0293
7.96,-0.0608,-0.04884,-0.03692,-0.02692,-0.016960000000000003,-0.008,0.0,0.007,0.01304,0.019039999999999998,0.02308,0.02616,0.029240000000000002
7.97,-0.06085,-0.04888,-0.03694,-0.02694,-0.016970000000000002,-0.008,0.0,0.007,0.01303,0.01903,0.02306,0.026119999999999997,0.02918
7.98,-0.060899999999999996,-0.048920000000000005,-0.03696,-0.02696,-0.016980000000000002,-0.008,0.0,0.007,0.01302,0.01902,0.023039999999999998,0.02608,0.02912
7.99,-0.06095,-0.048960000000000004,-0.03698,-0.02698,-0.01699,-0.008,0.0,0.007,0.013009999999999999,0.01901,0.02302,0.02604,0.029060000000000002
8.0,-0.061,-0.049,-0.037,-0.027,-0.017,-0.008,0.0,0.007,0.013,0.019,0.023,0.026,0.029
8.01,-0.061059999999999996,-0.04904,-0.03703,-0.02701,-0.017,-0.008,0.0,0.007,0.013,0.01898,0.02298,0.02597,0.02895
8.02,-0.06112,-0.04908,-0.037059999999999996,-0.02702,-0.017,-0.008,0.0,0.007,0.013,0.01896,0.02296,0.025939999999999998,0.028900000000000002
8.03,-0.06118,-0.049120000000000004,-0.03709,-0.02703,-0.017,-0.008,0.0,0.007,0.013,0.01894,0.02294,0.02591,0.02885
8.040000000000001,-0.061239999999999996,-0.04916,-0.03712,-0.027039999999999998,-0.017,-0.008,0.0,0.007,0.013,0.01892,0.02292,0.02588,0.028800000000000003
8.05,-0.0613,-0.0492,-0.037149999999999996,-0.02705,-0.017,-0.008,0.0,0.007,0.013,0.0189,0.0229,0.025849999999999998,0.02875
8.06,-0.06136,-0.04924,-0.03718,-0.02706,-0.017,-0.008,0.0,0.007,0.013,0.01888,0.02288,0.02582,0.0287
8.07,-0.06142,-0.049280000000000004,-0.03721,-0.02707,-0.017,-0.008,0.0,0.007,0.013,0.01886,0.02286,0.02579,0.028650000000000002
8.08,-0.06148,-0.04932,-0.037239999999999995,-0.02708,-0.017,-0.008,0.0,0.007,0.013,0.01884,0.02284,0.025759999999999998,0.0286
8.09,-0.06154,-0.04936,-0.03727,-0.02709,-0.017,-0.008,0.0,0.007,0.013,0.01882,0.02282,0.02573,0.028550000000000002
8.1,-0.0616,-0.0494,-0.0373,-0.0271,-0.017,-0.008,0.0,0.007,0.013,0.0188,0.0228,0.0257,0.0285
8.11,-0.06166,-0.049440000000000005,-0.037329999999999995,-0.02711,-0.017,-0.008,0.0,0.007,0.013,0.018779999999999998,0.022779999999999998,0.02567,0.028450000000000003
8.120000000000001,-0.06172,-0.04948,-0.03736,-0.02712,-0.017,-0.008,0.0,0.007,0.013,0.01876,0.02276,0.02564,0.0284
8.13,-0.06178,-0.04952,-0.03739,-0.02713,-0.017,-0.008,0.0,0.007,0.013,0.01874,0.02274,0.025609999999999997,0.02835
8.14,-0.06184,-0.04956,-0.03742,-0.02714,-0.017,-0.008,0.0,0.007,0.013,0.01872,0.02272,0.02558,0.028300000000000002
8.15,-0.0619,-0.0496,-0.03745,-0.02715,-0.017,-0.008,0.0,0.007,0.013,0.0187,0.0227,0.02555,0.02825
8.16,-0.06196,-0.049640000000000004,-0.03748,-0.02716,-0.017,-0.008,0.0,0.007,0.013,0.01868,0.02268,0.025519999999999998,0.028200000000000003
8.17,-0.06202,-0.04968,-0.03751,-0.02717,-0.017,-0.008,0.0,0.007,0.013,0.01866,0.02266,0.02549,0.02815
8.18,-0.062079999999999996,-0.04972,-0.03754,-0.02718,-0.017,-0.008,0.0,0.007,0.013,0.01864,0.02264,0.02546,0.0281
8.19,-0.06214,-0.04976,-0.03757,-0.02719,-0.017,-0.008,0.0,0.007,0.013,0.01862,0.02262,0.025429999999999998,0.028050000000000002
8.2,-0.0622,-0.049800000000000004,-0.0376,-0.0272,-0.017,-0.008,0.0,0.007,0.013,0.0186,0.0226,0.0254,0.028
8.21,-0.06226,-0.04984,-0.03763,-0.02721,-0.017,-0.008,0.0,0.007,0.013,0.01858,0.02258,0.02537,0.027950000000000003
8.22,-0.06232,-0.04988,-0.03766,-0.02722,-0.017,-0.008,0.0,0.007,0.013,0.01856,0.02256,0.025339999999999998,0.0279
8.23,-0.06238,-0.04992,-0.03769,-0.02723,-0.017,-0.008,0.0,0.007,0.013,0.01854,0.02254,0.02531,0.02785
8.24,-0.06244,-0.049960000000000004,-0.03772,-0.02724,-0.017,-0.008,0.0,0.007,0.013,0.01852,0.02252,0.02528,0.027800000000000002
8.25,-0.0625,-0.05,-0.03775,-0.02725,-0.017,-0.008,0.0,0.007,0.013,0.0185,0.0225,0.025249999999999998,0.02775
8.26,-0.06256,-0.05004,-0.03778,-0.02726,-0.017,-0.008,0.0,0.007,0.013,0.01848,0.02248,0.02522,0.027700000000000002
8.27,-0.06262,-0.05008,-0.037809999999999996,-0.02727,-0.017,-0.008,0.0,0.007,0.013,0.01846,0.02246,0.02519,0.02765
8.28,-0.06268,-0.05012,-0.03784,-0.02728,-0.017,-0.008,0.0,0.007,0.013,0.01844,0.02244,0.02516,0.0276
8.290000000000001,-0.06274,-0.05016,-0.03787,-0.02729,-0.017,-0.008,0.0,0.007,0.013,0.01842,0.02242,0.02513,0.02755
8.3,-0.0628,-0.0502,-0.037899999999999996,-0.0273,-0.017,-0.008,0.0,0.007,0.013,0.0184,0.0224,0.025099999999999997,0.0275
8.31,-0.06286,-0.05024,-0.03793,-0.02731,-0.017,-0.008,0.0,0.007,0.013,0.01838,0.02238,0.02507,0.027450000000000002
8.32,-0.06292,-0.05028,-0.03796,-0.02732,-0.017,-0.008,0.0,0.007,0.013,0.01836,0.02236,0.02504,0.0274
8.33,-0.06298,-0.050320000000000004,-0.037989999999999996,-0.02733,-0.017,-0.008,0.0,0.007,0.013,0.01834,0.02234,0.025009999999999998,0.027350000000000003
8.34,-0.06304,-0.05036,-0.03802,-0.02734,-0.017,-0.008,0.0,0.007,0.013,0.01832,0.02232,0.02498,0.0273
8.35,-0.0631,-0.0504,-0.03805,-0.02735,-0.017,-0.008,0.0,0.007,0.013,0.0183,0.0223,0.02495,0.02725
8.36,-0.06316,-0.05044,-0.03808,-0.02736,-0.017,-0.008,0.0,0.007,0.013,0.01828,0.02228,0.024919999999999998,0.027200000000000002
8.370000000000001,-0.06322,-0.050480000000000004,-0.03811,-0.02737,-0.017,-0.008,0.0,0.007,0.013,0.01826,0.02226,0.02489,0.02715
8.38,-0.06328,-0.05052,-0.03814,-0.02738,-0.017,-0.008,0.0,0.007,0.013,0.01824,0.02224,0.02486,0.027100000000000003
8.39,-0.06334000000000001,-0.05056,-0.03817,-0.02739,-0.017,-0.008,0.0,0.007,0.013,0.01822,0.02222,0.024829999999999998,0.02705
8.4,-0.0634,-0.0506,-0.0382,-0.0274,-0.017,-0.008,0.0,0.007,0.013,0.0182,0.0222,0.0248,0.027
8.41,-0.06346,-0.05064,-0.03823,-0.02741,-0.017,-0.008,0.0,0.007,0.013,0.01818,0.022180000000000002,0.02477,0.02695
8.42,-0.06352000000000001,-0.05068,-0.03826,-0.02742,-0.017,-0.008,0.0,0.007,0.013,0.01816,0.02216,0.024739999999999998,0.0269
8.43,-0.06358,-0.05072,-0.03829,-0.02743,-0.017,-0.008,0.0,0.007,0.013,0.01814,0.02214,0.02471,0.026850000000000002
8.44,-0.06364,-0.05076,-0.03832,-0.02744,-0.017,-0.008,0.0,0.007,0.013,0.01812,0.02212,0.02468,0.0268
8.45,-0.0637,-0.0508,-0.03835,-0.02745,-0.017,-0.008,0.0,0.007,0.013,0.0181,0.0221,0.02465,0.026750000000000003
8.46,-0.06376,-0.05084,-0.03838,-0.027460000000000002,-0.017,-0.008,0.0,0.007,0.013,0.01808,0.02208,0.02462,0.0267
8.47,-0.06382,-0.05088,-0.03841,-0.02747,-0.017,-0.008,0.0,0.007,0.013,0.01806,0.02206,0.02459,0.02665
8.48,-0.06388,-0.05092,-0.03844,-0.02748,-0.017,-0.008,0.0,0.007,0.013,0.01804,0.02204,0.02456,0.026600000000000002
8.49,-0.06394,-0.05096,-0.03847,-0.02749,-0.017,-0.008,0.0,0.007,0.013,0.01802,0.02202,0.02453,0.02655
8.5,-0.064,-0.051000000000000004,-0.0385,-0.0275,-0.017,-0.008,0.0,0.007,0.013,0.018000000000000002,0.022,0.0245,0.026500000000000003
8.51,-0.06406,-0.05104,-0.03853,-0.02751,-0.017,-0.008,0.0,0.007,0.013,0.01798,0.02198,0.02447,0.02645
8.52,-0.06412,-0.05108,-0.03856,-0.02752,-0.017,-0.008,0.0,0.007,0.013,0.01796,0.02196,0.02444,0.0264
8.53,-0.06418,-0.05112,-0.03859,-0.02753,-0.017,-0.008,0.0,0.007,0.013,0.01794,0.02194,0.02441,0.026350000000000002
8.540000000000001,-0.06424,-0.05116,-0.03862,-0.027540000000000002,-0.017,-0.008,0.0,0.007,0.013,0.017920000000000002,0.021920000000000002,0.02438,0.0263
8.55,-0.0643,-0.0512,-0.03865,-0.02755,-0.017,-0.008,0.0,0.007,0.013,0.0179,0.0219,0.02435,0.026250000000000002
8.56,-0.06436,-0.05124,-0.03868,-0.02756,-0.017,-0.008,0.0,0.007,0.013,0.01788,0.02188,0.024319999999999998,0.0262
8.57,-0.06442,-0.05128,-0.03871,-0.02757,-0.017,-0.008,0.0,0.007,0.013,0.01786,0.02186,0.02429,0.02615
8.58,-0.06448,-0.05132,-0.03874,-0.02758,-0.017,-0.008,0.0,0.007,0.013,0.01784,0.021840000000000002,0.02426,0.0261
8.59,-0.06454,-0.05136,-0.03877,-0.02759,-0.017,-0.008,0.0,0.007,0.013,0.01782,0.02182,0.024229999999999998,0.02605
8.6,-0.0646,-0.0514,-0.0388,-0.0276,-0.017,-0.008,0.0,0.007,0.013,0.0178,0.0218,0.0242,0.026000000000000002
8.61,-0.06466,-0.05144,-0.03883,-0.02761,-0.017,-0.008,0.0,0.007,0.013,0.01778,0.02178,0.02417,0.02595
8.620000000000001,-0.06472,-0.05148,-0.03886,-0.02762,-0.017,-0.008,0.0,0.007,0.013,0.01776,0.02176,0.024139999999999998,0.0259
8.63,-0.06478,-0.051519999999999996,-0.03889,-0.027630000000000002,-0.017,-0.008,0.0,0.007,0.013,0.01774,0.021740000000000002,0.02411,0.02585
8.64,-0.06484000000000001,-0.05156,-0.03892,-0.02764,-0.017,-0.008,0.0,0.007,0.013,0.01772,0.02172,0.02408,0.0258
8.65,-0.0649,-0.0516,-0.03895,-0.02765,-0.017,-0.008,0.0,0.007,0.013,0.0177,0.0217,0.02405,0.025750000000000002
8.66,-0.06496,-0.05164,-0.03898,-0.02766,-0.017,-0.008,0.0,0.007,0.013,0.01768,0.02168,0.02402,0.0257
8.67,-0.06502000000000001,-0.05168,-0.03901,-0.02767,-0.017,-0.008,0.0,0.007,0.013,0.017660000000000002,0.021660000000000002,0.02399,0.02565
8.68,-0.06508,-0.05172,-0.03904,-0.02768,-0.017,-0.008,0.0,0.007,0.013,0.01764,0.02164,0.02396,0.0256
8.69,-0.06514,-0.05176,-0.03907,-0.02769,-0.017,-0.008,0.0,0.007,0.013,0.01762,0.02162,0.02393,0.02555
8.700000000000001,-0.06520000000000001,-0.0518,-0.0391,-0.0277,-0.017,-0.008,0.0,0.007,0.013,0.0176,0.0216,0.023899999999999998,0.025500000000000002
8.71,-0.06526,-0.05184,-0.03913,-0.027710000000000002,-0.017,-0.008,0.0,0.007,0.013,0.017580000000000002,0.021580000000000002,0.02387,0.02545
8.72,-0.06532,-0.05188,-0.03916,-0.02772,-0.017,-0.008,0.0,0.007,0.013,0.01756,0.02156,0.02384,0.0254
8.73,-0.06538000000000001,-0.05192,-0.03919,-0.02773,-0.017,-0.008,0.0,0.007,0.013,0.01754,0.02154,0.023809999999999998,0.02535
8.74,-0.06544,-0.05196,-0.03922,-0.02774,-0.017,-0.008,0.0,0.007,0.013,0.01752,0.02152,0.02378,0.0253
8.75,-0.0655,-0.052,-0.03925,-0.02775,-0.017,-0.008,0.0,0.007,0.013,0.0175,0.021500000000000002,0.02375,0.02525
8.76,-0.06556000000000001,-0.05204,-0.03928,-0.02776,-0.017,-0.008,0.0,0.007,0.013,0.017480000000000002,0.02148,0.023719999999999998,0.0252
8.77,-0.06562,-0.05208,-0.03931,-0.02777,-0.017,-0.008,0.0,0.007,0.013,0.01746,0.02146,0.02369,0.025150000000000002
8.78,-0.06568,-0.05212,-0.03934,-0.02778,-0.017,-0.008,0.0,0.007,0.013,0.01744,0.02144,0.02366,0.0251
8.790000000000001,-0.06574,-0.05216,-0.03937,-0.027790000000000002,-0.017,-0.008,0.0,0.007,0.013,0.01742,0.02142,0.023629999999999998,0.025050000000000003
8.8,-0.0658,-0.052199999999999996,-0.0394,-0.027800000000000002,-0.017,-0.008,0.0,0.007,0.013,0.017400000000000002,0.021400000000000002,0.0236,0.025
8.81,-0.06586,-0.05224,-0.03943,-0.02781,-0.017,-0.008,0.0,0.007,0.013,0.01738,0.02138,0.02357,0.02495
8.82,-0.06592,-0.05228,-0.03946,-0.02782,-0.017,-0.008,0.0,0.007,0.013,0.01736,0.02136,0.02354,0.024900000000000002
8.83,-0.06598,-0.05232,-0.03949,-0.02783,-0.017,-0.008,0.0,0.007,0.013,0.01734,0.02134,0.02351,0.02485
8.84,-0.06604,-0.05236,-0.03952,-0.02784,-0.017,-0.008,0.0,0.007,0.013,0.017320000000000002,0.021320000000000002,0.02348,0.024800000000000003
8.85,-0.0661,-0.0524,-0.03955,-0.02785,-0.017,-0.008,0.0,0.007,0.013,0.0173,0.0213,0.02345,0.02475
8.86,-0.06616,-0.05244,-0.039580000000000004,-0.02786,-0.017,-0.008,0.0,0.007,0.013,0.01728,0.02128,0.02342,0.0247
8.870000000000001,-0.06622,-0.05248,-0.03961,-0.02787,-0.017,-0.008,0.0,0.007,0.013,0.01726,0.02126,0.02339,0.024650000000000002
8.88,-0.06628,-0.05252,-0.03964,-0.027880000000000002,-0.017,-0.008,0.0,0.007,0.013,0.017240000000000002,0.021240000000000002,0.02336,0.0246
8.89,-0.06634000000000001,-0.052559999999999996,-0.039670000000000004,-0.02789,-0.017,-0.008,0.0,0.007,0.013,0.01722,0.021220000000000003,0.02333,0.024550000000000002
8.9,-0.0664,-0.0526,-0.0397,-0.0279,-0.017,-0.008,0.0,0.007,0.013,0.0172,0.0212,0.0233,0.0245
8.91,-0.06646,-0.05264,-0.03973,-0.02791,-0.017,-0.008,0.0,0.007,0.013,0.01718,0.02118,0.02327,0.02445
8.92,-0.06652000000000001,-0.05268,-0.039760000000000004,-0.02792,-0.017,-0.008,0.0,0.007,0.013,0.01716,0.02116,0.02324,0.0244
8.93,-0.06658,-0.052719999999999996,-0.03979,-0.02793,-0.017,-0.008,0.0,0.007,0.013,0.017140000000000002,0.021140000000000003,0.02321,0.02435
8.94,-0.06664,-0.05276,-0.03982,-0.02794,-0.017,-0.008,0.0,0.007,0.013,0.01712,0.02112,0.02318,0.024300000000000002
8.950000000000001,-0.06670000000000001,-0.0528,-0.039850000000000003,-0.02795,-0.017,-0.008,0.0,0.007,0.013,0.0171,0.0211,0.02315,0.02425
8.96,-0.06676,-0.05284,-0.03988,-0.027960000000000002,-0.017,-0.008,0.0,0.007,0.013,0.01708,0.02108,0.02312,0.0242
8.97,-0.06682,-0.052879999999999996,-0.03991,-0.027970000000000002,-0.017,-0.008,0.0,0.007,0.013,0.017060000000000002,0.021060000000000002,0.02309,0.02415
8.98,-0.06688000000000001,-0.05292,-0.03994,-0.02798,-0.017,-0.008,0.0,0.007,0.013,0.01704,0.02104,0.02306,0.0241
8.99,-0.06694,-0.05296,-0.03997,-0.02799,-0.017,-0.008,0.0,0.007,0.013,0.01702,0.02102,0.02303,0.024050000000000002
9.0,-0.067,-0.053,-0.04,-0.028,-0.017,-0.008,0.0,0.007,0.013,0.017,0.021,0.023,0.024
9.01,-0.06705,-0.05304,-0.04002,-0.02801,-0.01701,-0.008,0.0,0.007,0.01299,0.01699,0.020970000000000003,0.02296,0.02394
9.02,-0.0671,-0.053079999999999995,-0.04004,-0.02802,-0.01702,-0.008,0.0,0.007,0.01298,0.016980000000000002,0.02094,0.02292,0.023880000000000002
9.03,-0.06715,-0.05312,-0.04006,-0.02803,-0.01703,-0.008,0.0,0.007,0.012969999999999999,0.016970000000000002,0.02091,0.02288,0.02382
9.040000000000001,-0.06720000000000001,-0.05316,-0.04008,-0.02804,-0.01704,-0.008,0.0,0.007,0.01296,0.016960000000000003,0.020880000000000003,0.02284,0.02376
9.05,-0.06725,-0.0532,-0.040100000000000004,-0.028050000000000002,-0.017050000000000003,-0.008,0.0,0.007,0.01295,0.01695,0.02085,0.0228,0.0237
9.06,-0.0673,-0.053239999999999996,-0.04012,-0.02806,-0.017060000000000002,-0.008,0.0,0.007,0.01294,0.01694,0.02082,0.02276,0.02364
9.07,-0.06735000000000001,-0.05328,-0.04014,-0.02807,-0.017070000000000002,-0.008,0.0,0.007,0.012929999999999999,0.01693,0.02079,0.02272,0.02358
9.08,-0.0674,-0.05332,-0.04016,-0.02808,-0.01708,-0.008,0.0,0.007,0.01292,0.01692,0.02076,0.02268,0.02352
9.09,-0.06745000000000001,-0.05336,-0.04018,-0.02809,-0.01709,-0.008,0.0,0.007,0.01291,0.01691,0.020730000000000002,0.02264,0.02346
9.1,-0.0675,-0.053399999999999996,-0.0402,-0.0281,-0.0171,-0.008,0.0,0.007,0.0129,0.016900000000000002,0.0207,0.0226,0.0234
9.11,-0.06755,-0.05344,-0.04022,-0.02811,-0.01711,-0.008,0.0,0.007,0.012889999999999999,0.016890000000000002,0.02067,0.02256,0.02334
9.120000000000001,-0.06760000000000001,-0.05348,-0.04024,-0.02812,-0.01712,-0.008,0.0,0.007,0.012879999999999999,0.016880000000000003,0.020640000000000002,0.02252,0.02328
9.13,-0.06765,-0.05352,-0.040260000000000004,-0.028130000000000002,-0.01713,-0.008,0.0,0.007,0.01287,0.01687,0.02061,0.02248,0.02322
9.14,-0.0677,-0.053559999999999997,-0.04028,-0.028140000000000002,-0.017140000000000002,-0.008,0.0,0.007,0.01286,0.01686,0.02058,0.022439999999999998,0.02316
9.15,-0.06775,-0.0536,-0.0403,-0.02815,-0.017150000000000002,-0.008,0.0,0.007,0.01285,0.01685,0.020550000000000002,0.0224,0.0231
9.16,-0.0678,-0.05364,-0.04032,-0.02816,-0.01716,-0.008,0.0,0.007,0.012839999999999999,0.01684,0.02052,0.022359999999999998,0.02304
9.17,-0.06785000000000001,-0.05368,-0.04034,-0.02817,-0.01717,-0.008,0.0,0.007,0.01283,0.01683,0.02049,0.02232,0.02298
9.18,-0.0679,-0.05372,-0.04036,-0.02818,-0.01718,-0.008,0.0,0.007,0.01282,0.01682,0.02046,0.02228,0.02292
9.19,-0.06795,-0.05376,-0.04038,-0.02819,-0.01719,-0.008,0.0,0.007,0.01281,0.016810000000000002,0.02043,0.02224,0.02286
9.200000000000001,-0.068,-0.0538,-0.0404,-0.0282,-0.0172,-0.008,0.0,0.007,0.012799999999999999,0.016800000000000002,0.0204,0.0222,0.0228
9.21,-0.06805,-0.05384,-0.040420000000000005,-0.028210000000000002,-0.01721,-0.008,0.0,0.007,0.01279,0.01679,0.02037,0.02216,0.02274
9.22,-0.06810000000000001,-0.05388,-0.040440000000000004,-0.028220000000000002,-0.01722,-0.008,0.0,0.007,0.01278,0.01678,0.02034,0.02212,0.02268
9.23,-0.06815,-0.05392,-0.04046,-0.02823,-0.017230000000000002,-0.008,0.0,0.007,0.01277,0.01677,0.02031,0.02208,0.02262
9.24,-0.0682,-0.05396,-0.04048,-0.02824,-0.017240000000000002,-0.008,0.0,0.007,0.012759999999999999,0.01676,0.02028,0.02204,0.02256
9.25,-0.06825,-0.054,-0.0405,-0.02825,-0.01725,-0.008,0.0,0.007,0.01275,0.01675,0.02025,0.022,0.0225
9.26,-0.0683,-0.05404,-0.04052,-0.02826,-0.01726,-0.008,0.0,0.007,0.01274,0.01674,0.020220000000000002,0.02196,0.02244
9.27,-0.06835000000000001,-0.05408,-0.04054,-0.02827,-0.01727,-0.008,0.0,0.007,0.01273,0.016730000000000002,0.02019,0.02192,0.02238
9.28,-0.0684,-0.05412,-0.04056,-0.02828,-0.01728,-0.008,0.0,0.007,0.01272,0.016720000000000002,0.02016,0.02188,0.02232
9.290000000000001,-0.06845,-0.05416,-0.04058,-0.02829,-0.01729,-0.008,0.0,0.007,0.012709999999999999,0.016710000000000003,0.020130000000000002,0.02184,0.02226
9.3,-0.0685,-0.0542,-0.040600000000000004,-0.028300000000000002,-0.0173,-0.008,0.0,0.007,0.0127,0.0167,0.0201,0.0218,0.0222
9.31,-0.06855,-0.05424,-0.04062,-0.028310000000000002,-0.01731,-0.008,0.0,0.007,0.01269,0.01669,0.02007,0.021759999999999998,0.02214
9.32,-0.0686,-0.05428,-0.04064,-0.02832,-0.017320000000000002,-0.008,0.0,0.007,0.01268,0.01668,0.02004,0.02172,0.02208
9.33,-0.06865,-0.05432,-0.04066,-0.02833,-0.01733,-0.008,0.0,0.007,0.012669999999999999,0.01667,0.02001,0.021679999999999998,0.022019999999999998
9.34,-0.0687,-0.05436,-0.04068,-0.02834,-0.01734,-0.008,0.0,0.007,0.01266,0.01666,0.01998,0.02164,0.02196
9.35,-0.06875,-0.0544,-0.0407,-0.02835,-0.01735,-0.008,0.0,0.007,0.01265,0.01665,0.01995,0.0216,0.0219
9.36,-0.0688,-0.05444,-0.04072,-0.02836,-0.01736,-0.008,0.0,0.007,0.01264,0.016640000000000002,0.01992,0.02156,0.02184
9.370000000000001,-0.06885,-0.05448,-0.04074,-0.02837,-0.01737,-0.008,0.0,0.007,0.012629999999999999,0.016630000000000002,0.01989,0.02152,0.02178
9.38,-0.0689,-0.05452,-0.040760000000000005,-0.028380000000000002,-0.01738,-0.008,0.0,0.007,0.01262,0.01662,0.01986,0.02148,0.02172
9.39,-0.06895,-0.05456,-0.040780000000000004,-0.028390000000000002,-0.01739,-0.008,0.0,0.007,0.01261,0.01661,0.01983,0.02144,0.02166
9.4,-0.069,-0.0546,-0.0408,-0.0284,-0.0174,-0.008,0.0,0.007,0.0126,0.0166,0.0198,0.0214,0.0216
9.41,-0.06905,-0.05464,-0.04082,-0.02841,-0.017410000000000002,-0.008,0.0,0.007,0.01259,0.01659,0.01977,0.02136,0.02154
9.42,-0.0691,-0.05468,-0.04084,-0.02842,-0.01742,-0.008,0.0,0.007,0.01258,0.01658,0.01974,0.02132,0.02148
9.43,-0.06915,-0.05472,-0.04086,-0.02843,-0.01743,-0.008,0.0,0.007,0.01257,0.01657,0.01971,0.02128,0.021419999999999998
9.44,-0.0692,-0.05476,-0.04088,-0.02844,-0.01744,-0.008,0.0,0.007,0.01256,0.016560000000000002,0.01968,0.02124,0.02136
9.450000000000001,-0.06925,-0.0548,-0.0409,-0.02845,-0.01745,-0.008,0.0,0.007,0.01255,0.016550000000000002,0.01965,0.0212,0.0213
9.46,-0.0693,-0.05484,-0.040920000000000005,-0.028460000000000003,-0.01746,-0.008,0.0,0.007,0.012539999999999999,0.01654,0.01962,0.021159999999999998,0.02124
9.47,-0.06935,-0.05488,-0.040940000000000004,-0.028470000000000002,-0.01747,-0.008,0.0,0.007,0.01253,0.01653,0.01959,0.02112,0.02118
9.48,-0.0694,-0.054920000000000004,-0.04096,-0.028480000000000002,-0.01748,-0.008,0.0,0.007,0.01252,0.01652,0.01956,0.021079999999999998,0.02112
9.49,-0.06945,-0.05496,-0.04098,-0.02849,-0.01749,-0.008,0.0,0.007,0.01251,0.01651,0.01953,0.02104,0.02106
9.5,-0.0695,-0.055,-0.041,-0.0285,-0.0175,-0.008,0.0,0.007,0.0125,0.0165,0.0195,0.020999999999999998,0.020999999999999998
9.51,-0.06955,-0.05504,-0.04102,-0.02851,-0.01751,-0.008,0.0,0.007,0.01249,0.01649,0.01947,0.02096,0.02094
9.52,-0.0696,-0.055080000000000004,-0.04104,-0.02852,-0.01752,-0.008,0.0,0.007,0.01248,0.01648,0.01944,0.02092,0.02088
9.53,-0.06965,-0.05512,-0.04106,-0.02853,-0.01753,-0.008,0.0,0.007,0.01247,0.016470000000000002,0.01941,0.02088,0.020819999999999998
9.540000000000001,-0.0697,-0.05516,-0.041080000000000005,-0.028540000000000003,-0.01754,-0.008,0.0,0.007,0.01246,0.016460000000000002,0.01938,0.02084,0.02076
9.55,-0.06974999999999999,-0.0552,-0.041100000000000005,-0.028550000000000002,-0.01755,-0.008,0.0,0.007,0.01245,0.01645,0.01935,0.0208,0.0207
9.56,-0.0698,-0.05524,-0.041120000000000004,-0.028560000000000002,-0.01756,-0.008,0.0,0.007,0.01244,0.01644,0.01932,0.02076,0.02064
9.57,-0.06985,-0.05528,-0.04114,-0.02857,-0.01757,-0.008,0.0,0.007,0.01243,0.01643,0.019289999999999998,0.02072,0.02058
9.58,-0.0699,-0.05532,-0.04116,-0.02858,-0.01758,-0.008,0.0,0.007,0.01242,0.01642,0.01926,0.02068,0.02052
9.59,-0.06995,-0.05536,-0.04118,-0.02859,-0.017589999999999998,-0.008,0.0,0.007,0.01241,0.01641,0.01923,0.02064,0.02046
9.6,-0.06999999999999999,-0.0554,-0.0412,-0.0286,-0.0176,-0.008,0.0,0.007,0.0124,0.0164,0.0192,0.0206,0.020399999999999998
9.61,-0.07005,-0.05544,-0.04122,-0.02861,-0.01761,-0.008,0.0,0.007,0.01239,0.016390000000000002,0.01917,0.02056,0.02034
9.620000000000001,-0.0701,-0.05548,-0.04124,-0.02862,-0.01762,-0.008,0.0,0.007,0.01238,0.016380000000000002,0.01914,0.02052,0.02028
9.63,-0.07015,-0.05552,-0.041260000000000005,-0.028630000000000003,-0.01763,-0.008,0.0,0.007,0.012369999999999999,0.01637,0.01911,0.020479999999999998,0.02022
9.64,-0.0702,-0.05556,-0.041280000000000004,-0.028640000000000002,-0.01764,-0.008,0.0,0.007,0.01236,0.01636,0.01908,0.02044,0.020159999999999997
9.65,-0.07024999999999999,-0.055600000000000004,-0.0413,-0.028650000000000002,-0.01765,-0.008,0.0,0.007,0.01235,0.01635,0.01905,0.020399999999999998,0.0201
9.66,-0.0703,-0.05564,-0.04132,-0.02866,-0.01766,-0.008,0.0,0.007,0.01234,0.01634,0.01902,0.02036,0.02004
9.67,-0.07035,-0.05568,-0.04134,-0.02867,-0.017669999999999998,-0.008,0.0,0.007,0.01233,0.01633,0.01899,0.020319999999999998,0.019979999999999998
9.68,-0.0704,-0.05572,-0.04136,-0.02868,-0.017679999999999998,-0.008,0.0,0.007,0.01232,0.01632,0.018959999999999998,0.02028,0.01992
9.69,-0.07045,-0.055760000000000004,-0.04138,-0.02869,-0.01769,-0.008,0.0,0.007,0.01231,0.01631,0.01893,0.02024,0.01986
9.700000000000001,-0.0705,-0.0558,-0.0414,-0.0287,-0.0177,-0.008,0.0,0.007,0.0123,0.016300000000000002,0.0189,0.0202,0.019799999999999998
9.71,-0.07055,-0.05584,-0.041420000000000005,-0.028710000000000003,-0.01771,-0.008,0.0,0.007,0.01229,0.01629,0.018869999999999998,0.02016,0.01974
9.72,-0.0706,-0.05588,-0.041440000000000005,-0.028720000000000002,-0.01772,-0.008,0.0,0.007,0.01228,0.01628,0.01884,0.02012,0.01968
9.73,-0.07064999999999999,-0.055920000000000004,-0.041460000000000004,-0.028730000000000002,-0.01773,-0.008,0.0,0.007,0.01227,0.01627,0.01881,0.02008,0.01962
9.74,-0.0707,-0.05596,-0.04148,-0.02874,-0.01774,-0.008,0.0,0.007,0.01226,0.01626,0.018779999999999998,0.02004,0.01956
9.75,-0.07075,-0.056,-0.0415,-0.02875,-0.01775,-0.008,0.0,0.007,0.01225,0.01625,0.01875,0.02,0.0195
9.76,-0.0708,-0.05604,-0.04152,-0.02876,-0.017759999999999998,-0.008,0.0,0.007,0.012240000000000001,0.01624,0.01872,0.01996,0.01944
9.77,-0.07085,-0.056080000000000005,-0.04154,-0.02877,-0.017769999999999998,-0.008,0.0,0.007,0.01223,0.01623,0.01869,0.01992,0.019379999999999998
9.78,-0.07089999999999999,-0.05612,-0.04156,-0.02878,-0.01778,-0.008,0.0,0.007,0.01222,0.016220000000000002,0.01866,0.01988,0.019319999999999997
9.790000000000001,-0.07095,-0.05616,-0.041580000000000006,-0.028790000000000003,-0.01779,-0.008,0.0,0.007,0.01221,0.016210000000000002,0.01863,0.01984,0.01926
9.8,-0.071,-0.0562,-0.041600000000000005,-0.028800000000000003,-0.0178,-0.008,0.0,0.007,0.0122,0.0162,0.0186,0.019799999999999998,0.0192
9.81,-0.07105,-0.05624,-0.041620000000000004,-0.028810000000000002,-0.01781,-0.008,0.0,0.007,0.01219,0.01619,0.01857,0.01976,0.019139999999999997
9.82,-0.0711,-0.056280000000000004,-0.04164,-0.028820000000000002,-0.01782,-0.008,0.0,0.007,0.01218,0.01618,0.01854,0.019719999999999998,0.01908
9.83,-0.07114999999999999,-0.05632,-0.04166,-0.02883,-0.01783,-0.008,0.0,0.007,0.01217,0.01617,0.01851,0.01968,0.01902
9.84,-0.0712,-0.05636,-0.04168,-0.02884,-0.017839999999999998,-0.008,0.0,0.007,0.01216,0.01616,0.01848,0.019639999999999998,0.018959999999999998
9.85,-0.07125,-0.0564,-0.0417,-0.02885,-0.017849999999999998,-0.008,0.0,0.007,0.01215,0.01615,0.018449999999999998,0.0196,0.0189
9.86,-0.0713,-0.056440000000000004,-0.04172,-0.02886,-0.017859999999999997,-0.008,0.0,0.007,0.01214,0.01614,0.01842,0.01956,0.01884
9.870000000000001,-0.07135,-0.05648,-0.04174,-0.02887,-0.01787,-0.008,0.0,0.007,0.01213,0.016130000000000002,0.01839,0.01952,0.018779999999999998
9.88,-0.07139999999999999,-0.05652,-0.041760000000000005,-0.028880000000000003,-0.01788,-0.008,0.0,0.007,0.01212,0.01612,0.018359999999999998,0.01948,0.01872
9.89,-0.07145,-0.05656,-0.041780000000000005,-0.028890000000000002,-0.01789,-0.008,0.0,0.007,0.01211,0.01611,0.01833,0.01944,0.01866
9.9,-0.0715,-0.056600000000000004,-0.041800000000000004,-0.028900000000000002,-0.0179,-0.008,0.0,0.007,0.0121,0.0161,0.0183,0.0194,0.0186
9.91,-0.07155,-0.05664,-0.04182,-0.02891,-0.01791,-0.008,0.0,0.007,0.01209,0.01609,0.018269999999999998,0.01936,0.018539999999999997
9.92,-0.0716,-0.05668,-0.04184,-0.02892,-0.01792,-0.008,0.0,0.007,0.01208,0.01608,0.01824,0.01932,0.018479999999999996
9.93,-0.07164999999999999,-0.05672,-0.04186,-0.02893,-0.017929999999999998,-0.008,0.0,0.007,0.01207,0.01607,0.018209999999999997,0.01928,0.01842
9.94,-0.0717,-0.056760000000000005,-0.04188,-0.02894,-0.017939999999999998,-0.008,0.0,0.007,0.01206,0.01606,0.018179999999999998,0.01924,0.018359999999999998
9.950000000000001,-0.07175,-0.0568,-0.0419,-0.02895,-0.017949999999999997,-0.008,0.0,0.007,0.01205,0.016050000000000002,0.01815,0.0192,0.018299999999999997
9.96,-0.07179999999999999,-0.05684,-0.041920000000000006,-0.028960000000000003,-0.01796,-0.008,0.0,0.007,0.01204,0.01604,0.018119999999999997,0.01916,0.01824
9.97,-0.07185,-0.05688,-0.041940000000000005,-0.028970000000000003,-0.01797,-0.008,0.0,0.007,0.01203,0.01603,0.01809,0.019119999999999998,0.018179999999999998
9.98,-0.07189999999999999,-0.05692,-0.041960000000000004,-0.028980000000000002,-0.01798,-0.008,0.0,0.007,0.01202,0.01602,0.01806,0.01908,0.018119999999999997
9.99,-0.07195,-0.056960000000000004,-0.04198,-0.028990000000000002,-0.01799,-0.008,0.0,0.007,0.01201,0.01601,0.018029999999999997,0.01904,0.01806
10.0,-0.072,-0.057,-0.042,-0.029,-0.018,-0.008,0.0,0.007,0.012,0.016,0.018,0.019,0.018
10.01,-0.07209090909090908,-0.057,-0.042,-0.02909090909090909,-0.018,-0.008,0.0,0.007,0.012090909090909091,0.016,0.018090909090909088,0.019,0.018
10.02,-0.07218181818181818,-0.057,-0.042,-0.029181818181818184,-0.018,-0.008,0.0,0.007,0.012181818181818183,0.016,0.01818181818181818,0.019,0.018
10.03,-0.07227272727272727,-0.057,-0.042,-0.029272727272727273,-0.018,-0.008,0.0,0.007,0.012272727272727272,0.016,0.01827272727272727,0.019,0.018
10.040000000000001,-0.07236363636363635,-0.057,-0.042,-0.029363636363636363,-0.018,-0.008,0.0,0.007,0.012363636363636363,0.016,0.018363636363636363,0.019,0.018
10.05,-0.07245454545454545,-0.057,-0.042,-0.029454545454545455,-0.018,-0.008,0.0,0.007,0.012454545454545454,0.016,0.018454545454545453,0.019,0.018
10.06,-0.07254545454545454,-0.057,-0.042,-0.029545454545454545,-0.018,-0.008,0.0,0.007,0.012545454545454545,0.016,0.018545454545454546,0.019,0.018
10.07,-0.07263636363636364,-0.057,-0.042,-0.029636363636363638,-0.018,-0.008,0.0,0.007,0.012636363636363637,0.016,0.018636363636363635,0.019,0.018
10.08,-0.07272727272727272,-0.057,-0.042,-0.029727272727272727,-0.018,-0.008,0.0,0.007,0.012727272727272728,0.016,0.018727272727272728,0.019,0.018
10.09,-0.07281818181818181,-0.057,-0.042,-0.029818181818181817,-0.018,-0.008,0.0,0.007,0.012818181818181817,0.016,0.018818181818181817,0.019,0.018
10.1,-0.07290909090909091,-0.057,-0.042,-0.02990909090909091,-0.018,-0.008,0.0,0.007,0.012909090909090908,0.016,0.01890909090909091,0.019,0.018
10.11,-0.073,-0.057,-0.042,-0.03,-0.018,-0.008,0.0,0.007,0.013,0.016,0.019,0.019,0.018
10.120000000000001,-0.0735,-0.057,-0.042499999999999996,-0.03,-0.0185,-0.008,0.0,0.007,0.013,0.0165,0.019,0.0195,0.0185
10.13,-0.074,-0.057,-0.043,-0.03,-0.019,-0.008,0.0,0.007,0.013,0.017,0.019,0.02,0.019
10.14,-0.074,-0.0575,-0.0435,-0.0305,-0.019,-0.0085,0.0,0.0075,0.013,0.017,0.019,0.0195,0.0185
10.15,-0.074,-0.058,-0.044,-0.031,-0.019,-0.009,0.0,0.008,0.013,0.017,0.019,0.019,0.018
10.16,-0.074,-0.058,-0.0435,-0.0305,-0.018000000000000002,-0.008,0.0,0.009000000000000001,0.0115,0.013500000000000002,0.014499999999999999,0.014499999999999999,0.013999999999999999
10.17,-0.074,-0.058,-0.043,-0.03,-0.017,-0.007,0.0,0.01,0.01,0.01,0.01,0.01,0.01
10.18,-0.075,-0.058,-0.044,-0.03,-0.018,-0.01,0.0,0.0,0.0,0.0,0.0,0.0,0.0
10.19,-0.075,-0.058,-0.044,-0.03,-0.018,-0.01,0.0,0.0,0.0,0.0,0.0,0.0,0.0
10.200000000000001,-0.075,-0.058,-0.044,-0.03,-0.018,-0.01,0.0,0.0,0.0,0.0,0.0,0.0,0.0
