level,trim_-2.0,trim_-1.0,trim_-0.5,trim_0.0,trim_0.5,trim_1.0,trim_2.0,trim_3.0,trim_4.0,trim_5.0,trim_6.0,trim_7.0,trim_8.0
0.0,0.056,0.025,0.012,0.0,0.0,0.0,0.004,0.01,0.016,0.022,0.029,0.036,0.044
0.01,0.0555,0.025,0.012,0.0,-0.004,-0.005,-0.0014999999999999996,0.004,0.0105,0.0165,0.0235,0.0305,0.038
0.02,0.055,0.025,0.012,0.0,-0.008,-0.01,-0.007,-0.002,0.005,0.011,0.018,0.025,0.032
0.03,0.0535,0.0245,0.012,0.0,-0.009000000000000001,-0.013000000000000001,-0.0115,-0.0065,0.0,0.006,0.013,0.02,0.027
0.04,0.052,0.024,0.012,0.0,-0.01,-0.016,-0.016,-0.011,-0.005,0.001,0.008,0.015,0.022
0.05,0.0515,0.024,0.0115,0.0,-0.01,-0.017,-0.019,-0.015,-0.009500000000000001,-0.0035000000000000005,0.003,0.0095,0.0165
0.06,0.051,0.024,0.011,0.0,-0.01,-0.018,-0.022,-0.019,-0.014,-0.008,-0.002,0.004,0.011
0.07,0.0505,0.0235,0.011,0.0,-0.01,-0.0185,-0.0245,-0.0225,-0.0185,-0.0125,-0.0065,-0.0005000000000000004,0.0065
0.08,0.05,0.023,0.011,0.0,-0.01,-0.019,-0.027,-0.026,-0.023,-0.017,-0.011,-0.005,0.002
0.09,0.0495,0.023,0.011,0.0,-0.01,-0.019,-0.028999999999999998,-0.028999999999999998,-0.0265,-0.0215,-0.0155,-0.009500000000000001,-0.003
0.1,0.049,0.023,0.011,0.0,-0.01,-0.019,-0.031,-0.032,-0.03,-0.026,-0.02,-0.014,-0.008
0.11,0.0488,0.0229,0.011,0.0,-0.01,-0.0191,-0.0316,-0.033800000000000004,-0.0326,-0.0292,-0.0236,-0.0179,-0.0121
0.12,0.048600000000000004,0.0228,0.011,0.0,-0.01,-0.0192,-0.0322,-0.0356,-0.0352,-0.0324,-0.027200000000000002,-0.0218,-0.0162
0.13,0.0484,0.022699999999999998,0.011,0.0,-0.01,-0.0193,-0.032799999999999996,-0.0374,-0.0378,-0.0356,-0.0308,-0.0257,-0.020300000000000002
0.14,0.0482,0.0226,0.011,0.0,-0.01,-0.0194,-0.0334,-0.0392,-0.0404,-0.0388,-0.0344,-0.0296,-0.0244
0.15,0.048,0.0225,0.011,0.0,-0.01,-0.0195,-0.034,-0.041,-0.043,-0.041999999999999996,-0.038000000000000006,-0.0335,-0.0285
0.16,0.0478,0.0224,0.011,0.0,-0.01,-0.0196,-0.0346,-0.042800000000000005,-0.0456,-0.045200000000000004,-0.0416,-0.037399999999999996,-0.032600000000000004
0.17,0.0476,0.0223,0.011,0.0,-0.01,-0.0197,-0.035199999999999995,-0.0446,-0.0482,-0.0484,-0.045200000000000004,-0.041299999999999996,-0.0367
0.18,0.0474,0.022199999999999998,0.011,0.0,-0.01,-0.0198,-0.0358,-0.046400000000000004,-0.0508,-0.0516,-0.0488,-0.0452,-0.0408
0.19,0.0472,0.022099999999999998,0.011,0.0,-0.01,-0.0199,-0.0364,-0.04820000000000001,-0.0534,-0.0548,-0.0524,-0.0491,-0.0449
0.2,0.047,0.022,0.011,0.0,-0.01,-0.02,-0.037,-0.05,-0.056,-0.058,-0.056,-0.053,-0.049
0.21,0.0469,0.022,0.011,0.0,-0.01,-0.02,-0.0372,-0.0505,-0.0572,-0.0599,-0.0585,-0.0559,-0.0521
0.22,0.0468,0.022,0.011,0.0,-0.01,-0.02,-0.037399999999999996,-0.051000000000000004,-0.0584,-0.0618,-0.061,-0.0588,-0.0552
0.23,0.0467,0.022,0.011,0.0,-0.01,-0.02,-0.0376,-0.051500000000000004,-0.0596,-0.0637,-0.0635,-0.061700000000000005,-0.058300000000000005
0.24,0.0466,0.022,0.011,0.0,-0.01,-0.02,-0.0378,-0.052000000000000005,-0.0608,-0.0656,-0.066,-0.0646,-0.0614
0.25,0.0465,0.022,0.011,0.0,-0.01,-0.02,-0.038,-0.052500000000000005,-0.062,-0.0675,-0.0685,-0.0675,-0.0645
0.26,0.0464,0.022,0.011,0.0,-0.01,-0.02,-0.0382,-0.053,-0.0632,-0.0694,-0.07100000000000001,-0.0704,-0.0676
0.27,0.0463,0.022,0.011,0.0,-0.01,-0.02,-0.0384,-0.0535,-0.0644,-0.0713,-0.07350000000000001,-0.0733,-0.0707
0.28,0.0462,0.022,0.011,0.0,-0.01,-0.02,-0.0386,-0.054,-0.0656,-0.0732,-0.076,-0.0762,-0.0738
0.29,0.0461,0.022,0.011,0.0,-0.01,-0.02,-0.0388,-0.0545,-0.0668,-0.0751,-0.0785,-0.0791,-0.0769
0.3,0.046,0.022,0.011,0.0,-0.01,-0.02,-0.039,-0.055,-0.068,-0.077,-0.081,-0.082,-0.08
0.31,0.045899999999999996,0.022,0.011,0.0,-0.0101,-0.0201,-0.0391,-0.0552,-0.0684,-0.0778,-0.0824,-0.0839,-0.0824
0.32,0.0458,0.022,0.011,0.0,-0.0102,-0.0202,-0.0392,-0.0554,-0.0688,-0.0786,-0.0838,-0.0858,-0.0848
0.33,0.0457,0.022,0.011,0.0,-0.0103,-0.020300000000000002,-0.0393,-0.055600000000000004,-0.0692,-0.0794,-0.0852,-0.0877,-0.0872
0.34,0.0456,0.022,0.011,0.0,-0.0104,-0.0204,-0.0394,-0.0558,-0.0696,-0.08020000000000001,-0.0866,-0.0896,-0.0896
0.35000000000000003,0.0455,0.022,0.011,0.0,-0.010499999999999999,-0.0205,-0.0395,-0.056,-0.07,-0.081,-0.088,-0.0915,-0.092
0.36,0.045399999999999996,0.022,0.011,0.0,-0.0106,-0.0206,-0.0396,-0.0562,-0.0704,-0.0818,-0.08940000000000001,-0.09340000000000001,-0.0944
0.37,0.0453,0.022,0.011,0.0,-0.0107,-0.0207,-0.0397,-0.0564,-0.0708,-0.0826,-0.0908,-0.09530000000000001,-0.0968
0.38,0.0452,0.022,0.011,0.0,-0.010799999999999999,-0.020800000000000003,-0.0398,-0.056600000000000004,-0.0712,-0.0834,-0.0922,-0.09720000000000001,-0.0992
0.39,0.0451,0.022,0.011,0.0,-0.0109,-0.020900000000000002,-0.0399,-0.0568,-0.0716,-0.08420000000000001,-0.0936,-0.09910000000000001,-0.1016
0.4,0.045,0.022,0.011,0.0,-0.011,-0.021,-0.04,-0.057,-0.072,-0.085,-0.095,-0.101,-0.104
0.41000000000000003,0.045,0.022,0.011,0.0,-0.011,-0.021,-0.04,-0.057100000000000005,-0.07229999999999999,-0.0855,-0.09570000000000001,-0.10220000000000001,-0.1056
0.42,0.045,0.022,0.011,0.0,-0.011,-0.021,-0.04,-0.0572,-0.0726,-0.08600000000000001,-0.0964,-0.1034,-0.10719999999999999
0.43,0.045,0.022,0.011,0.0,-0.011,-0.021,-0.04,-0.057300000000000004,-0.07289999999999999,-0.08650000000000001,-0.09709999999999999,-0.1046,-0.1088
0.44,0.045,0.022,0.011,0.0,-0.011,-0.021,-0.04,-0.0574,-0.0732,-0.08700000000000001,-0.0978,-0.1058,-0.1104
0.45,0.045,0.022,0.011,0.0,-0.011,-0.021,-0.04,-0.0575,-0.0735,-0.0875,-0.0985,-0.10700000000000001,-0.11199999999999999
0.46,0.045,0.022,0.011,0.0,-0.011,-0.021,-0.04,-0.057600000000000005,-0.07379999999999999,-0.088,-0.0992,-0.1082,-0.11359999999999999
0.47000000000000003,0.045,0.022,0.011,0.0,-0.011,-0.021,-0.04,-0.0577,-0.0741,-0.0885,-0.09989999999999999,-0.1094,-0.1152
0.48,0.045,0.022,0.011,0.0,-0.011,-0.021,-0.04,-0.057800000000000004,-0.0744,-0.089,-0.1006,-0.1106,-0.1168
0.49,0.045,0.022,0.011,0.0,-0.011,-0.021,-0.04,-0.0579,-0.0747,-0.0895,-0.1013,-0.11180000000000001,-0.11839999999999999
0.5,0.045,0.022,0.011,0.0,-0.011,-0.021,-0.04,-0.058,-0.075,-0.09,-0.102,-0.113,-0.12
0.51,0.045,0.022,0.011,0.0,-0.011,-0.021,-0.040100000000000004,-0.0581,-0.0751,-0.0902,-0.1025,-0.1136,-0.121
0.52,0.045,0.022,0.011,0.0,-0.011,-0.021,-0.0402,-0.0582,-0.0752,-0.0904,-0.103,-0.1142,-0.122
0.53,0.045,0.022,0.011,0.0,-0.011,-0.021,-0.0403,-0.058300000000000005,-0.07529999999999999,-0.0906,-0.1035,-0.1148,-0.123
0.54,0.045,0.022,0.011,0.0,-0.011,-0.021,-0.0404,-0.0584,-0.0754,-0.09079999999999999,-0.104,-0.1154,-0.124
0.55,0.045,0.022,0.011,0.0,-0.011,-0.021,-0.0405,-0.058499999999999996,-0.0755,-0.091,-0.1045,-0.11599999999999999,-0.125
0.56,0.045,0.022,0.011,0.0,-0.011,-0.021,-0.040600000000000004,-0.0586,-0.0756,-0.0912,-0.105,-0.1166,-0.126
0.5700000000000001,0.045,0.022,0.011,0.0,-0.011,-0.021,-0.0407,-0.0587,-0.0757,-0.0914,-0.1055,-0.1172,-0.127
0.58,0.045,0.022,0.011,0.0,-0.011,-0.021,-0.0408,-0.0588,-0.07579999999999999,-0.0916,-0.106,-0.1178,-0.128
0.59,0.045,0.022,0.011,0.0,-0.011,-0.021,-0.0409,-0.058899999999999994,-0.0759,-0.09179999999999999,-0.1065,-0.11839999999999999,-0.129
0.6,0.045,0.022,0.011,0.0,-0.011,-0.021,-0.041,-0.059,-0.076,-0.092,-0.107,-0.119,-0.13
0.61,0.04495,0.022,0.011,0.0,-0.011,-0.021,-0.041,-0.05905,-0.0761,-0.0922,-0.10725,-0.11939999999999999,-0.1305
0.62,0.044899999999999995,0.022,0.011,0.0,-0.011,-0.021,-0.041,-0.0591,-0.0762,-0.0924,-0.1075,-0.11979999999999999,-0.131
0.63,0.04485,0.022,0.011,0.0,-0.011,-0.021,-0.041,-0.059149999999999994,-0.07629999999999999,-0.0926,-0.10775,-0.1202,-0.1315
0.64,0.0448,0.022,0.011,0.0,-0.011,-0.021,-0.041,-0.059199999999999996,-0.0764,-0.0928,-0.108,-0.1206,-0.132
0.65,0.04475,0.022,0.011,0.0,-0.011,-0.021,-0.041,-0.05925,-0.0765,-0.093,-0.10825,-0.121,-0.1325
0.66,0.0447,0.022,0.011,0.0,-0.011,-0.021,-0.041,-0.0593,-0.0766,-0.0932,-0.1085,-0.1214,-0.133
0.67,0.044649999999999995,0.022,0.011,0.0,-0.011,-0.021,-0.041,-0.05935,-0.0767,-0.0934,-0.10875,-0.12179999999999999,-0.1335
0.68,0.0446,0.022,0.011,0.0,-0.011,-0.021,-0.041,-0.059399999999999994,-0.0768,-0.0936,-0.109,-0.1222,-0.134
0.6900000000000001,0.04455,0.022,0.011,0.0,-0.011,-0.021,-0.041,-0.059449999999999996,-0.0769,-0.0938,-0.10925,-0.1226,-0.1345
0.7000000000000001,0.0445,0.022,0.011,0.0,-0.011,-0.021,-0.041,-0.0595,-0.077,-0.094,-0.1095,-0.123,-0.135
0.71,0.044449999999999996,0.022,0.011,0.0,-0.011,-0.021,-0.041,-0.05955,-0.0771,-0.0942,-0.10975,-0.1234,-0.1355
0.72,0.044399999999999995,0.022,0.011,0.0,-0.011,-0.021,-0.041,-0.0596,-0.0772,-0.0944,-0.11,-0.1238,-0.136
0.73,0.04435,0.022,0.011,0.0,-0.011,-0.021,-0.041,-0.059649999999999995,-0.0773,-0.0946,-0.11025,-0.1242,-0.1365
0.74,0.0443,0.022,0.011,0.0,-0.011,-0.021,-0.041,-0.059699999999999996,-0.0774,-0.0948,-0.1105,-0.1246,-0.137
0.75,0.04425,0.022,0.011,0.0,-0.011,-0.021,-0.041,-0.05975,-0.0775,-0.095,-0.11075,-0.125,-0.1375
0.76,0.044199999999999996,0.022,0.011,0.0,-0.011,-0.021,-0.041,-0.0598,-0.0776,-0.0952,-0.111,-0.1254,-0.138
0.77,0.044149999999999995,0.022,0.011,0.0,-0.011,-0.021,-0.041,-0.05985,-0.0777,-0.0954,-0.11125,-0.1258,-0.1385
0.78,0.0441,0.022,0.011,0.0,-0.011,-0.021,-0.041,-0.059899999999999995,-0.0778,-0.0956,-0.1115,-0.1262,-0.139
0.79,0.04405,0.022,0.011,0.0,-0.011,-0.021,-0.041,-0.059949999999999996,-0.0779,-0.0958,-0.11175,-0.1266,-0.1395
0.8,0.044,0.022,0.011,0.0,-0.011,-0.021,-0.041,-0.06,-0.078,-0.096,-0.112,-0.127,-0.14
0.81,0.044,0.022,0.011,0.0,-0.011,-0.021,-0.041,-0.06005,-0.0781,-0.0961,-0.11215,-0.1272,-0.1403
0.8200000000000001,0.044,0.022,0.011,0.0,-0.011,-0.021,-0.041,-0.0601,-0.0782,-0.09620000000000001,-0.1123,-0.1274,-0.1406
0.8300000000000001,0.044,0.022,0.011,0.0,-0.011,-0.021,-0.041,-0.060149999999999995,-0.0783,-0.0963,-0.11245000000000001,-0.1276,-0.1409
0.84,0.044,0.022,0.011,0.0,-0.011,-0.021,-0.041,-0.0602,-0.0784,-0.0964,-0.1126,-0.1278,-0.14120000000000002
0.85,0.044,0.022,0.011,0.0,-0.011,-0.021,-0.041,-0.06025,-0.0785,-0.0965,-0.11275,-0.128,-0.14150000000000001
0.86,0.044,0.022,0.011,0.0,-0.011,-0.021,-0.041,-0.0603,-0.0786,-0.0966,-0.1129,-0.1282,-0.1418
0.87,0.044,0.022,0.011,0.0,-0.011,-0.021,-0.041,-0.06035,-0.0787,-0.09670000000000001,-0.11305,-0.12840000000000001,-0.1421
0.88,0.044,0.022,0.011,0.0,-0.011,-0.021,-0.041,-0.060399999999999995,-0.0788,-0.0968,-0.11320000000000001,-0.1286,-0.1424
0.89,0.044,0.022,0.011,0.0,-0.011,-0.021,-0.041,-0.06045,-0.0789,-0.0969,-0.11335,-0.1288,-0.1427
0.9,0.044,0.022,0.011,0.0,-0.011,-0.021,-0.041,-0.0605,-0.079,-0.097,-0.1135,-0.129,-0.14300000000000002
0.91,0.044,0.022,0.011,0.0,-0.011,-0.021,-0.041,-0.06055,-0.0791,-0.0971,-0.11365,-0.1292,-0.1433
0.92,0.044,0.022,0.011,0.0,-0.011,-0.021,-0.041,-0.0606,-0.0792,-0.09720000000000001,-0.1138,-0.12940000000000002,-0.1436
0.93,0.044,0.022,0.011,0.0,-0.011,-0.021,-0.041,-0.060649999999999996,-0.0793,-0.0973,-0.11395000000000001,-0.1296,-0.1439
0.9400000000000001,0.044,0.022,0.011,0.0,-0.011,-0.021,-0.041,-0.0607,-0.0794,-0.0974,-0.11410000000000001,-0.1298,-0.1442
0.9500000000000001,0.044,0.022,0.011,0.0,-0.011,-0.021,-0.041,-0.06075,-0.0795,-0.0975,-0.11425,-0.13,-0.1445
0.96,0.044,0.022,0.011,0.0,-0.011,-0.021,-0.041,-0.0608,-0.0796,-0.0976,-0.1144,-0.1302,-0.14479999999999998
0.97,0.044,0.022,0.011,0.0,-0.011,-0.021,-0.041,-0.06085,-0.07970000000000001,-0.09770000000000001,-0.11455,-0.13040000000000002,-0.1451
0.98,0.044,0.022,0.011,0.0,-0.011,-0.021,-0.041,-0.060899999999999996,-0.0798,-0.0978,-0.11470000000000001,-0.1306,-0.1454
0.99,0.044,0.022,0.011,0.0,-0.011,-0.021,-0.041,-0.06095,-0.0799,-0.0979,-0.11485000000000001,-0.1308,-0.1457
1.0,0.044,0.022,0.011,0.0,-0.011,-0.021,-0.041,-0.061,-0.08,-0.098,-0.115,-0.131,-0.146
1.01,0.044,0.022,0.011,0.0,-0.011,-0.021,-0.041,-0.061,-0.08,-0.09805,-0.11510000000000001,-0.13115000000000002,-0.1462
1.02,0.044,0.022,0.011,0.0,-0.011,-0.021,-0.041,-0.061,-0.08,-0.0981,-0.11520000000000001,-0.1313,-0.1464
1.03,0.044,0.022,0.011,0.0,-0.011,-0.021,-0.041,-0.061,-0.08,-0.09815,-0.1153,-0.13145,-0.14659999999999998
1.04,0.044,0.022,0.011,0.0,-0.011,-0.021,-0.041,-0.061,-0.08,-0.09820000000000001,-0.1154,-0.1316,-0.14679999999999999
1.05,0.044,0.022,0.011,0.0,-0.011,-0.021,-0.041,-0.061,-0.08,-0.09825,-0.1155,-0.13175,-0.147
1.06,0.044,0.022,0.011,0.0,-0.011,-0.021,-0.041,-0.061,-0.08,-0.0983,-0.11560000000000001,-0.13190000000000002,-0.1472
1.07,0.044,0.022,0.011,0.0,-0.011,-0.021,-0.041,-0.061,-0.08,-0.09835,-0.11570000000000001,-0.13205,-0.1474
1.08,0.044,0.022,0.011,0.0,-0.011,-0.021,-0.041,-0.061,-0.08,-0.0984,-0.1158,-0.1322,-0.14759999999999998
1.09,0.044,0.022,0.011,0.0,-0.011,-0.021,-0.041,-0.061,-0.08,-0.09845000000000001,-0.1159,-0.13235,-0.1478
1.1,0.044,0.022,0.011,0.0,-0.011,-0.021,-0.041,-0.061,-0.08,-0.0985,-0.116,-0.1325,-0.148
1.11,0.044,0.022,0.011,0.0,-0.011,-0.021,-0.041,-0.061,-0.08,-0.09855,-0.11610000000000001,-0.13265000000000002,-0.1482
1.12,0.044,0.022,0.011,0.0,-0.011,-0.021,-0.041,-0.061,-0.08,-0.09860000000000001,-0.11620000000000001,-0.1328,-0.1484
1.1300000000000001,0.044,0.022,0.011,0.0,-0.011,-0.021,-0.041,-0.061,-0.08,-0.09865,-0.1163,-0.13295,-0.14859999999999998
1.1400000000000001,0.044,0.022,0.011,0.0,-0.011,-0.021,-0.041,-0.061,-0.08,-0.09870000000000001,-0.1164,-0.1331,-0.1488
1.1500000000000001,0.044,0.022,0.011,0.0,-0.011,-0.021,-0.041,-0.061,-0.08,-0.09875,-0.1165,-0.13325,-0.149
1.16,0.044,0.022,0.011,0.0,-0.011,-0.021,-0.041,-0.061,-0.08,-0.0988,-0.11660000000000001,-0.13340000000000002,-0.1492
1.17,0.044,0.022,0.011,0.0,-0.011,-0.021,-0.041,-0.061,-0.08,-0.09885000000000001,-0.11670000000000001,-0.13355,-0.1494
1.18,0.044,0.022,0.011,0.0,-0.011,-0.021,-0.041,-0.061,-0.08,-0.0989,-0.1168,-0.1337,-0.14959999999999998
1.19,0.044,0.022,0.011,0.0,-0.011,-0.021,-0.041,-0.061,-0.08,-0.09895000000000001,-0.1169,-0.13385,-0.1498
1.2,0.044,0.022,0.011,0.0,-0.011,-0.021,-0.041,-0.061,-0.08,-0.099,-0.117,-0.134,-0.15
1.21,0.043975,0.022,0.011,0.0,-0.011,-0.021,-0.041025,-0.061024999999999996,-0.08005,-0.09905,-0.11707500000000001,-0.1341,-0.150125
1.22,0.043949999999999996,0.022,0.011,0.0,-0.011,-0.021,-0.04105,-0.06105,-0.0801,-0.09910000000000001,-0.11715,-0.1342,-0.15025
1.23,0.043925,0.022,0.011,0.0,-0.011,-0.021,-0.041075,-0.061075,-0.08015,-0.09915,-0.11722500000000001,-0.1343,-0.15037499999999998
1.24,0.043899999999999995,0.022,0.011,0.0,-0.011,-0.021,-0.041100000000000005,-0.0611,-0.08020000000000001,-0.09920000000000001,-0.1173,-0.13440000000000002,-0.1505
1.25,0.043875,0.022,0.011,0.0,-0.011,-0.021,-0.041125,-0.061125,-0.08025,-0.09925,-0.11737500000000001,-0.1345,-0.150625
1.26,0.04385,0.022,0.011,0.0,-0.011,-0.021,-0.04115,-0.061149999999999996,-0.0803,-0.0993,-0.11745,-0.1346,-0.15075
1.27,0.043824999999999996,0.022,0.011,0.0,-0.011,-0.021,-0.041175,-0.061175,-0.08035,-0.09935000000000001,-0.117525,-0.13470000000000001,-0.15087499999999998
1.28,0.0438,0.022,0.011,0.0,-0.011,-0.021,-0.0412,-0.0612,-0.0804,-0.0994,-0.11760000000000001,-0.1348,-0.151
1.29,0.043774999999999994,0.022,0.011,0.0,-0.011,-0.021,-0.041225000000000005,-0.061225,-0.08045000000000001,-0.09945000000000001,-0.117675,-0.13490000000000002,-0.151125
1.3,0.04375,0.022,0.011,0.0,-0.011,-0.021,-0.04125,-0.06125,-0.0805,-0.0995,-0.11775000000000001,-0.135,-0.15125
1.31,0.043725,0.022,0.011,0.0,-0.011,-0.021,-0.041275,-0.061274999999999996,-0.08055,-0.09955,-0.117825,-0.1351,-0.15137499999999998
1.32,0.043699999999999996,0.022,0.011,0.0,-0.011,-0.021,-0.0413,-0.0613,-0.0806,-0.09960000000000001,-0.1179,-0.13520000000000001,-0.1515
1.33,0.043675,0.022,0.011,0.0,-0.011,-0.021,-0.041325,-0.061325,-0.08065,-0.09965,-0.117975,-0.1353,-0.151625
1.34,0.043649999999999994,0.022,0.011,0.0,-0.011,-0.021,-0.041350000000000005,-0.06135,-0.08070000000000001,-0.09970000000000001,-0.11805,-0.13540000000000002,-0.15175
1.35,0.043625,0.022,0.011,0.0,-0.011,-0.021,-0.041375,-0.061375,-0.08075,-0.09975,-0.11812500000000001,-0.1355,-0.15187499999999998
1.36,0.0436,0.022,0.011,0.0,-0.011,-0.021,-0.0414,-0.061399999999999996,-0.0808,-0.0998,-0.1182,-0.1356,-0.152
1.37,0.043574999999999996,0.022,0.011,0.0,-0.011,-0.021,-0.041425000000000003,-0.061425,-0.08085,-0.09985000000000001,-0.118275,-0.13570000000000002,-0.152125
1.3800000000000001,0.04355,0.022,0.011,0.0,-0.011,-0.021,-0.04145,-0.06145,-0.0809,-0.0999,-0.11835,-0.1358,-0.15225
1.3900000000000001,0.043524999999999994,0.022,0.011,0.0,-0.011,-0.021,-0.041475000000000005,-0.061475,-0.08095000000000001,-0.09995000000000001,-0.118425,-0.13590000000000002,-0.15237499999999998
1.4000000000000001,0.0435,0.022,0.011,0.0,-0.011,-0.021,-0.0415,-0.0615,-0.081,-0.1,-0.1185,-0.136,-0.1525
1.41,0.043475,0.022,0.011,0.0,-0.011,-0.021,-0.041525,-0.061524999999999996,-0.08105,-0.10005,-0.118575,-0.1361,-0.152625
1.42,0.043449999999999996,0.022,0.011,0.0,-0.011,-0.021,-0.041550000000000004,-0.06155,-0.0811,-0.10010000000000001,-0.11865,-0.13620000000000002,-0.15275
1.43,0.043425,0.022,0.011,0.0,-0.011,-0.021,-0.041575,-0.061575,-0.08115,-0.10015,-0.118725,-0.1363,-0.15287499999999998
1.44,0.043399999999999994,0.022,0.011,0.0,-0.011,-0.021,-0.041600000000000005,-0.0616,-0.08120000000000001,-0.10020000000000001,-0.1188,-0.13640000000000002,-0.153
1.45,0.043375,0.022,0.011,0.0,-0.011,-0.021,-0.041625,-0.061625,-0.08125,-0.10025,-0.118875,-0.1365,-0.153125
1.46,0.04335,0.022,0.011,0.0,-0.011,-0.021,-0.04165,-0.061649999999999996,-0.0813,-0.1003,-0.11895,-0.1366,-0.15325
1.47,0.043324999999999995,0.022,0.011,0.0,-0.011,-0.021,-0.041675000000000004,-0.061675,-0.08135,-0.10035000000000001,-0.119025,-0.13670000000000002,-0.15337499999999998
1.48,0.0433,0.022,0.011,0.0,-0.011,-0.021,-0.0417,-0.0617,-0.0814,-0.1004,-0.1191,-0.1368,-0.1535
1.49,0.043274999999999994,0.022,0.011,0.0,-0.011,-0.021,-0.041725000000000005,-0.061725,-0.08145000000000001,-0.10045000000000001,-0.119175,-0.13690000000000002,-0.153625
1.5,0.04325,0.022,0.011,0.0,-0.011,-0.021,-0.04175,-0.06175,-0.0815,-0.1005,-0.11925,-0.137,-0.15375
1.51,0.043225,0.022,0.011,0.0,-0.011,-0.021,-0.041775,-0.061775,-0.08155,-0.10055,-0.119325,-0.1371,-0.15387499999999998
1.52,0.043199999999999995,0.022,0.011,0.0,-0.011,-0.021,-0.041800000000000004,-0.0618,-0.0816,-0.10060000000000001,-0.11939999999999999,-0.13720000000000002,-0.154
1.53,0.043175,0.022,0.011,0.0,-0.011,-0.021,-0.041825,-0.061825,-0.08165,-0.10065,-0.119475,-0.1373,-0.154125
1.54,0.043149999999999994,0.022,0.011,0.0,-0.011,-0.021,-0.041850000000000005,-0.06185,-0.08170000000000001,-0.10070000000000001,-0.11955,-0.13740000000000002,-0.15425
1.55,0.043125,0.022,0.011,0.0,-0.011,-0.021,-0.041875,-0.061875,-0.08175,-0.10075,-0.119625,-0.1375,-0.15437499999999998
1.56,0.0431,0.022,0.011,0.0,-0.011,-0.021,-0.0419,-0.0619,-0.0818,-0.1008,-0.1197,-0.1376,-0.1545
1.57,0.043074999999999995,0.022,0.011,0.0,-0.011,-0.021,-0.041925000000000004,-0.061925,-0.08185,-0.10085000000000001,-0.11977499999999999,-0.13770000000000002,-0.154625
1.58,0.04305,0.022,0.011,0.0,-0.011,-0.021,-0.04195,-0.06195,-0.0819,-0.1009,-0.11985,-0.1378,-0.15475
1.59,0.043024999999999994,0.022,0.011,0.0,-0.011,-0.021,-0.041975000000000005,-0.061975,-0.08195000000000001,-0.10095000000000001,-0.11992499999999999,-0.13790000000000002,-0.15487499999999998
1.6,0.043,0.022,0.011,0.0,-0.011,-0.021,-0.042,-0.062,-0.082,-0.101,-0.12,-0.138,-0.155
1.61,0.043,0.021949999999999997,0.011,0.0,-0.011,-0.021,-0.042,-0.062,-0.082,-0.101,-0.12,-0.13805,-0.1551
1.62,0.043,0.0219,0.011,0.0,-0.011,-0.021,-0.042,-0.062,-0.082,-0.101,-0.12,-0.1381,-0.1552
1.6300000000000001,0.043,0.021849999999999998,0.011,0.0,-0.011,-0.021,-0.042,-0.062,-0.082,-0.101,-0.12,-0.13815000000000002,-0.1553
1.6400000000000001,0.043,0.0218,0.011,0.0,-0.011,-0.021,-0.042,-0.062,-0.082,-0.101,-0.12,-0.13820000000000002,-0.1554
1.6500000000000001,0.043,0.02175,0.011,0.0,-0.011,-0.021,-0.042,-0.062,-0.082,-0.101,-0.12,-0.13825,-0.1555
1.6600000000000001,0.043,0.0217,0.011,0.0,-0.011,-0.021,-0.042,-0.062,-0.082,-0.101,-0.12,-0.1383,-0.1556
1.67,0.043,0.02165,0.011,0.0,-0.011,-0.021,-0.042,-0.062,-0.082,-0.101,-0.12,-0.13835,-0.1557
1.68,0.043,0.0216,0.011,0.0,-0.011,-0.021,-0.042,-0.062,-0.082,-0.101,-0.12,-0.13840000000000002,-0.1558
1.69,0.043,0.02155,0.011,0.0,-0.011,-0.021,-0.042,-0.062,-0.082,-0.101,-0.12,-0.13845000000000002,-0.1559
1.7,0.043,0.0215,0.011,0.0,-0.011,-0.021,-0.042,-0.062,-0.082,-0.101,-0.12,-0.1385,-0.156
1.71,0.043,0.02145,0.011,0.0,-0.011,-0.021,-0.042,-0.062,-0.082,-0.101,-0.12,-0.13855,-0.1561
1.72,0.043,0.0214,0.011,0.0,-0.011,-0.021,-0.042,-0.062,-0.082,-0.101,-0.12,-0.1386,-0.1562
1.73,0.043,0.02135,0.011,0.0,-0.011,-0.021,-0.042,-0.062,-0.082,-0.101,-0.12,-0.13865000000000002,-0.1563
1.74,0.043,0.0213,0.011,0.0,-0.011,-0.021,-0.042,-0.062,-0.082,-0.101,-0.12,-0.13870000000000002,-0.1564
1.75,0.043,0.02125,0.011,0.0,-0.011,-0.021,-0.042,-0.062,-0.082,-0.101,-0.12,-0.13875,-0.1565
1.76,0.043,0.0212,0.011,0.0,-0.011,-0.021,-0.042,-0.062,-0.082,-0.101,-0.12,-0.1388,-0.1566
1.77,0.043,0.021150000000000002,0.011,0.0,-0.011,-0.021,-0.042,-0.062,-0.082,-0.101,-0.12,-0.13885,-0.1567
1.78,0.043,0.0211,0.011,0.0,-0.011,-0.021,-0.042,-0.062,-0.082,-0.101,-0.12,-0.13890000000000002,-0.1568
1.79,0.043,0.021050000000000003,0.011,0.0,-0.011,-0.021,-0.042,-0.062,-0.082,-0.101,-0.12,-0.13895000000000002,-0.1569
1.8,0.043,0.021,0.011,0.0,-0.011,-0.021,-0.042,-0.062,-0.082,-0.101,-0.12,-0.139,-0.157
1.81,0.043,0.021,0.011,0.0,-0.011,-0.021,-0.042,-0.062,-0.082,-0.10105,-0.12004999999999999,-0.13905,-0.15705
1.82,0.043,0.021,0.011,0.0,-0.011,-0.021,-0.042,-0.062,-0.082,-0.10110000000000001,-0.1201,-0.1391,-0.1571
1.83,0.043,0.021,0.011,0.0,-0.011,-0.021,-0.042,-0.062,-0.082,-0.10115,-0.12014999999999999,-0.13915000000000002,-0.15715
1.84,0.043,0.021,0.011,0.0,-0.011,-0.021,-0.042,-0.062,-0.082,-0.1012,-0.1202,-0.13920000000000002,-0.1572
1.85,0.043,0.021,0.011,0.0,-0.011,-0.021,-0.042,-0.062,-0.082,-0.10125,-0.12025,-0.13925,-0.15725
1.86,0.043,0.021,0.011,0.0,-0.011,-0.021,-0.042,-0.062,-0.082,-0.1013,-0.12029999999999999,-0.1393,-0.1573
1.87,0.043,0.021,0.011,0.0,-0.011,-0.021,-0.042,-0.062,-0.082,-0.10135,-0.12035,-0.13935,-0.15735
1.8800000000000001,0.043,0.021,0.011,0.0,-0.011,-0.021,-0.042,-0.062,-0.082,-0.1014,-0.1204,-0.13940000000000002,-0.1574
1.8900000000000001,0.043,0.021,0.011,0.0,-0.011,-0.021,-0.042,-0.062,-0.082,-0.10145,-0.12045,-0.13945000000000002,-0.15745
1.9000000000000001,0.043,0.021,0.011,0.0,-0.011,-0.021,-0.042,-0.062,-0.082,-0.1015,-0.1205,-0.1395,-0.1575
1.9100000000000001,0.043,0.021,0.011,0.0,-0.011,-0.021,-0.042,-0.062,-0.082,-0.10155,-0.12054999999999999,-0.13955,-0.15755
1.92,0.043,0.021,0.011,0.0,-0.011,-0.021,-0.042,-0.062,-0.082,-0.1016,-0.1206,-0.1396,-0.1576
1.93,0.043,0.021,0.011,0.0,-0.011,-0.021,-0.042,-0.062,-0.082,-0.10165,-0.12065,-0.13965000000000002,-0.15765
1.94,0.043,0.021,0.011,0.0,-0.011,-0.021,-0.042,-0.062,-0.082,-0.1017,-0.1207,-0.13970000000000002,-0.1577
1.95,0.043,0.021,0.011,0.0,-0.011,-0.021,-0.042,-0.062,-0.082,-0.10175,-0.12075,-0.13975,-0.15775
1.96,0.043,0.021,0.011,0.0,-0.011,-0.021,-0.042,-0.062,-0.082,-0.1018,-0.12079999999999999,-0.1398,-0.1578
1.97,0.043,0.021,0.011,0.0,-0.011,-0.021,-0.042,-0.062,-0.082,-0.10185,-0.12085,-0.13985,-0.15785
1.98,0.043,0.021,0.011,0.0,-0.011,-0.021,-0.042,-0.062,-0.082,-0.10189999999999999,-0.1209,-0.13990000000000002,-0.1579
1.99,0.043,0.021,0.011,0.0,-0.011,-0.021,-0.042,-0.062,-0.082,-0.10195,-0.12095,-0.13995000000000002,-0.15795
2.0,0.043,0.021,0.011,0.0,-0.011,-0.021,-0.042,-0.062,-0.082,-0.102,-0.121,-0.14,-0.158
2.0100000000000002,0.043,0.021,0.011,0.0,-0.011,-0.021,-0.042,-0.062,-0.08205,-0.102,-0.12104999999999999,-0.14005,-0.1581
2.02,0.043,0.021,0.011,0.0,-0.011,-0.021,-0.042,-0.062,-0.0821,-0.102,-0.1211,-0.1401,-0.1582
2.0300000000000002,0.043,0.021,0.011,0.0,-0.011,-0.021,-0.042,-0.062,-0.08215,-0.102,-0.12115,-0.14015,-0.1583
2.04,0.043,0.021,0.011,0.0,-0.011,-0.021,-0.042,-0.062,-0.08220000000000001,-0.102,-0.1212,-0.14020000000000002,-0.1584
2.05,0.043,0.021,0.011,0.0,-0.011,-0.021,-0.042,-0.062,-0.08225,-0.102,-0.12125,-0.14025,-0.1585
2.06,0.043,0.021,0.011,0.0,-0.011,-0.021,-0.042,-0.062,-0.0823,-0.102,-0.12129999999999999,-0.1403,-0.1586
2.07,0.043,0.021,0.011,0.0,-0.011,-0.021,-0.042,-0.062,-0.08235,-0.102,-0.12135,-0.14035,-0.1587
2.08,0.043,0.021,0.011,0.0,-0.011,-0.021,-0.042,-0.062,-0.0824,-0.102,-0.1214,-0.1404,-0.1588
2.09,0.043,0.021,0.011,0.0,-0.011,-0.021,-0.042,-0.062,-0.08245000000000001,-0.102,-0.12145,-0.14045,-0.1589
2.1,0.043,0.021,0.011,0.0,-0.011,-0.021,-0.042,-0.062,-0.0825,-0.102,-0.1215,-0.1405,-0.159
2.11,0.043,0.021,0.011,0.0,-0.011,-0.021,-0.042,-0.062,-0.08255,-0.102,-0.12154999999999999,-0.14055,-0.1591
2.12,0.043,0.021,0.011,0.0,-0.011,-0.021,-0.042,-0.062,-0.0826,-0.102,-0.1216,-0.1406,-0.1592
2.13,0.043,0.021,0.011,0.0,-0.011,-0.021,-0.042,-0.062,-0.08265,-0.102,-0.12165,-0.14065,-0.1593
2.14,0.043,0.021,0.011,0.0,-0.011,-0.021,-0.042,-0.062,-0.08270000000000001,-0.102,-0.1217,-0.1407,-0.15940000000000001
2.15,0.043,0.021,0.011,0.0,-0.011,-0.021,-0.042,-0.062,-0.08275,-0.102,-0.12175,-0.14075,-0.1595
2.16,0.043,0.021,0.011,0.0,-0.011,-0.021,-0.042,-0.062,-0.0828,-0.102,-0.12179999999999999,-0.14079999999999998,-0.1596
2.17,0.043,0.021,0.011,0.0,-0.011,-0.021,-0.042,-0.062,-0.08285000000000001,-0.102,-0.12185,-0.14085,-0.1597
2.18,0.043,0.021,0.011,0.0,-0.011,-0.021,-0.042,-0.062,-0.0829,-0.102,-0.1219,-0.1409,-0.1598
2.19,0.043,0.021,0.011,0.0,-0.011,-0.021,-0.042,-0.062,-0.08295000000000001,-0.102,-0.12195,-0.14095,-0.15990000000000001
2.2,0.043,0.021,0.011,0.0,-0.011,-0.021,-0.042,-0.062,-0.083,-0.102,-0.122,-0.141,-0.16
2.21,0.043,0.021,0.011,0.0,-0.011,-0.021,-0.042,-0.06205,-0.083,-0.10204999999999999,-0.12204999999999999,-0.14104999999999998,-0.16005
2.22,0.043,0.021,0.011,0.0,-0.011,-0.021,-0.042,-0.0621,-0.083,-0.1021,-0.1221,-0.14109999999999998,-0.1601
2.23,0.043,0.021,0.011,0.0,-0.011,-0.021,-0.042,-0.06215,-0.083,-0.10214999999999999,-0.12215,-0.14115,-0.16015000000000001
2.24,0.043,0.021,0.011,0.0,-0.011,-0.021,-0.042,-0.0622,-0.083,-0.1022,-0.1222,-0.1412,-0.1602
2.25,0.043,0.021,0.011,0.0,-0.011,-0.021,-0.042,-0.06225,-0.083,-0.10225,-0.12225,-0.14125,-0.16025
2.2600000000000002,0.043,0.021,0.011,0.0,-0.011,-0.021,-0.042,-0.0623,-0.083,-0.10229999999999999,-0.12229999999999999,-0.14129999999999998,-0.1603
2.27,0.043,0.021,0.011,0.0,-0.011,-0.021,-0.042,-0.06235,-0.083,-0.10235,-0.12235,-0.14134999999999998,-0.16035
2.2800000000000002,0.043,0.021,0.011,0.0,-0.011,-0.021,-0.042,-0.0624,-0.083,-0.10239999999999999,-0.1224,-0.1414,-0.16040000000000001
2.29,0.043,0.021,0.011,0.0,-0.011,-0.021,-0.042,-0.06245,-0.083,-0.10245,-0.12245,-0.14145,-0.16045
2.3000000000000003,0.043,0.021,0.011,0.0,-0.011,-0.021,-0.042,-0.0625,-0.083,-0.1025,-0.1225,-0.1415,-0.1605
2.31,0.043,0.021,0.011,0.0,-0.011,-0.021,-0.042,-0.06255,-0.083,-0.10254999999999999,-0.12254999999999999,-0.14154999999999998,-0.16055
2.32,0.043,0.021,0.011,0.0,-0.011,-0.021,-0.042,-0.0626,-0.083,-0.1026,-0.1226,-0.14159999999999998,-0.1606
2.33,0.043,0.021,0.011,0.0,-0.011,-0.021,-0.042,-0.06265,-0.083,-0.10264999999999999,-0.12265,-0.14165,-0.16065000000000002
2.34,0.043,0.021,0.011,0.0,-0.011,-0.021,-0.042,-0.0627,-0.083,-0.1027,-0.1227,-0.1417,-0.1607
2.35,0.043,0.021,0.011,0.0,-0.011,-0.021,-0.042,-0.06275,-0.083,-0.10275,-0.12275,-0.14175,-0.16075
2.36,0.043,0.021,0.011,0.0,-0.011,-0.021,-0.042,-0.0628,-0.083,-0.10279999999999999,-0.12279999999999999,-0.14179999999999998,-0.1608
2.37,0.043,0.021,0.011,0.0,-0.011,-0.021,-0.042,-0.06285,-0.083,-0.10285,-0.12285,-0.14184999999999998,-0.16085
2.38,0.043,0.021,0.011,0.0,-0.011,-0.021,-0.042,-0.0629,-0.083,-0.10289999999999999,-0.1229,-0.1419,-0.16090000000000002
2.39,0.043,0.021,0.011,0.0,-0.011,-0.021,-0.042,-0.06295,-0.083,-0.10295,-0.12295,-0.14195,-0.16095
2.4,0.043,0.021,0.011,0.0,-0.011,-0.021,-0.042,-0.063,-0.083,-0.103,-0.123,-0.142,-0.161
2.41,0.043,0.021,0.011,0.0,-0.011,-0.021,-0.042,-0.063,-0.083,-0.103,-0.123,-0.14204999999999998,-0.16105
2.42,0.043,0.021,0.011,0.0,-0.011,-0.021,-0.042,-0.063,-0.083,-0.103,-0.123,-0.14209999999999998,-0.1611
2.43,0.043,0.021,0.011,0.0,-0.011,-0.021,-0.042,-0.063,-0.083,-0.103,-0.123,-0.14215,-0.16115000000000002
2.44,0.043,0.021,0.011,0.0,-0.011,-0.021,-0.042,-0.063,-0.083,-0.103,-0.123,-0.1422,-0.1612
2.45,0.043,0.021,0.011,0.0,-0.011,-0.021,-0.042,-0.063,-0.083,-0.103,-0.123,-0.14225,-0.16125
2.46,0.043,0.021,0.011,0.0,-0.011,-0.021,-0.042,-0.063,-0.083,-0.103,-0.123,-0.14229999999999998,-0.1613
2.47,0.043,0.021,0.011,0.0,-0.011,-0.021,-0.042,-0.063,-0.083,-0.103,-0.123,-0.14234999999999998,-0.16135
2.48,0.043,0.021,0.011,0.0,-0.011,-0.021,-0.042,-0.063,-0.083,-0.103,-0.123,-0.1424,-0.16140000000000002
2.49,0.043,0.021,0.011,0.0,-0.011,-0.021,-0.042,-0.063,-0.083,-0.103,-0.123,-0.14245,-0.16145
2.5,0.043,0.021,0.011,0.0,-0.011,-0.021,-0.042,-0.063,-0.083,-0.103,-0.123,-0.1425,-0.1615
2.5100000000000002,0.043,0.021,0.011,0.0,-0.011,-0.021,-0.042,-0.063,-0.083,-0.103,-0.123,-0.14254999999999998,-0.16155
2.52,0.043,0.021,0.011,0.0,-0.011,-0.021,-0.042,-0.063,-0.083,-0.103,-0.123,-0.14259999999999998,-0.1616
2.5300000000000002,0.043,0.021,0.011,0.0,-0.011,-0.021,-0.042,-0.063,-0.083,-0.103,-0.123,-0.14265,-0.16165000000000002
2.54,0.043,0.021,0.011,0.0,-0.011,-0.021,-0.042,-0.063,-0.083,-0.103,-0.123,-0.1427,-0.1617
2.5500000000000003,0.043,0.021,0.011,0.0,-0.011,-0.021,-0.042,-0.063,-0.083,-0.103,-0.123,-0.14275,-0.16175
2.56,0.043,0.021,0.011,0.0,-0.011,-0.021,-0.042,-0.063,-0.083,-0.103,-0.123,-0.14279999999999998,-0.1618
2.57,0.043,0.021,0.011,0.0,-0.011,-0.021,-0.042,-0.063,-0.083,-0.103,-0.123,-0.14284999999999998,-0.16185
2.58,0.043,0.021,0.011,0.0,-0.011,-0.021,-0.042,-0.063,-0.083,-0.103,-0.123,-0.1429,-0.16190000000000002
2.59,0.043,0.021,0.011,0.0,-0.011,-0.021,-0.042,-0.063,-0.083,-0.103,-0.123,-0.14295,-0.16195
2.6,0.043,0.021,0.011,0.0,-0.011,-0.021,-0.042,-0.063,-0.083,-0.103,-0.123,-0.143,-0.162
2.61,0.043,0.021,0.011,0.0,-0.011,-0.021,-0.042,-0.063,-0.083025,-0.10302499999999999,-0.123025,-0.14302499999999999,-0.16205
2.62,0.043,0.021,0.011,0.0,-0.011,-0.021,-0.042,-0.063,-0.08305,-0.10304999999999999,-0.12304999999999999,-0.14304999999999998,-0.1621
2.63,0.043,0.021,0.011,0.0,-0.011,-0.021,-0.042,-0.063,-0.08307500000000001,-0.103075,-0.123075,-0.14307499999999998,-0.16215000000000002
2.64,0.043,0.021,0.011,0.0,-0.011,-0.021,-0.042,-0.063,-0.08310000000000001,-0.1031,-0.1231,-0.14309999999999998,-0.1622
2.65,0.043,0.021,0.011,0.0,-0.011,-0.021,-0.042,-0.063,-0.083125,-0.103125,-0.123125,-0.143125,-0.16225
2.66,0.043,0.021,0.011,0.0,-0.011,-0.021,-0.042,-0.063,-0.08315,-0.10314999999999999,-0.12315,-0.14315,-0.1623
2.67,0.043,0.021,0.011,0.0,-0.011,-0.021,-0.042,-0.063,-0.083175,-0.10317499999999999,-0.12317499999999999,-0.143175,-0.16235
2.68,0.043,0.021,0.011,0.0,-0.011,-0.021,-0.042,-0.063,-0.08320000000000001,-0.1032,-0.1232,-0.1432,-0.16240000000000002
2.69,0.043,0.021,0.011,0.0,-0.011,-0.021,-0.042,-0.063,-0.08322500000000001,-0.103225,-0.123225,-0.143225,-0.16245
2.7,0.043,0.021,0.011,0.0,-0.011,-0.021,-0.042,-0.063,-0.08325,-0.10325,-0.12325,-0.14325,-0.1625
2.71,0.043,0.021,0.011,0.0,-0.011,-0.021,-0.042,-0.063,-0.083275,-0.10327499999999999,-0.123275,-0.14327499999999999,-0.16255
2.72,0.043,0.021,0.011,0.0,-0.011,-0.021,-0.042,-0.063,-0.0833,-0.10329999999999999,-0.12329999999999999,-0.14329999999999998,-0.1626
2.73,0.043,0.021,0.011,0.0,-0.011,-0.021,-0.042,-0.063,-0.08332500000000001,-0.103325,-0.123325,-0.14332499999999998,-0.16265000000000002
2.74,0.043,0.021,0.011,0.0,-0.011,-0.021,-0.042,-0.063,-0.08335000000000001,-0.10335,-0.12335,-0.14334999999999998,-0.1627
2.75,0.043,0.021,0.011,0.0,-0.011,-0.021,-0.042,-0.063,-0.083375,-0.103375,-0.123375,-0.14337499999999997,-0.16275
2.7600000000000002,0.043,0.021,0.011,0.0,-0.011,-0.021,-0.042,-0.063,-0.0834,-0.10339999999999999,-0.1234,-0.1434,-0.1628
2.77,0.043,0.021,0.011,0.0,-0.011,-0.021,-0.042,-0.063,-0.083425,-0.10342499999999999,-0.12342499999999999,-0.143425,-0.16285
2.7800000000000002,0.043,0.021,0.011,0.0,-0.011,-0.021,-0.042,-0.063,-0.08345000000000001,-0.10345,-0.12345,-0.14345,-0.16290000000000002
2.79,0.043,0.021,0.011,0.0,-0.011,-0.021,-0.042,-0.063,-0.08347500000000001,-0.103475,-0.123475,-0.143475,-0.16295
2.8000000000000003,0.043,0.021,0.011,0.0,-0.011,-0.021,-0.042,-0.063,-0.0835,-0.1035,-0.1235,-0.1435,-0.163
2.81,0.043,0.021,0.011,0.0,-0.011,-0.021,-0.042,-0.063,-0.083525,-0.10352499999999999,-0.123525,-0.14352499999999999,-0.16305
2.82,0.043,0.021,0.011,0.0,-0.011,-0.021,-0.042,-0.063,-0.08355,-0.10354999999999999,-0.12355,-0.14354999999999998,-0.1631
2.83,0.043,0.021,0.011,0.0,-0.011,-0.021,-0.042,-0.063,-0.08357500000000001,-0.103575,-0.123575,-0.14357499999999998,-0.16315000000000002
2.84,0.043,0.021,0.011,0.0,-0.011,-0.021,-0.042,-0.063,-0.08360000000000001,-0.1036,-0.1236,-0.14359999999999998,-0.1632
2.85,0.043,0.021,0.011,0.0,-0.011,-0.021,-0.042,-0.063,-0.083625,-0.103625,-0.123625,-0.143625,-0.16325
2.86,0.043,0.021,0.011,0.0,-0.011,-0.021,-0.042,-0.063,-0.08365,-0.10364999999999999,-0.12365,-0.14365,-0.1633
2.87,0.043,0.021,0.011,0.0,-0.011,-0.021,-0.042,-0.063,-0.083675,-0.10367499999999999,-0.123675,-0.143675,-0.16335
2.88,0.043,0.021,0.011,0.0,-0.011,-0.021,-0.042,-0.063,-0.08370000000000001,-0.1037,-0.1237,-0.1437,-0.16340000000000002
2.89,0.043,0.021,0.011,0.0,-0.011,-0.021,-0.042,-0.063,-0.08372500000000001,-0.103725,-0.123725,-0.143725,-0.16345
2.9,0.043,0.021,0.011,0.0,-0.011,-0.021,-0.042,-0.063,-0.08375,-0.10375,-0.12375,-0.14375,-0.1635
2.91,0.043,0.021,0.011,0.0,-0.011,-0.021,-0.042,-0.063,-0.083775,-0.10377499999999999,-0.123775,-0.143775,-0.16355
2.92,0.043,0.021,0.011,0.0,-0.011,-0.021,-0.042,-0.063,-0.0838,-0.10379999999999999,-0.1238,-0.14379999999999998,-0.1636
2.93,0.043,0.021,0.011,0.0,-0.011,-0.021,-0.042,-0.063,-0.08382500000000001,-0.103825,-0.123825,-0.14382499999999998,-0.16365000000000002
2.94,0.043,0.021,0.011,0.0,-0.011,-0.021,-0.042,-0.063,-0.08385000000000001,-0.10385,-0.12385,-0.14384999999999998,-0.1637
2.95,0.043,0.021,0.011,0.0,-0.011,-0.021,-0.042,-0.063,-0.083875,-0.103875,-0.123875,-0.14387499999999998,-0.16375
2.96,0.043,0.021,0.011,0.0,-0.011,-0.021,-0.042,-0.063,-0.0839,-0.10389999999999999,-0.1239,-0.1439,-0.1638
2.97,0.043,0.021,0.011,0.0,-0.011,-0.021,-0.042,-0.063,-0.083925,-0.10392499999999999,-0.123925,-0.143925,-0.16385
2.98,0.043,0.021,0.011,0.0,-0.011,-0.021,-0.042,-0.063,-0.08395000000000001,-0.10395,-0.12395,-0.14395,-0.16390000000000002
2.99,0.043,0.021,0.011,0.0,-0.011,-0.021,-0.042,-0.063,-0.08397500000000001,-0.103975,-0.123975,-0.143975,-0.16395
3.0,0.043,0.021,0.011,0.0,-0.011,-0.021,-0.042,-0.063,-0.084,-0.104,-0.124,-0.144,-0.164
3.0100000000000002,0.043,0.021,0.011,0.0,-0.011,-0.021,-0.042,-0.063,-0.084,-0.104,-0.124,-0.144,-0.164
3.02,0.043,0.021,0.011,0.0,-0.011,-0.021,-0.042,-0.063,-0.084,-0.104,-0.124,-0.144,-0.164
3.0300000000000002,0.043,0.021,0.011,0.0,-0.011,-0.021,-0.042,-0.063,-0.084,-0.104,-0.124,-0.144,-0.164
3.04,0.043,0.021,0.011,0.0,-0.011,-0.021,-0.042,-0.063,-0.084,-0.104,-0.124,-0.144,-0.164
3.0500000000000003,0.043,0.021,0.011,0.0,-0.011,-0.021,-0.042,-0.063,-0.084,-0.104,-0.124,-0.144,-0.164
3.06,0.043,0.021,0.011,0.0,-0.011,-0.021,-0.042,-0.063,-0.084,-0.104,-0.124,-0.144,-0.164
3.0700000000000003,0.043,0.021,0.011,0.0,-0.011,-0.021,-0.042,-0.063,-0.084,-0.104,-0.124,-0.144,-0.164
3.08,0.043,0.021,0.011,0.0,-0.011,-0.021,-0.042,-0.063,-0.084,-0.104,-0.124,-0.144,-0.164
3.09,0.043,0.021,0.011,0.0,-0.011,-0.021,-0.042,-0.063,-0.084,-0.104,-0.124,-0.144,-0.164
3.1,0.043,0.021,0.011,0.0,-0.011,-0.021,-0.042,-0.063,-0.084,-0.104,-0.124,-0.144,-0.164
3.11,0.043,0.021,0.011,0.0,-0.011,-0.021,-0.042,-0.063,-0.084,-0.104,-0.124,-0.144,-0.164
3.12,0.043,0.021,0.011,0.0,-0.011,-0.021,-0.042,-0.063,-0.084,-0.104,-0.124,-0.144,-0.164
3.13,0.043,0.021,0.011,0.0,-0.011,-0.021,-0.042,-0.063,-0.084,-0.104,-0.124,-0.144,-0.164
3.14,0.043,0.021,0.011,0.0,-0.011,-0.021,-0.042,-0.063,-0.084,-0.104,-0.124,-0.144,-0.164
3.15,0.043,0.021,0.011,0.0,-0.011,-0.021,-0.042,-0.063,-0.084,-0.104,-0.124,-0.144,-0.164
3.16,0.043,0.021,0.011,0.0,-0.011,-0.021,-0.042,-0.063,-0.084,-0.104,-0.124,-0.144,-0.164
3.17,0.043,0.021,0.011,0.0,-0.011,-0.021,-0.042,-0.063,-0.084,-0.104,-0.124,-0.144,-0.164
3.18,0.043,0.021,0.011,0.0,-0.011,-0.021,-0.042,-0.063,-0.084,-0.104,-0.124,-0.144,-0.164
3.19,0.043,0.021,0.011,0.0,-0.011,-0.021,-0.042,-0.063,-0.084,-0.104,-0.124,-0.144,-0.164
3.2,0.043,0.021,0.011,0.0,-0.011,-0.021,-0.042,-0.063,-0.084,-0.104,-0.124,-0.144,-0.164
3.21,0.043,0.021,0.011,0.0,-0.011,-0.021,-0.042,-0.063,-0.084,-0.104,-0.12405,-0.14404999999999998,-0.16405
3.22,0.043,0.021,0.011,0.0,-0.011,-0.021,-0.042,-0.063,-0.084,-0.104,-0.1241,-0.14409999999999998,-0.1641
3.23,0.043,0.021,0.011,0.0,-0.011,-0.021,-0.042,-0.063,-0.084,-0.104,-0.12415,-0.14415,-0.16415000000000002
3.24,0.043,0.021,0.011,0.0,-0.011,-0.021,-0.042,-0.063,-0.084,-0.104,-0.1242,-0.1442,-0.1642
3.25,0.043,0.021,0.011,0.0,-0.011,-0.021,-0.042,-0.063,-0.084,-0.104,-0.12425,-0.14425,-0.16425
3.2600000000000002,0.043,0.021,0.011,0.0,-0.011,-0.021,-0.042,-0.063,-0.084,-0.104,-0.1243,-0.14429999999999998,-0.1643
3.27,0.043,0.021,0.011,0.0,-0.011,-0.021,-0.042,-0.063,-0.084,-0.104,-0.12435,-0.14434999999999998,-0.16435
3.2800000000000002,0.043,0.021,0.011,0.0,-0.011,-0.021,-0.042,-0.063,-0.084,-0.104,-0.1244,-0.1444,-0.16440000000000002
3.29,0.043,0.021,0.011,0.0,-0.011,-0.021,-0.042,-0.063,-0.084,-0.104,-0.12445,-0.14445,-0.16445
3.3000000000000003,0.043,0.021,0.011,0.0,-0.011,-0.021,-0.042,-0.063,-0.084,-0.104,-0.1245,-0.1445,-0.1645
3.31,0.043,0.021,0.011,0.0,-0.011,-0.021,-0.042,-0.063,-0.084,-0.104,-0.12455,-0.14454999999999998,-0.16455
3.3200000000000003,0.043,0.021,0.011,0.0,-0.011,-0.021,-0.042,-0.063,-0.084,-0.104,-0.1246,-0.14459999999999998,-0.1646
3.33,0.043,0.021,0.011,0.0,-0.011,-0.021,-0.042,-0.063,-0.084,-0.104,-0.12465,-0.14465,-0.16465000000000002
3.34,0.043,0.021,0.011,0.0,-0.011,-0.021,-0.042,-0.063,-0.084,-0.104,-0.1247,-0.1447,-0.1647
3.35,0.043,0.021,0.011,0.0,-0.011,-0.021,-0.042,-0.063,-0.084,-0.104,-0.12475,-0.14475,-0.16475
3.36,0.043,0.021,0.011,0.0,-0.011,-0.021,-0.042,-0.063,-0.084,-0.104,-0.1248,-0.14479999999999998,-0.1648
3.37,0.043,0.021,0.011,0.0,-0.011,-0.021,-0.042,-0.063,-0.084,-0.104,-0.12485,-0.14484999999999998,-0.16485
3.38,0.043,0.021,0.011,0.0,-0.011,-0.021,-0.042,-0.063,-0.084,-0.104,-0.1249,-0.1449,-0.16490000000000002
3.39,0.043,0.021,0.011,0.0,-0.011,-0.021,-0.042,-0.063,-0.084,-0.104,-0.12495,-0.14495,-0.16495
3.4,0.043,0.021,0.011,0.0,-0.011,-0.021,-0.042,-0.063,-0.084,-0.104,-0.125,-0.145,-0.165
3.41,0.043,0.021,0.011,0.0,-0.011,-0.021,-0.042,-0.063,-0.084,-0.10404999999999999,-0.125,-0.145,-0.16505
3.42,0.043,0.021,0.011,0.0,-0.011,-0.021,-0.042,-0.063,-0.084,-0.1041,-0.125,-0.145,-0.1651
3.43,0.043,0.021,0.011,0.0,-0.011,-0.021,-0.042,-0.063,-0.084,-0.10414999999999999,-0.125,-0.145,-0.16515000000000002
3.44,0.043,0.021,0.011,0.0,-0.011,-0.021,-0.042,-0.063,-0.084,-0.1042,-0.125,-0.145,-0.1652
3.45,0.043,0.021,0.011,0.0,-0.011,-0.021,-0.042,-0.063,-0.084,-0.10425,-0.125,-0.145,-0.16525
3.46,0.043,0.021,0.011,0.0,-0.011,-0.021,-0.042,-0.063,-0.084,-0.10429999999999999,-0.125,-0.145,-0.1653
3.47,0.043,0.021,0.011,0.0,-0.011,-0.021,-0.042,-0.063,-0.084,-0.10435,-0.125,-0.145,-0.16535
3.48,0.043,0.021,0.011,0.0,-0.011,-0.021,-0.042,-0.063,-0.084,-0.10439999999999999,-0.125,-0.145,-0.16540000000000002
3.49,0.043,0.021,0.011,0.0,-0.011,-0.021,-0.042,-0.063,-0.084,-0.10445,-0.125,-0.145,-0.16545
3.5,0.043,0.021,0.011,0.0,-0.011,-0.021,-0.042,-0.063,-0.084,-0.1045,-0.125,-0.145,-0.1655
3.5100000000000002,0.043,0.021,0.011,0.0,-0.011,-0.021,-0.042,-0.063,-0.084,-0.10454999999999999,-0.125,-0.145,-0.16555
3.52,0.043,0.021,0.011,0.0,-0.011,-0.021,-0.042,-0.063,-0.084,-0.1046,-0.125,-0.145,-0.1656
3.5300000000000002,0.043,0.021,0.011,0.0,-0.011,-0.021,-0.042,-0.063,-0.084,-0.10464999999999999,-0.125,-0.145,-0.16565000000000002
3.54,0.043,0.021,0.011,0.0,-0.011,-0.021,-0.042,-0.063,-0.084,-0.1047,-0.125,-0.145,-0.16570000000000001
3.5500000000000003,0.043,0.021,0.011,0.0,-0.011,-0.021,-0.042,-0.063,-0.084,-0.10475,-0.125,-0.145,-0.16575
3.56,0.043,0.021,0.011,0.0,-0.011,-0.021,-0.042,-0.063,-0.084,-0.10479999999999999,-0.125,-0.145,-0.1658
3.5700000000000003,0.043,0.021,0.011,0.0,-0.011,-0.021,-0.042,-0.063,-0.084,-0.10485,-0.125,-0.145,-0.16585
3.58,0.043,0.021,0.011,0.0,-0.011,-0.021,-0.042,-0.063,-0.084,-0.1049,-0.125,-0.145,-0.16590000000000002
3.59,0.043,0.021,0.011,0.0,-0.011,-0.021,-0.042,-0.063,-0.084,-0.10495,-0.125,-0.145,-0.16595000000000001
3.6,0.043,0.021,0.011,0.0,-0.011,-0.021,-0.042,-0.063,-0.084,-0.105,-0.125,-0.145,-0.166
3.61,0.043,0.021,0.011,0.0,-0.011,-0.021,-0.042,-0.063,-0.084,-0.105,-0.125025,-0.145025,-0.166025
3.62,0.043,0.021,0.011,0.0,-0.011,-0.021,-0.042,-0.063,-0.084,-0.105,-0.12505,-0.14504999999999998,-0.16605
3.63,0.043,0.021,0.011,0.0,-0.011,-0.021,-0.042,-0.063,-0.084,-0.105,-0.125075,-0.14507499999999998,-0.166075
3.64,0.043,0.021,0.011,0.0,-0.011,-0.021,-0.042,-0.063,-0.084,-0.105,-0.1251,-0.14509999999999998,-0.1661
3.65,0.043,0.021,0.011,0.0,-0.011,-0.021,-0.042,-0.063,-0.084,-0.105,-0.125125,-0.145125,-0.16612500000000002
3.66,0.043,0.021,0.011,0.0,-0.011,-0.021,-0.042,-0.063,-0.084,-0.105,-0.12515,-0.14515,-0.16615000000000002
3.67,0.043,0.021,0.011,0.0,-0.011,-0.021,-0.042,-0.063,-0.084,-0.105,-0.125175,-0.145175,-0.16617500000000002
3.68,0.043,0.021,0.011,0.0,-0.011,-0.021,-0.042,-0.063,-0.084,-0.105,-0.1252,-0.1452,-0.16620000000000001
3.69,0.043,0.021,0.011,0.0,-0.011,-0.021,-0.042,-0.063,-0.084,-0.105,-0.125225,-0.145225,-0.166225
3.7,0.043,0.021,0.011,0.0,-0.011,-0.021,-0.042,-0.063,-0.084,-0.105,-0.12525,-0.14525,-0.16625
3.71,0.043,0.021,0.011,0.0,-0.011,-0.021,-0.042,-0.063,-0.084,-0.105,-0.125275,-0.145275,-0.166275
3.72,0.043,0.021,0.011,0.0,-0.011,-0.021,-0.042,-0.063,-0.084,-0.105,-0.1253,-0.14529999999999998,-0.1663
3.73,0.043,0.021,0.011,0.0,-0.011,-0.021,-0.042,-0.063,-0.084,-0.105,-0.125325,-0.14532499999999998,-0.166325
3.74,0.043,0.021,0.011,0.0,-0.011,-0.021,-0.042,-0.063,-0.084,-0.105,-0.12535,-0.14534999999999998,-0.16635
3.75,0.043,0.021,0.011,0.0,-0.011,-0.021,-0.042,-0.063,-0.084,-0.105,-0.12537500000000001,-0.14537499999999998,-0.166375
3.7600000000000002,0.043,0.021,0.011,0.0,-0.011,-0.021,-0.042,-0.063,-0.084,-0.105,-0.1254,-0.1454,-0.16640000000000002
3.77,0.043,0.021,0.011,0.0,-0.011,-0.021,-0.042,-0.063,-0.084,-0.105,-0.125425,-0.145425,-0.16642500000000002
3.7800000000000002,0.043,0.021,0.011,0.0,-0.011,-0.021,-0.042,-0.063,-0.084,-0.105,-0.12545,-0.14545,-0.16645000000000001
3.79,0.043,0.021,0.011,0.0,-0.011,-0.021,-0.042,-0.063,-0.084,-0.105,-0.125475,-0.145475,-0.166475
3.8000000000000003,0.043,0.021,0.011,0.0,-0.011,-0.021,-0.042,-0.063,-0.084,-0.105,-0.1255,-0.1455,-0.1665
3.81,0.043,0.021,0.011,0.0,-0.011,-0.021,-0.042,-0.063,-0.084,-0.105,-0.125525,-0.145525,-0.166525
3.8200000000000003,0.043,0.021,0.011,0.0,-0.011,-0.021,-0.042,-0.063,-0.084,-0.105,-0.12555,-0.14554999999999998,-0.16655
3.83,0.043,0.021,0.011,0.0,-0.011,-0.021,-0.042,-0.063,-0.084,-0.105,-0.125575,-0.14557499999999998,-0.166575
3.84,0.043,0.021,0.011,0.0,-0.011,-0.021,-0.042,-0.063,-0.084,-0.105,-0.1256,-0.14559999999999998,-0.1666
3.85,0.043,0.021,0.011,0.0,-0.011,-0.021,-0.042,-0.063,-0.084,-0.105,-0.125625,-0.145625,-0.16662500000000002
3.86,0.043,0.021,0.011,0.0,-0.011,-0.021,-0.042,-0.063,-0.084,-0.105,-0.12565,-0.14565,-0.16665000000000002
3.87,0.043,0.021,0.011,0.0,-0.011,-0.021,-0.042,-0.063,-0.084,-0.105,-0.125675,-0.145675,-0.16667500000000002
3.88,0.043,0.021,0.011,0.0,-0.011,-0.021,-0.042,-0.063,-0.084,-0.105,-0.1257,-0.1457,-0.16670000000000001
3.89,0.043,0.021,0.011,0.0,-0.011,-0.021,-0.042,-0.063,-0.084,-0.105,-0.125725,-0.145725,-0.166725
3.9,0.043,0.021,0.011,0.0,-0.011,-0.021,-0.042,-0.063,-0.084,-0.105,-0.12575,-0.14575,-0.16675
3.91,0.043,0.021,0.011,0.0,-0.011,-0.021,-0.042,-0.063,-0.084,-0.105,-0.125775,-0.145775,-0.166775
3.92,0.043,0.021,0.011,0.0,-0.011,-0.021,-0.042,-0.063,-0.084,-0.105,-0.1258,-0.14579999999999999,-0.1668
3.93,0.043,0.021,0.011,0.0,-0.011,-0.021,-0.042,-0.063,-0.084,-0.105,-0.125825,-0.14582499999999998,-0.166825
3.94,0.043,0.021,0.011,0.0,-0.011,-0.021,-0.042,-0.063,-0.084,-0.105,-0.12585,-0.14584999999999998,-0.16685
3.95,0.043,0.021,0.011,0.0,-0.011,-0.021,-0.042,-0.063,-0.084,-0.105,-0.12587500000000001,-0.14587499999999998,-0.166875
3.96,0.043,0.021,0.011,0.0,-0.011,-0.021,-0.042,-0.063,-0.084,-0.105,-0.1259,-0.1459,-0.16690000000000002
3.97,0.043,0.021,0.011,0.0,-0.011,-0.021,-0.042,-0.063,-0.084,-0.105,-0.125925,-0.145925,-0.16692500000000002
3.98,0.043,0.021,0.011,0.0,-0.011,-0.021,-0.042,-0.063,-0.084,-0.105,-0.12595,-0.14595,-0.16695000000000002
3.99,0.043,0.021,0.011,0.0,-0.011,-0.021,-0.042,-0.063,-0.084,-0.105,-0.125975,-0.145975,-0.166975
4.0,0.043,0.021,0.011,0.0,-0.011,-0.021,-0.042,-0.063,-0.084,-0.105,-0.126,-0.146,-0.167
4.01,0.043,0.021,0.011,0.0,-0.011,-0.021,-0.042010000000000006,-0.06301,-0.08401,-0.10500999999999999,-0.12601,-0.14603,-0.16703
4.0200000000000005,0.043,0.021,0.011,0.0,-0.011,-0.021,-0.04202,-0.06302,-0.08402000000000001,-0.10502,-0.12602,-0.14606,-0.16706000000000001
4.03,0.043,0.021,0.011,0.0,-0.011,-0.021,-0.042030000000000005,-0.06303,-0.08403000000000001,-0.10503,-0.12603,-0.14609,-0.16709000000000002
4.04,0.043,0.021,0.011,0.0,-0.011,-0.021,-0.04204,-0.06304,-0.08404,-0.10504,-0.12604,-0.14612,-0.16712000000000002
4.05,0.043,0.021,0.011,0.0,-0.011,-0.021,-0.042050000000000004,-0.06305,-0.08405,-0.10504999999999999,-0.12605,-0.14615,-0.16715000000000002
4.0600000000000005,0.043,0.021,0.011,0.0,-0.011,-0.021,-0.04206,-0.06306,-0.08406000000000001,-0.10506,-0.12606,-0.14618,-0.16718000000000002
4.07,0.043,0.021,0.011,0.0,-0.011,-0.021,-0.04207,-0.06307,-0.08407,-0.10507,-0.12607,-0.14620999999999998,-0.16721
4.08,0.043,0.021,0.011,0.0,-0.011,-0.021,-0.04208,-0.06308,-0.08408,-0.10507999999999999,-0.12608,-0.14623999999999998,-0.16724
4.09,0.043,0.021,0.011,0.0,-0.011,-0.021,-0.04209,-0.06309000000000001,-0.08409000000000001,-0.10509,-0.12609,-0.14626999999999998,-0.16727
4.1,0.043,0.021,0.011,0.0,-0.011,-0.021,-0.0421,-0.0631,-0.08410000000000001,-0.1051,-0.1261,-0.14629999999999999,-0.1673
4.11,0.043,0.021,0.011,0.0,-0.011,-0.021,-0.04211,-0.06311,-0.08411,-0.10511,-0.12611,-0.14633,-0.16733
4.12,0.043,0.021,0.011,0.0,-0.011,-0.021,-0.042120000000000005,-0.06312,-0.08412,-0.10511999999999999,-0.12612,-0.14636,-0.16736
4.13,0.043,0.021,0.011,0.0,-0.011,-0.021,-0.04213,-0.06313,-0.08413000000000001,-0.10513,-0.12613,-0.14639,-0.16739
4.14,0.043,0.021,0.011,0.0,-0.011,-0.021,-0.042140000000000004,-0.06314,-0.08414,-0.10514,-0.12614,-0.14642,-0.16742
4.15,0.043,0.021,0.011,0.0,-0.011,-0.021,-0.04215,-0.06315,-0.08415,-0.10515,-0.12615,-0.14645,-0.16745000000000002
4.16,0.043,0.021,0.011,0.0,-0.011,-0.021,-0.04216,-0.06316,-0.08416,-0.10515999999999999,-0.12616,-0.14648,-0.16748000000000002
4.17,0.043,0.021,0.011,0.0,-0.011,-0.021,-0.04217,-0.06317,-0.08417000000000001,-0.10517,-0.12617,-0.14651,-0.16751000000000002
4.18,0.043,0.021,0.011,0.0,-0.011,-0.021,-0.04218,-0.06318,-0.08418,-0.10518,-0.12618000000000001,-0.14654,-0.16754000000000002
4.19,0.043,0.021,0.011,0.0,-0.011,-0.021,-0.04219,-0.06319,-0.08419,-0.10518999999999999,-0.12619,-0.14656999999999998,-0.16757
4.2,0.043,0.021,0.011,0.0,-0.011,-0.021,-0.0422,-0.0632,-0.08420000000000001,-0.1052,-0.1262,-0.14659999999999998,-0.1676
4.21,0.043,0.021,0.011,0.0,-0.011,-0.021,-0.042210000000000004,-0.06321,-0.08421000000000001,-0.10521,-0.12621,-0.14662999999999998,-0.16763
4.22,0.043,0.021,0.011,0.0,-0.011,-0.021,-0.04222,-0.06322,-0.08422,-0.10522,-0.12622,-0.14665999999999998,-0.16766
4.23,0.043,0.021,0.011,0.0,-0.011,-0.021,-0.042230000000000004,-0.06323,-0.08423,-0.10522999999999999,-0.12623,-0.14669,-0.16769
4.24,0.043,0.021,0.011,0.0,-0.011,-0.021,-0.04224,-0.06324,-0.08424000000000001,-0.10524,-0.12624,-0.14672,-0.16772
4.25,0.043,0.021,0.011,0.0,-0.011,-0.021,-0.04225,-0.06325,-0.08425,-0.10525,-0.12625,-0.14675,-0.16775
4.26,0.043,0.021,0.011,0.0,-0.011,-0.021,-0.04226,-0.06326,-0.08426,-0.10525999999999999,-0.12626,-0.14678,-0.16778
4.2700000000000005,0.043,0.021,0.011,0.0,-0.011,-0.021,-0.04227,-0.06327,-0.08427000000000001,-0.10527,-0.12627,-0.14681,-0.16781000000000001
4.28,0.043,0.021,0.011,0.0,-0.011,-0.021,-0.04228,-0.06328,-0.08428000000000001,-0.10528,-0.12628,-0.14684,-0.16784000000000002
4.29,0.043,0.021,0.011,0.0,-0.011,-0.021,-0.04229,-0.06329,-0.08429,-0.10529,-0.12629,-0.14687,-0.16787000000000002
4.3,0.043,0.021,0.011,0.0,-0.011,-0.021,-0.042300000000000004,-0.0633,-0.0843,-0.10529999999999999,-0.1263,-0.1469,-0.16790000000000002
4.3100000000000005,0.043,0.021,0.011,0.0,-0.011,-0.021,-0.04231,-0.06331,-0.08431000000000001,-0.10531,-0.12631,-0.14693,-0.16793000000000002
4.32,0.043,0.021,0.011,0.0,-0.011,-0.021,-0.04232,-0.06332,-0.08432,-0.10532,-0.12632,-0.14695999999999998,-0.16796
4.33,0.043,0.021,0.011,0.0,-0.011,-0.021,-0.04233,-0.06333,-0.08433,-0.10533,-0.12633,-0.14698999999999998,-0.16799
4.34,0.043,0.021,0.011,0.0,-0.011,-0.021,-0.04234,-0.06334000000000001,-0.08434000000000001,-0.10534,-0.12634,-0.14701999999999998,-0.16802
4.3500000000000005,0.043,0.021,0.011,0.0,-0.011,-0.021,-0.04235,-0.06335,-0.08435000000000001,-0.10535,-0.12635,-0.14705,-0.16805
4.36,0.043,0.021,0.011,0.0,-0.011,-0.021,-0.04236,-0.06336,-0.08436,-0.10536,-0.12636,-0.14708,-0.16808
4.37,0.043,0.021,0.011,0.0,-0.011,-0.021,-0.04237,-0.06337,-0.08437,-0.10536999999999999,-0.12637,-0.14711,-0.16811
4.38,0.043,0.021,0.011,0.0,-0.011,-0.021,-0.04238,-0.06338,-0.08438000000000001,-0.10538,-0.12638,-0.14714,-0.16814
4.39,0.043,0.021,0.011,0.0,-0.011,-0.021,-0.04239,-0.06339,-0.08439,-0.10539,-0.12639,-0.14717,-0.16817000000000001
4.4,0.043,0.021,0.011,0.0,-0.011,-0.021,-0.0424,-0.0634,-0.0844,-0.1054,-0.1264,-0.1472,-0.16820000000000002
4.41,0.043,0.021,0.011,0.0,-0.011,-0.021,-0.04241,-0.06341,-0.08441,-0.10540999999999999,-0.12641,-0.14723,-0.16823000000000002
4.42,0.043,0.021,0.011,0.0,-0.011,-0.021,-0.04242,-0.06342,-0.08442000000000001,-0.10542,-0.12642,-0.14726,-0.16826000000000002
4.43,0.043,0.021,0.011,0.0,-0.011,-0.021,-0.04243,-0.06343,-0.08443,-0.10543,-0.12643000000000001,-0.14729,-0.16829000000000002
4.44,0.043,0.021,0.011,0.0,-0.011,-0.021,-0.04244,-0.06344,-0.08444,-0.10543999999999999,-0.12644,-0.14731999999999998,-0.16832
4.45,0.043,0.021,0.011,0.0,-0.011,-0.021,-0.04245,-0.06345,-0.08445000000000001,-0.10545,-0.12645,-0.14734999999999998,-0.16835
4.46,0.043,0.021,0.011,0.0,-0.011,-0.021,-0.04246,-0.06346,-0.08446000000000001,-0.10546,-0.12646,-0.14737999999999998,-0.16838
4.47,0.043,0.021,0.011,0.0,-0.011,-0.021,-0.04247,-0.06347,-0.08447,-0.10547,-0.12647,-0.14740999999999999,-0.16841
4.48,0.043,0.021,0.011,0.0,-0.011,-0.021,-0.04248,-0.06348,-0.08448,-0.10547999999999999,-0.12648,-0.14744,-0.16844
4.49,0.043,0.021,0.011,0.0,-0.011,-0.021,-0.04249,-0.06349,-0.08449000000000001,-0.10549,-0.12649,-0.14747,-0.16847
4.5,0.043,0.021,0.011,0.0,-0.011,-0.021,-0.042499999999999996,-0.0635,-0.0845,-0.1055,-0.1265,-0.1475,-0.1685
4.51,0.043,0.021,0.011,0.0,-0.011,-0.021,-0.04251,-0.06351,-0.08451,-0.10550999999999999,-0.12651,-0.14753,-0.16853
4.5200000000000005,0.043,0.021,0.011,0.0,-0.011,-0.021,-0.04252,-0.06352000000000001,-0.08452000000000001,-0.10552,-0.12652,-0.14756,-0.16856000000000002
4.53,0.043,0.021,0.011,0.0,-0.011,-0.021,-0.04253,-0.06353,-0.08453000000000001,-0.10553,-0.12653,-0.14759,-0.16859000000000002
4.54,0.043,0.021,0.011,0.0,-0.011,-0.021,-0.04254,-0.06354,-0.08454,-0.10554,-0.12654,-0.14762,-0.16862000000000002
4.55,0.043,0.021,0.011,0.0,-0.011,-0.021,-0.04255,-0.06355,-0.08455,-0.10554999999999999,-0.12655,-0.14765,-0.16865000000000002
4.5600000000000005,0.043,0.021,0.011,0.0,-0.011,-0.021,-0.04256,-0.06356,-0.08456000000000001,-0.10556,-0.12656,-0.14768,-0.16868000000000002
4.57,0.043,0.021,0.011,0.0,-0.011,-0.021,-0.04257,-0.06357,-0.08457,-0.10557,-0.12657,-0.14770999999999998,-0.16871
4.58,0.043,0.021,0.011,0.0,-0.011,-0.021,-0.04258,-0.06358,-0.08458,-0.10558,-0.12658,-0.14773999999999998,-0.16874
4.59,0.043,0.021,0.011,0.0,-0.011,-0.021,-0.042589999999999996,-0.06359000000000001,-0.08459000000000001,-0.10559,-0.12659,-0.14776999999999998,-0.16877
4.6000000000000005,0.043,0.021,0.011,0.0,-0.011,-0.021,-0.0426,-0.0636,-0.08460000000000001,-0.1056,-0.1266,-0.1478,-0.1688
4.61,0.043,0.021,0.011,0.0,-0.011,-0.021,-0.04261,-0.06361,-0.08461,-0.10561,-0.12661,-0.14783,-0.16883
4.62,0.043,0.021,0.011,0.0,-0.011,-0.021,-0.04262,-0.06362,-0.08462,-0.10561999999999999,-0.12662,-0.14786,-0.16886
4.63,0.043,0.021,0.011,0.0,-0.011,-0.021,-0.04263,-0.06363,-0.08463000000000001,-0.10563,-0.12663,-0.14789,-0.16889
4.64,0.043,0.021,0.011,0.0,-0.011,-0.021,-0.04264,-0.06364,-0.08464,-0.10564,-0.12664,-0.14792,-0.16892000000000001
4.65,0.043,0.021,0.011,0.0,-0.011,-0.021,-0.04265,-0.06365,-0.08465,-0.10565,-0.12665,-0.14795,-0.16895000000000002
4.66,0.043,0.021,0.011,0.0,-0.011,-0.021,-0.04266,-0.06366,-0.08466,-0.10565999999999999,-0.12666,-0.14798,-0.16898000000000002
4.67,0.043,0.021,0.011,0.0,-0.011,-0.021,-0.04267,-0.06367,-0.08467000000000001,-0.10567,-0.12667,-0.14801,-0.16901000000000002
4.68,0.043,0.021,0.011,0.0,-0.011,-0.021,-0.042679999999999996,-0.06368,-0.08468,-0.10568,-0.12668000000000001,-0.14804,-0.16904000000000002
4.69,0.043,0.021,0.011,0.0,-0.011,-0.021,-0.04269,-0.06369,-0.08469,-0.10568999999999999,-0.12669,-0.14806999999999998,-0.16907
4.7,0.043,0.021,0.011,0.0,-0.011,-0.021,-0.0427,-0.0637,-0.08470000000000001,-0.1057,-0.1267,-0.14809999999999998,-0.1691
4.71,0.043,0.021,0.011,0.0,-0.011,-0.021,-0.04271,-0.06371,-0.08471000000000001,-0.10571,-0.12671,-0.14812999999999998,-0.16913
4.72,0.043,0.021,0.011,0.0,-0.011,-0.021,-0.04272,-0.06372,-0.08472,-0.10572,-0.12672,-0.14816,-0.16916
4.73,0.043,0.021,0.011,0.0,-0.011,-0.021,-0.04273,-0.06373,-0.08473,-0.10572999999999999,-0.12673,-0.14819,-0.16919
4.74,0.043,0.021,0.011,0.0,-0.011,-0.021,-0.04274,-0.06374,-0.08474000000000001,-0.10574,-0.12674,-0.14822,-0.16922
4.75,0.043,0.021,0.011,0.0,-0.011,-0.021,-0.042749999999999996,-0.06375,-0.08475,-0.10575,-0.12675,-0.14825,-0.16925
4.76,0.043,0.021,0.011,0.0,-0.011,-0.021,-0.04276,-0.06376,-0.08476,-0.10575999999999999,-0.12676,-0.14828,-0.16928
4.7700000000000005,0.043,0.021,0.011,0.0,-0.011,-0.021,-0.042769999999999996,-0.06377000000000001,-0.08477000000000001,-0.10577,-0.12677,-0.14831,-0.16931000000000002
4.78,0.043,0.021,0.011,0.0,-0.011,-0.021,-0.04278,-0.06378,-0.08478000000000001,-0.10578,-0.12678,-0.14834,-0.16934000000000002
4.79,0.043,0.021,0.011,0.0,-0.011,-0.021,-0.042789999999999995,-0.06379,-0.08479,-0.10579,-0.12679,-0.14837,-0.16937000000000002
4.8,0.043,0.021,0.011,0.0,-0.011,-0.021,-0.0428,-0.0638,-0.0848,-0.10579999999999999,-0.1268,-0.1484,-0.16940000000000002
4.8100000000000005,0.043,0.021,0.011,0.0,-0.011,-0.021,-0.04281,-0.06381,-0.08481000000000001,-0.10581,-0.12681,-0.14843,-0.16943000000000003
4.82,0.043,0.021,0.011,0.0,-0.011,-0.021,-0.04282,-0.06382,-0.08482,-0.10582,-0.12682,-0.14845999999999998,-0.16946
4.83,0.043,0.021,0.011,0.0,-0.011,-0.021,-0.04283,-0.06383,-0.08483,-0.10583,-0.12683,-0.14848999999999998,-0.16949
4.84,0.043,0.021,0.011,0.0,-0.011,-0.021,-0.042839999999999996,-0.06384000000000001,-0.08484000000000001,-0.10584,-0.12684,-0.14851999999999999,-0.16952
4.8500000000000005,0.043,0.021,0.011,0.0,-0.011,-0.021,-0.04285,-0.06385,-0.08485000000000001,-0.10585,-0.12685,-0.14855,-0.16955
4.86,0.043,0.021,0.011,0.0,-0.011,-0.021,-0.042859999999999995,-0.06386,-0.08486,-0.10586,-0.12686,-0.14858,-0.16958
4.87,0.043,0.021,0.011,0.0,-0.011,-0.021,-0.04287,-0.06387,-0.08487,-0.10586999999999999,-0.12687,-0.14861,-0.16961
4.88,0.043,0.021,0.011,0.0,-0.011,-0.021,-0.042879999999999995,-0.06388,-0.08488000000000001,-0.10588,-0.12688,-0.14864,-0.16964
4.89,0.043,0.021,0.011,0.0,-0.011,-0.021,-0.04289,-0.06389,-0.08489000000000001,-0.10589,-0.12689,-0.14867,-0.16967000000000002
4.9,0.043,0.021,0.011,0.0,-0.011,-0.021,-0.042899999999999994,-0.0639,-0.0849,-0.1059,-0.1269,-0.1487,-0.16970000000000002
4.91,0.043,0.021,0.011,0.0,-0.011,-0.021,-0.04291,-0.06391,-0.08491,-0.10590999999999999,-0.12691,-0.14873,-0.16973000000000002
4.92,0.043,0.021,0.011,0.0,-0.011,-0.021,-0.04292,-0.06392,-0.08492000000000001,-0.10592,-0.12692,-0.14876,-0.16976000000000002
4.93,0.043,0.021,0.011,0.0,-0.011,-0.021,-0.042929999999999996,-0.06393,-0.08493,-0.10593,-0.12693000000000002,-0.14879,-0.16979000000000002
4.94,0.043,0.021,0.011,0.0,-0.011,-0.021,-0.04294,-0.06394,-0.08494,-0.10593999999999999,-0.12694,-0.14881999999999998,-0.16982
4.95,0.043,0.021,0.011,0.0,-0.011,-0.021,-0.042949999999999995,-0.06395,-0.08495000000000001,-0.10595,-0.12695,-0.14884999999999998,-0.16985
4.96,0.043,0.021,0.011,0.0,-0.011,-0.021,-0.04296,-0.06396,-0.08496000000000001,-0.10596,-0.12696,-0.14887999999999998,-0.16988
4.97,0.043,0.021,0.011,0.0,-0.011,-0.021,-0.042969999999999994,-0.06397,-0.08497,-0.10597,-0.12697,-0.14891,-0.16991
4.98,0.043,0.021,0.011,0.0,-0.011,-0.021,-0.04298,-0.06398,-0.08498,-0.10597999999999999,-0.12698,-0.14894,-0.16994
4.99,0.043,0.021,0.011,0.0,-0.011,-0.021,-0.042989999999999993,-0.06399,-0.08499000000000001,-0.10599,-0.12699,-0.14897,-0.16997
5.0,0.043,0.021,0.011,0.0,-0.011,-0.021,-0.043,-0.064,-0.085,-0.106,-0.127,-0.149,-0.17
5.01,0.042989999999999993,0.021,0.011,0.0,-0.011,-0.021,-0.043,-0.064,-0.08501,-0.10601,-0.12702,-0.14901999999999999,-0.17002
5.0200000000000005,0.04298,0.021,0.011,0.0,-0.011,-0.021,-0.043,-0.064,-0.08502000000000001,-0.10602,-0.12704000000000001,-0.14904,-0.17004000000000002
5.03,0.042969999999999994,0.021,0.011,0.0,-0.011,-0.021,-0.043,-0.064,-0.08503000000000001,-0.10603,-0.12706,-0.14906,-0.17006000000000002
5.04,0.04296,0.021,0.011,0.0,-0.011,-0.021,-0.043,-0.064,-0.08504,-0.10604,-0.12708,-0.14908,-0.17008
5.05,0.042949999999999995,0.021,0.011,0.0,-0.011,-0.021,-0.043,-0.064,-0.08505,-0.10604999999999999,-0.1271,-0.14909999999999998,-0.1701
5.0600000000000005,0.04294,0.021,0.011,0.0,-0.011,-0.021,-0.043,-0.064,-0.08506000000000001,-0.10606,-0.12712,-0.14912,-0.17012000000000002
5.07,0.042929999999999996,0.021,0.011,0.0,-0.011,-0.021,-0.043,-0.064,-0.08507,-0.10607,-0.12714,-0.14914,-0.17014
5.08,0.04292,0.021,0.011,0.0,-0.011,-0.021,-0.043,-0.064,-0.08508,-0.10608,-0.12716,-0.14916,-0.17016
5.09,0.04291,0.021,0.011,0.0,-0.011,-0.021,-0.043,-0.064,-0.08509,-0.10609,-0.12718000000000002,-0.14918,-0.17018
5.1000000000000005,0.042899999999999994,0.021,0.011,0.0,-0.011,-0.021,-0.043,-0.064,-0.08510000000000001,-0.1061,-0.1272,-0.1492,-0.17020000000000002
5.11,0.04289,0.021,0.011,0.0,-0.011,-0.021,-0.043,-0.064,-0.08511,-0.10611,-0.12722,-0.14922,-0.17022
5.12,0.042879999999999995,0.021,0.011,0.0,-0.011,-0.021,-0.043,-0.064,-0.08512,-0.10611999999999999,-0.12724,-0.14923999999999998,-0.17024
5.13,0.04287,0.021,0.011,0.0,-0.011,-0.021,-0.043,-0.064,-0.08513000000000001,-0.10613,-0.12726,-0.14926,-0.17026000000000002
5.14,0.042859999999999995,0.021,0.011,0.0,-0.011,-0.021,-0.043,-0.064,-0.08514000000000001,-0.10614,-0.12728,-0.14928,-0.17028000000000001
5.15,0.04285,0.021,0.011,0.0,-0.011,-0.021,-0.043,-0.064,-0.08515,-0.10615,-0.1273,-0.1493,-0.1703
5.16,0.042839999999999996,0.021,0.011,0.0,-0.011,-0.021,-0.043,-0.064,-0.08516,-0.10615999999999999,-0.12732,-0.14931999999999998,-0.17032
5.17,0.04283,0.021,0.011,0.0,-0.011,-0.021,-0.043,-0.064,-0.08517000000000001,-0.10617,-0.12734,-0.14934,-0.17034000000000002
5.18,0.04282,0.021,0.011,0.0,-0.011,-0.021,-0.043,-0.064,-0.08518,-0.10618,-0.12736,-0.14936,-0.17036
5.19,0.04281,0.021,0.011,0.0,-0.011,-0.021,-0.043,-0.064,-0.08519,-0.10618999999999999,-0.12738,-0.14937999999999999,-0.17038
5.2,0.0428,0.021,0.011,0.0,-0.011,-0.021,-0.043,-0.064,-0.0852,-0.1062,-0.1274,-0.1494,-0.1704
5.21,0.042789999999999995,0.021,0.011,0.0,-0.011,-0.021,-0.043,-0.064,-0.08521000000000001,-0.10621,-0.12742,-0.14942,-0.17042000000000002
5.22,0.04278,0.021,0.011,0.0,-0.011,-0.021,-0.043,-0.064,-0.08522,-0.10622,-0.12744,-0.14944,-0.17044
5.23,0.042769999999999996,0.021,0.011,0.0,-0.011,-0.021,-0.043,-0.064,-0.08523,-0.10622999999999999,-0.12746,-0.14945999999999998,-0.17046
5.24,0.04276,0.021,0.011,0.0,-0.011,-0.021,-0.043,-0.064,-0.08524,-0.10624,-0.12748,-0.14948,-0.17048
5.25,0.042749999999999996,0.021,0.011,0.0,-0.011,-0.021,-0.043,-0.064,-0.08525,-0.10625,-0.1275,-0.1495,-0.1705
5.26,0.04274,0.021,0.011,0.0,-0.011,-0.021,-0.043,-0.064,-0.08526,-0.10626,-0.12752,-0.14952,-0.17052
5.2700000000000005,0.04273,0.021,0.011,0.0,-0.011,-0.021,-0.043,-0.064,-0.08527,-0.10627,-0.12754000000000001,-0.14954,-0.17054
5.28,0.04272,0.021,0.011,0.0,-0.011,-0.021,-0.043,-0.064,-0.08528000000000001,-0.10628,-0.12756,-0.14956,-0.17056000000000002
5.29,0.04271,0.021,0.011,0.0,-0.011,-0.021,-0.043,-0.064,-0.08529,-0.10629,-0.12758,-0.14958,-0.17058
5.3,0.0427,0.021,0.011,0.0,-0.011,-0.021,-0.043,-0.064,-0.0853,-0.10629999999999999,-0.1276,-0.14959999999999998,-0.1706
5.3100000000000005,0.04269,0.021,0.011,0.0,-0.011,-0.021,-0.043,-0.064,-0.08531,-0.10631,-0.12762,-0.14962,-0.17062
5.32,0.042679999999999996,0.021,0.011,0.0,-0.011,-0.021,-0.043,-0.064,-0.08532000000000001,-0.10632,-0.12764,-0.14964,-0.17064000000000001
5.33,0.04267,0.021,0.011,0.0,-0.011,-0.021,-0.043,-0.064,-0.08533,-0.10633,-0.12766,-0.14966,-0.17066
5.34,0.04266,0.021,0.011,0.0,-0.011,-0.021,-0.043,-0.064,-0.08534,-0.10634,-0.12768000000000002,-0.14968,-0.17068
5.3500000000000005,0.04265,0.021,0.011,0.0,-0.011,-0.021,-0.043,-0.064,-0.08535,-0.10635,-0.1277,-0.1497,-0.1707
5.36,0.04264,0.021,0.011,0.0,-0.011,-0.021,-0.043,-0.064,-0.08536,-0.10636,-0.12772,-0.14972,-0.17072
5.37,0.04263,0.021,0.011,0.0,-0.011,-0.021,-0.043,-0.064,-0.08537,-0.10636999999999999,-0.12774,-0.14973999999999998,-0.17074
5.38,0.04262,0.021,0.011,0.0,-0.011,-0.021,-0.043,-0.064,-0.08538,-0.10638,-0.12776,-0.14976,-0.17076
5.39,0.04261,0.021,0.011,0.0,-0.011,-0.021,-0.043,-0.064,-0.08539000000000001,-0.10639,-0.12778,-0.14978,-0.17078000000000002
5.4,0.0426,0.021,0.011,0.0,-0.011,-0.021,-0.043,-0.064,-0.0854,-0.1064,-0.1278,-0.1498,-0.1708
5.41,0.042589999999999996,0.021,0.011,0.0,-0.011,-0.021,-0.043,-0.064,-0.08541,-0.10640999999999999,-0.12782,-0.14981999999999998,-0.17082
5.42,0.04258,0.021,0.011,0.0,-0.011,-0.021,-0.043,-0.064,-0.08542,-0.10642,-0.12784,-0.14984,-0.17084
5.43,0.04257,0.021,0.011,0.0,-0.011,-0.021,-0.043,-0.064,-0.08543,-0.10643,-0.12786,-0.14986,-0.17086
5.44,0.04256,0.021,0.011,0.0,-0.011,-0.021,-0.043,-0.064,-0.08544,-0.10643999999999999,-0.12788,-0.14987999999999999,-0.17088
5.45,0.04255,0.021,0.011,0.0,-0.011,-0.021,-0.043,-0.064,-0.08545,-0.10645,-0.1279,-0.1499,-0.1709
5.46,0.04254,0.021,0.011,0.0,-0.011,-0.021,-0.043,-0.064,-0.08546,-0.10646,-0.12792,-0.14992,-0.17092
5.47,0.04253,0.021,0.011,0.0,-0.011,-0.021,-0.043,-0.064,-0.08547,-0.10647,-0.12794,-0.14994,-0.17094
5.48,0.04252,0.021,0.011,0.0,-0.011,-0.021,-0.043,-0.064,-0.08548,-0.10647999999999999,-0.12796,-0.14995999999999998,-0.17096
5.49,0.04251,0.021,0.011,0.0,-0.011,-0.021,-0.043,-0.064,-0.08549,-0.10649,-0.12798,-0.14998,-0.17098
5.5,0.042499999999999996,0.021,0.011,0.0,-0.011,-0.021,-0.043,-0.064,-0.08549999999999999,-0.1065,-0.128,-0.15,-0.17099999999999999
5.51,0.04249,0.021,0.011,0.0,-0.011,-0.021,-0.043,-0.064,-0.08551,-0.10651,-0.12802,-0.15002,-0.17102
5.5200000000000005,0.04248,0.021,0.011,0.0,-0.011,-0.021,-0.043,-0.064,-0.08552,-0.10652,-0.12804000000000001,-0.15004,-0.17104
5.53,0.04247,0.021,0.011,0.0,-0.011,-0.021,-0.043,-0.064,-0.08553,-0.10653,-0.12806,-0.15006,-0.17106
5.54,0.04246,0.021,0.011,0.0,-0.011,-0.021,-0.043,-0.064,-0.08554,-0.10654,-0.12808,-0.15008,-0.17108
5.55,0.04245,0.021,0.011,0.0,-0.011,-0.021,-0.043,-0.064,-0.08555,-0.10654999999999999,-0.1281,-0.15009999999999998,-0.1711
5.5600000000000005,0.04244,0.021,0.011,0.0,-0.011,-0.021,-0.043,-0.064,-0.08556,-0.10656,-0.12812,-0.15012,-0.17112
5.57,0.04243,0.021,0.011,0.0,-0.011,-0.021,-0.043,-0.064,-0.08557,-0.10657,-0.12814,-0.15014,-0.17114
5.58,0.04242,0.021,0.011,0.0,-0.011,-0.021,-0.043,-0.064,-0.08558,-0.10658,-0.12816,-0.15016,-0.17116
5.59,0.04241,0.021,0.011,0.0,-0.011,-0.021,-0.043,-0.064,-0.08559,-0.10659,-0.12818000000000002,-0.15018,-0.17118
5.6000000000000005,0.0424,0.021,0.011,0.0,-0.011,-0.021,-0.043,-0.064,-0.0856,-0.1066,-0.1282,-0.1502,-0.1712
5.61,0.04239,0.021,0.011,0.0,-0.011,-0.021,-0.043,-0.064,-0.08560999999999999,-0.10661,-0.12822,-0.15022,-0.17121999999999998
5.62,0.04238,0.021,0.011,0.0,-0.011,-0.021,-0.043,-0.064,-0.08562,-0.10661999999999999,-0.12824,-0.15023999999999998,-0.17124
5.63,0.04237,0.021,0.011,0.0,-0.011,-0.021,-0.043,-0.064,-0.08563,-0.10663,-0.12826,-0.15026,-0.17126
5.64,0.04236,0.021,0.011,0.0,-0.011,-0.021,-0.043,-0.064,-0.08564,-0.10664,-0.12828,-0.15028,-0.17128
5.65,0.04235,0.021,0.011,0.0,-0.011,-0.021,-0.043,-0.064,-0.08565,-0.10665,-0.1283,-0.1503,-0.1713
5.66,0.04234,0.021,0.011,0.0,-0.011,-0.021,-0.043,-0.064,-0.08566,-0.10665999999999999,-0.12832,-0.15031999999999998,-0.17132
5.67,0.04233,0.021,0.011,0.0,-0.011,-0.021,-0.043,-0.064,-0.08567,-0.10667,-0.12834,-0.15034,-0.17134
5.68,0.04232,0.021,0.011,0.0,-0.011,-0.021,-0.043,-0.064,-0.08567999999999999,-0.10668,-0.12836,-0.15036,-0.17135999999999998
5.69,0.04231,0.021,0.011,0.0,-0.011,-0.021,-0.043,-0.064,-0.08569,-0.10669,-0.12838,-0.15037999999999999,-0.17138
5.7,0.042300000000000004,0.021,0.011,0.0,-0.011,-0.021,-0.043,-0.064,-0.0857,-0.1067,-0.12840000000000001,-0.1504,-0.1714
5.71,0.04229,0.021,0.011,0.0,-0.011,-0.021,-0.043,-0.064,-0.08571,-0.10671,-0.12842,-0.15042,-0.17142
5.72,0.04228,0.021,0.011,0.0,-0.011,-0.021,-0.043,-0.064,-0.08571999999999999,-0.10672,-0.12844,-0.15044,-0.17143999999999998
5.73,0.04227,0.021,0.011,0.0,-0.011,-0.021,-0.043,-0.064,-0.08573,-0.10672999999999999,-0.12846,-0.15045999999999998,-0.17146
5.74,0.04226,0.021,0.011,0.0,-0.011,-0.021,-0.043,-0.064,-0.08574,-0.10674,-0.12848,-0.15048,-0.17148
5.75,0.04225,0.021,0.011,0.0,-0.011,-0.021,-0.043,-0.064,-0.08574999999999999,-0.10675,-0.1285,-0.1505,-0.17149999999999999
5.76,0.04224,0.021,0.011,0.0,-0.011,-0.021,-0.043,-0.064,-0.08576,-0.10676,-0.12852,-0.15052,-0.17152
5.7700000000000005,0.042230000000000004,0.021,0.011,0.0,-0.011,-0.021,-0.043,-0.064,-0.08577,-0.10677,-0.12854000000000002,-0.15054,-0.17154
5.78,0.04222,0.021,0.011,0.0,-0.011,-0.021,-0.043,-0.064,-0.08578,-0.10678,-0.12856,-0.15056,-0.17156
5.79,0.042210000000000004,0.021,0.011,0.0,-0.011,-0.021,-0.043,-0.064,-0.08578999999999999,-0.10679,-0.12858,-0.15058,-0.17157999999999998
5.8,0.0422,0.021,0.011,0.0,-0.011,-0.021,-0.043,-0.064,-0.0858,-0.10679999999999999,-0.1286,-0.15059999999999998,-0.1716
5.8100000000000005,0.04219,0.021,0.011,0.0,-0.011,-0.021,-0.043,-0.064,-0.08581,-0.10681,-0.12862,-0.15062,-0.17162
5.82,0.04218,0.021,0.011,0.0,-0.011,-0.021,-0.043,-0.064,-0.08582,-0.10682,-0.12864,-0.15064,-0.17164
5.83,0.04217,0.021,0.011,0.0,-0.011,-0.021,-0.043,-0.064,-0.08582999999999999,-0.10683,-0.12866,-0.15066,-0.17165999999999998
5.84,0.04216,0.021,0.011,0.0,-0.011,-0.021,-0.043,-0.064,-0.08584,-0.10684,-0.12868000000000002,-0.15068,-0.17168
5.8500000000000005,0.04215,0.021,0.011,0.0,-0.011,-0.021,-0.043,-0.064,-0.08585,-0.10685,-0.1287,-0.1507,-0.1717
5.86,0.042140000000000004,0.021,0.011,0.0,-0.011,-0.021,-0.043,-0.064,-0.08585999999999999,-0.10686,-0.12872,-0.15072,-0.17171999999999998
5.87,0.04213,0.021,0.011,0.0,-0.011,-0.021,-0.043,-0.064,-0.08586999999999999,-0.10686999999999999,-0.12874,-0.15073999999999999,-0.17173999999999998
5.88,0.042120000000000005,0.021,0.011,0.0,-0.011,-0.021,-0.043,-0.064,-0.08588,-0.10688,-0.12876,-0.15076,-0.17176
5.89,0.04211,0.021,0.011,0.0,-0.011,-0.021,-0.043,-0.064,-0.08589,-0.10689,-0.12878,-0.15078,-0.17178
5.9,0.0421,0.021,0.011,0.0,-0.011,-0.021,-0.043,-0.064,-0.08589999999999999,-0.1069,-0.1288,-0.1508,-0.17179999999999998
5.91,0.04209,0.021,0.011,0.0,-0.011,-0.021,-0.043,-0.064,-0.08591,-0.10690999999999999,-0.12882,-0.15081999999999998,-0.17182
5.92,0.04208,0.021,0.011,0.0,-0.011,-0.021,-0.043,-0.064,-0.08592,-0.10692,-0.12884,-0.15084,-0.17184
5.93,0.04207,0.021,0.011,0.0,-0.011,-0.021,-0.043,-0.064,-0.08592999999999999,-0.10693,-0.12886,-0.15086,-0.17185999999999998
5.94,0.04206,0.021,0.011,0.0,-0.011,-0.021,-0.043,-0.064,-0.08593999999999999,-0.10694,-0.12888,-0.15088,-0.17187999999999998
5.95,0.042050000000000004,0.021,0.011,0.0,-0.011,-0.021,-0.043,-0.064,-0.08595,-0.10695,-0.12890000000000001,-0.1509,-0.1719
5.96,0.04204,0.021,0.011,0.0,-0.011,-0.021,-0.043,-0.064,-0.08596,-0.10696,-0.12892,-0.15092,-0.17192
5.97,0.042030000000000005,0.021,0.011,0.0,-0.011,-0.021,-0.043,-0.064,-0.08596999999999999,-0.10697,-0.12894,-0.15094,-0.17193999999999998
5.98,0.04202,0.021,0.011,0.0,-0.011,-0.021,-0.043,-0.064,-0.08597999999999999,-0.10697999999999999,-0.12896,-0.15095999999999998,-0.17195999999999997
5.99,0.042010000000000006,0.021,0.011,0.0,-0.011,-0.021,-0.043,-0.064,-0.08599,-0.10699,-0.12898,-0.15098,-0.17198
6.0,0.042,0.021,0.011,0.0,-0.011,-0.021,-0.043,-0.064,-0.086,-0.107,-0.129,-0.151,-0.172
6.01,0.042,0.021,0.011,0.0,-0.011,-0.021,-0.043,-0.06401,-0.08600999999999999,-0.10702,-0.12902,-0.15102,-0.17203
6.0200000000000005,0.042,0.021,0.011,0.0,-0.011,-0.021,-0.043,-0.06402000000000001,-0.08602,-0.10704,-0.12904000000000002,-0.15104,-0.17206
6.03,0.042,0.021,0.011,0.0,-0.011,-0.021,-0.043,-0.06403,-0.08603,-0.10706,-0.12906,-0.15106,-0.17209
6.04,0.042,0.021,0.011,0.0,-0.011,-0.021,-0.043,-0.06404,-0.08603999999999999,-0.10708,-0.12908,-0.15108,-0.17212
6.05,0.042,0.021,0.011,0.0,-0.011,-0.021,-0.043,-0.06405,-0.08604999999999999,-0.1071,-0.1291,-0.15109999999999998,-0.17215
6.0600000000000005,0.042,0.021,0.011,0.0,-0.011,-0.021,-0.043,-0.06406,-0.08606,-0.10711999999999999,-0.12912,-0.15112,-0.17218
6.07,0.042,0.021,0.011,0.0,-0.011,-0.021,-0.043,-0.06407,-0.08607,-0.10714,-0.12914,-0.15114,-0.17220999999999997
6.08,0.042,0.021,0.011,0.0,-0.011,-0.021,-0.043,-0.06408,-0.08607999999999999,-0.10715999999999999,-0.12916,-0.15116,-0.17223999999999998
6.09,0.042,0.021,0.011,0.0,-0.011,-0.021,-0.043,-0.06409000000000001,-0.08609,-0.10718,-0.12918000000000002,-0.15118,-0.17226999999999998
6.1000000000000005,0.042,0.021,0.011,0.0,-0.011,-0.021,-0.043,-0.0641,-0.0861,-0.1072,-0.1292,-0.1512,-0.17229999999999998
6.11,0.042,0.021,0.011,0.0,-0.011,-0.021,-0.043,-0.06411,-0.08610999999999999,-0.10722,-0.12922,-0.15122,-0.17232999999999998
6.12,0.042,0.021,0.011,0.0,-0.011,-0.021,-0.043,-0.06412,-0.08611999999999999,-0.10724,-0.12924,-0.15123999999999999,-0.17235999999999999
6.13,0.042,0.021,0.011,0.0,-0.011,-0.021,-0.043,-0.06413,-0.08613,-0.10726,-0.12926,-0.15126,-0.17239
6.140000000000001,0.042,0.021,0.011,0.0,-0.011,-0.021,-0.043,-0.06414,-0.08614,-0.10728,-0.12928,-0.15128,-0.17242
6.15,0.042,0.021,0.011,0.0,-0.011,-0.021,-0.043,-0.06415,-0.08614999999999999,-0.10729999999999999,-0.1293,-0.1513,-0.17245
6.16,0.042,0.021,0.011,0.0,-0.011,-0.021,-0.043,-0.06416,-0.08615999999999999,-0.10732,-0.12932,-0.15131999999999998,-0.17248
6.17,0.042,0.021,0.011,0.0,-0.011,-0.021,-0.043,-0.06417,-0.08617,-0.10734,-0.12934,-0.15134,-0.17251
6.18,0.042,0.021,0.011,0.0,-0.011,-0.021,-0.043,-0.06418,-0.08617999999999999,-0.10736,-0.12936,-0.15136,-0.17254
6.19,0.042,0.021,0.011,0.0,-0.011,-0.021,-0.043,-0.06419,-0.08618999999999999,-0.10738,-0.12938,-0.15138,-0.17256999999999997
6.2,0.042,0.021,0.011,0.0,-0.011,-0.021,-0.043,-0.06420000000000001,-0.0862,-0.1074,-0.12940000000000002,-0.1514,-0.17259999999999998
6.21,0.042,0.021,0.011,0.0,-0.011,-0.021,-0.043,-0.06421,-0.08621,-0.10742,-0.12942,-0.15142,-0.17262999999999998
6.22,0.042,0.021,0.011,0.0,-0.011,-0.021,-0.043,-0.06422,-0.08621999999999999,-0.10744,-0.12944,-0.15144,-0.17265999999999998
6.23,0.042,0.021,0.011,0.0,-0.011,-0.021,-0.043,-0.06423,-0.08622999999999999,-0.10746,-0.12946,-0.15145999999999998,-0.17268999999999998
6.24,0.042,0.021,0.011,0.0,-0.011,-0.021,-0.043,-0.06424,-0.08624,-0.10747999999999999,-0.12948,-0.15148,-0.17271999999999998
6.25,0.042,0.021,0.011,0.0,-0.011,-0.021,-0.043,-0.06425,-0.08625,-0.1075,-0.1295,-0.1515,-0.17275
6.26,0.042,0.021,0.011,0.0,-0.011,-0.021,-0.043,-0.06426,-0.08625999999999999,-0.10752,-0.12952,-0.15152,-0.17278
6.2700000000000005,0.042,0.021,0.011,0.0,-0.011,-0.021,-0.043,-0.06427000000000001,-0.08627,-0.10754,-0.12954000000000002,-0.15154,-0.17281
6.28,0.042,0.021,0.011,0.0,-0.011,-0.021,-0.043,-0.06428,-0.08628,-0.10756,-0.12956,-0.15156,-0.17284
6.29,0.042,0.021,0.011,0.0,-0.011,-0.021,-0.043,-0.06429,-0.08628999999999999,-0.10758,-0.12958,-0.15158,-0.17287
6.3,0.042,0.021,0.011,0.0,-0.011,-0.021,-0.043,-0.0643,-0.08629999999999999,-0.1076,-0.1296,-0.15159999999999998,-0.1729
6.3100000000000005,0.042,0.021,0.011,0.0,-0.011,-0.021,-0.043,-0.06431,-0.08631,-0.10762,-0.12962,-0.15162,-0.17293
6.32,0.042,0.021,0.011,0.0,-0.011,-0.021,-0.043,-0.06432,-0.08632,-0.10764,-0.12964,-0.15164,-0.17295999999999997
6.33,0.042,0.021,0.011,0.0,-0.011,-0.021,-0.043,-0.06433,-0.08632999999999999,-0.10765999999999999,-0.12966,-0.15166,-0.17298999999999998
6.34,0.042,0.021,0.011,0.0,-0.011,-0.021,-0.043,-0.06434000000000001,-0.08634,-0.10768,-0.12968000000000002,-0.15168,-0.17301999999999998
6.3500000000000005,0.042,0.021,0.011,0.0,-0.011,-0.021,-0.043,-0.06435,-0.08635,-0.1077,-0.1297,-0.1517,-0.17304999999999998
6.36,0.042,0.021,0.011,0.0,-0.011,-0.021,-0.043,-0.06436,-0.08635999999999999,-0.10772,-0.12972,-0.15172,-0.17307999999999998
6.37,0.042,0.021,0.011,0.0,-0.011,-0.021,-0.043,-0.06437,-0.08636999999999999,-0.10774,-0.12974,-0.15173999999999999,-0.17310999999999999
6.38,0.042,0.021,0.011,0.0,-0.011,-0.021,-0.043,-0.06438,-0.08638,-0.10776,-0.12976000000000001,-0.15176,-0.17314
6.390000000000001,0.042,0.021,0.011,0.0,-0.011,-0.021,-0.043,-0.06439,-0.08639,-0.10778,-0.12978,-0.15178,-0.17317
6.4,0.042,0.021,0.011,0.0,-0.011,-0.021,-0.043,-0.0644,-0.08639999999999999,-0.10779999999999999,-0.1298,-0.1518,-0.1732
6.41,0.042,0.021,0.011,0.0,-0.011,-0.021,-0.043,-0.06441,-0.08640999999999999,-0.10782,-0.12982,-0.15181999999999998,-0.17323
6.42,0.042,0.021,0.011,0.0,-0.011,-0.021,-0.043,-0.06442,-0.08642,-0.10784,-0.12984,-0.15184,-0.17326
6.43,0.042,0.021,0.011,0.0,-0.011,-0.021,-0.043,-0.06443,-0.08642999999999999,-0.10786,-0.12986,-0.15186,-0.17329
6.44,0.042,0.021,0.011,0.0,-0.011,-0.021,-0.043,-0.06444,-0.08643999999999999,-0.10788,-0.12988,-0.15188,-0.17331999999999997
6.45,0.042,0.021,0.011,0.0,-0.011,-0.021,-0.043,-0.06445000000000001,-0.08645,-0.1079,-0.12990000000000002,-0.1519,-0.17334999999999998
6.46,0.042,0.021,0.011,0.0,-0.011,-0.021,-0.043,-0.06446,-0.08646,-0.10792,-0.12992,-0.15192,-0.17337999999999998
6.47,0.042,0.021,0.011,0.0,-0.011,-0.021,-0.043,-0.06447,-0.08646999999999999,-0.10794,-0.12994,-0.15194,-0.17340999999999998
6.48,0.042,0.021,0.011,0.0,-0.011,-0.021,-0.043,-0.06448,-0.08647999999999999,-0.10796,-0.12996,-0.15195999999999998,-0.17343999999999998
6.49,0.042,0.021,0.011,0.0,-0.011,-0.021,-0.043,-0.06449,-0.08649,-0.10797999999999999,-0.12998,-0.15198,-0.17346999999999999
6.5,0.042,0.021,0.011,0.0,-0.011,-0.021,-0.043,-0.0645,-0.0865,-0.108,-0.13,-0.152,-0.1735
6.51,0.042,0.021,0.011,0.0,-0.011,-0.021,-0.043,-0.06451,-0.08650999999999999,-0.10802,-0.13002,-0.15202,-0.17353
6.5200000000000005,0.042,0.021,0.011,0.0,-0.011,-0.021,-0.043,-0.06452000000000001,-0.08652,-0.10804,-0.13004000000000002,-0.15204,-0.17356
6.53,0.042,0.021,0.011,0.0,-0.011,-0.021,-0.043,-0.06453,-0.08653,-0.10806,-0.13006,-0.15206,-0.17359
6.54,0.042,0.021,0.011,0.0,-0.011,-0.021,-0.043,-0.06454,-0.08653999999999999,-0.10808,-0.13008,-0.15208,-0.17362
6.55,0.042,0.021,0.011,0.0,-0.011,-0.021,-0.043,-0.06455,-0.08654999999999999,-0.1081,-0.1301,-0.15209999999999999,-0.17365
6.5600000000000005,0.042,0.021,0.011,0.0,-0.011,-0.021,-0.043,-0.06456,-0.08656,-0.10812,-0.13012,-0.15212,-0.17368
6.57,0.042,0.021,0.011,0.0,-0.011,-0.021,-0.043,-0.06457,-0.08657,-0.10814,-0.13014,-0.15214,-0.17370999999999998
6.58,0.042,0.021,0.011,0.0,-0.011,-0.021,-0.043,-0.06458,-0.08657999999999999,-0.10815999999999999,-0.13016,-0.15216,-0.17373999999999998
6.59,0.042,0.021,0.011,0.0,-0.011,-0.021,-0.043,-0.06459000000000001,-0.08659,-0.10818,-0.13018000000000002,-0.15218,-0.17376999999999998
6.6000000000000005,0.042,0.021,0.011,0.0,-0.011,-0.021,-0.043,-0.0646,-0.0866,-0.1082,-0.1302,-0.1522,-0.17379999999999998
6.61,0.042,0.021,0.011,0.0,-0.011,-0.021,-0.043,-0.06461,-0.08660999999999999,-0.10822,-0.13022,-0.15222,-0.17382999999999998
6.62,0.042,0.021,0.011,0.0,-0.011,-0.021,-0.043,-0.06462,-0.08661999999999999,-0.10824,-0.13024,-0.15224,-0.17386
6.63,0.042,0.021,0.011,0.0,-0.011,-0.021,-0.043,-0.06463,-0.08663,-0.10826,-0.13026000000000001,-0.15226,-0.17389
6.640000000000001,0.042,0.021,0.011,0.0,-0.011,-0.021,-0.043,-0.06464,-0.08664,-0.10828,-0.13028,-0.15228,-0.17392
6.65,0.042,0.021,0.011,0.0,-0.011,-0.021,-0.043,-0.06465,-0.08664999999999999,-0.1083,-0.1303,-0.1523,-0.17395
6.66,0.042,0.021,0.011,0.0,-0.011,-0.021,-0.043,-0.06466,-0.08665999999999999,-0.10832,-0.13032,-0.15231999999999998,-0.17398
6.67,0.042,0.021,0.011,0.0,-0.011,-0.021,-0.043,-0.06467,-0.08667,-0.10834,-0.13034,-0.15234,-0.17401
6.68,0.042,0.021,0.011,0.0,-0.011,-0.021,-0.043,-0.06468,-0.08668,-0.10836,-0.13036,-0.15236,-0.17404
6.69,0.042,0.021,0.011,0.0,-0.011,-0.021,-0.043,-0.06469,-0.08668999999999999,-0.10838,-0.13038,-0.15238,-0.17406999999999997
6.7,0.042,0.021,0.011,0.0,-0.011,-0.021,-0.043,-0.06470000000000001,-0.0867,-0.1084,-0.13040000000000002,-0.1524,-0.17409999999999998
6.71,0.042,0.021,0.011,0.0,-0.011,-0.021,-0.043,-0.06471,-0.08671,-0.10842,-0.13042,-0.15242,-0.17412999999999998
6.72,0.042,0.021,0.011,0.0,-0.011,-0.021,-0.043,-0.06472,-0.08671999999999999,-0.10844,-0.13044,-0.15244,-0.17415999999999998
6.73,0.042,0.021,0.011,0.0,-0.011,-0.021,-0.043,-0.06473,-0.08672999999999999,-0.10846,-0.13046,-0.15245999999999998,-0.17418999999999998
6.74,0.042,0.021,0.011,0.0,-0.011,-0.021,-0.043,-0.06474,-0.08674,-0.10848,-0.13048,-0.15248,-0.17421999999999999
6.75,0.042,0.021,0.011,0.0,-0.011,-0.021,-0.043,-0.06475,-0.08675,-0.1085,-0.1305,-0.1525,-0.17425
6.76,0.042,0.021,0.011,0.0,-0.011,-0.021,-0.043,-0.06476,-0.08675999999999999,-0.10852,-0.13052,-0.15252,-0.17428
6.7700000000000005,0.042,0.021,0.011,0.0,-0.011,-0.021,-0.043,-0.06477000000000001,-0.08677,-0.10854,-0.13054000000000002,-0.15254,-0.17431
6.78,0.042,0.021,0.011,0.0,-0.011,-0.021,-0.043,-0.06478,-0.08678,-0.10856,-0.13056,-0.15256,-0.17434
6.79,0.042,0.021,0.011,0.0,-0.011,-0.021,-0.043,-0.06479,-0.08678999999999999,-0.10858,-0.13058,-0.15258,-0.17437
6.8,0.042,0.021,0.011,0.0,-0.011,-0.021,-0.043,-0.0648,-0.08679999999999999,-0.1086,-0.1306,-0.15259999999999999,-0.1744
6.8100000000000005,0.042,0.021,0.011,0.0,-0.011,-0.021,-0.043,-0.06481,-0.08681,-0.10862,-0.13062,-0.15262,-0.17443
6.82,0.042,0.021,0.011,0.0,-0.011,-0.021,-0.043,-0.06482,-0.08682,-0.10864,-0.13064,-0.15264,-0.17445999999999998
6.83,0.042,0.021,0.011,0.0,-0.011,-0.021,-0.043,-0.06483,-0.08682999999999999,-0.10865999999999999,-0.13066,-0.15266,-0.17448999999999998
6.84,0.042,0.021,0.011,0.0,-0.011,-0.021,-0.043,-0.06484000000000001,-0.08684,-0.10868,-0.13068000000000002,-0.15268,-0.17451999999999998
6.8500000000000005,0.042,0.021,0.011,0.0,-0.011,-0.021,-0.043,-0.06485,-0.08685,-0.1087,-0.1307,-0.1527,-0.17454999999999998
6.86,0.042,0.021,0.011,0.0,-0.011,-0.021,-0.043,-0.06486,-0.08685999999999999,-0.10872,-0.13072,-0.15272,-0.17457999999999999
6.87,0.042,0.021,0.011,0.0,-0.011,-0.021,-0.043,-0.06487,-0.08686999999999999,-0.10874,-0.13074,-0.15274,-0.17461
6.88,0.042,0.021,0.011,0.0,-0.011,-0.021,-0.043,-0.06488000000000001,-0.08688,-0.10876,-0.13076000000000002,-0.15276,-0.17464
6.890000000000001,0.042,0.021,0.011,0.0,-0.011,-0.021,-0.043,-0.06489,-0.08689,-0.10878,-0.13078,-0.15278,-0.17467
6.9,0.042,0.021,0.011,0.0,-0.011,-0.021,-0.043,-0.0649,-0.08689999999999999,-0.1088,-0.1308,-0.1528,-0.1747
6.91,0.042,0.021,0.011,0.0,-0.011,-0.021,-0.043,-0.06491,-0.08690999999999999,-0.10882,-0.13082,-0.15281999999999998,-0.17473
6.92,0.042,0.021,0.011,0.0,-0.011,-0.021,-0.043,-0.06492,-0.08692,-0.10884,-0.13084,-0.15284,-0.17476
6.93,0.042,0.021,0.011,0.0,-0.011,-0.021,-0.043,-0.06493,-0.08693,-0.10886,-0.13086,-0.15286,-0.17479
6.94,0.042,0.021,0.011,0.0,-0.011,-0.021,-0.043,-0.06494,-0.08693999999999999,-0.10888,-0.13088,-0.15288,-0.17481999999999998
6.95,0.042,0.021,0.011,0.0,-0.011,-0.021,-0.043,-0.06495000000000001,-0.08695,-0.1089,-0.13090000000000002,-0.1529,-0.17484999999999998
6.96,0.042,0.021,0.011,0.0,-0.011,-0.021,-0.043,-0.06496,-0.08696,-0.10892,-0.13092,-0.15292,-0.17487999999999998
6.97,0.042,0.021,0.011,0.0,-0.011,-0.021,-0.043,-0.06497,-0.08696999999999999,-0.10894,-0.13094,-0.15294,-0.17490999999999998
6.98,0.042,0.021,0.011,0.0,-0.011,-0.021,-0.043,-0.06498,-0.08697999999999999,-0.10896,-0.13096,-0.15295999999999998,-0.17493999999999998
6.99,0.042,0.021,0.011,0.0,-0.011,-0.021,-0.043,-0.06499,-0.08699,-0.10898,-0.13098,-0.15298,-0.17497
7.0,0.042,0.021,0.011,0.0,-0.011,-0.021,-0.043,-0.065,-0.087,-0.109,-0.131,-0.153,-0.175
7.01,0.042,0.021,0.011,0.0,-0.011,-0.021,-0.043,-0.065,-0.08700999999999999,-0.10901,-0.13102,-0.15303,-0.17504
7.0200000000000005,0.042,0.021,0.011,0.0,-0.011,-0.021,-0.043,-0.065,-0.08702,-0.10902,-0.13104000000000002,-0.15306,-0.17507999999999999
7.03,0.042,0.021,0.011,0.0,-0.011,-0.021,-0.043,-0.065,-0.08703,-0.10903,-0.13106,-0.15309,-0.17512
7.04,0.042,0.021,0.011,0.0,-0.011,-0.021,-0.043,-0.065,-0.08703999999999999,-0.10904,-0.13108,-0.15312,-0.17515999999999998
7.05,0.042,0.021,0.011,0.0,-0.011,-0.021,-0.043,-0.065,-0.08704999999999999,-0.10905,-0.1311,-0.15315,-0.1752
7.0600000000000005,0.042,0.021,0.011,0.0,-0.011,-0.021,-0.043,-0.065,-0.08706,-0.10906,-0.13112000000000001,-0.15318,-0.17523999999999998
7.07,0.042,0.021,0.011,0.0,-0.011,-0.021,-0.043,-0.065,-0.08707,-0.10907,-0.13114,-0.15320999999999999,-0.17528
7.08,0.042,0.021,0.011,0.0,-0.011,-0.021,-0.043,-0.065,-0.08707999999999999,-0.10908,-0.13116,-0.15324,-0.17531999999999998
7.09,0.042,0.021,0.011,0.0,-0.011,-0.021,-0.043,-0.065,-0.08709,-0.10909,-0.13118000000000002,-0.15327,-0.17536
7.1000000000000005,0.042,0.021,0.011,0.0,-0.011,-0.021,-0.043,-0.065,-0.0871,-0.1091,-0.1312,-0.1533,-0.1754
7.11,0.042,0.021,0.011,0.0,-0.011,-0.021,-0.043,-0.065,-0.08710999999999999,-0.10911,-0.13122,-0.15333,-0.17543999999999998
7.12,0.042,0.021,0.011,0.0,-0.011,-0.021,-0.043,-0.065,-0.08711999999999999,-0.10912,-0.13124,-0.15336,-0.17548
7.13,0.042,0.021,0.011,0.0,-0.011,-0.021,-0.043,-0.065,-0.08713,-0.10913,-0.13126000000000002,-0.15339,-0.17551999999999998
7.140000000000001,0.042,0.021,0.011,0.0,-0.011,-0.021,-0.043,-0.065,-0.08714,-0.10914,-0.13128,-0.15342,-0.17556
7.15,0.042,0.021,0.011,0.0,-0.011,-0.021,-0.043,-0.065,-0.08714999999999999,-0.10915,-0.1313,-0.15345,-0.17559999999999998
7.16,0.042,0.021,0.011,0.0,-0.011,-0.021,-0.043,-0.065,-0.08715999999999999,-0.10916,-0.13132,-0.15348,-0.17564
7.17,0.042,0.021,0.011,0.0,-0.011,-0.021,-0.043,-0.065,-0.08717,-0.10917,-0.13134,-0.15351,-0.17568
7.18,0.042,0.021,0.011,0.0,-0.011,-0.021,-0.043,-0.065,-0.08718,-0.10918,-0.13136,-0.15354,-0.17572
7.19,0.042,0.021,0.011,0.0,-0.011,-0.021,-0.043,-0.065,-0.08718999999999999,-0.10919,-0.13138,-0.15356999999999998,-0.17576
7.2,0.042,0.021,0.011,0.0,-0.011,-0.021,-0.043,-0.065,-0.0872,-0.1092,-0.13140000000000002,-0.1536,-0.17579999999999998
7.21,0.042,0.021,0.011,0.0,-0.011,-0.021,-0.043,-0.065,-0.08721,-0.10921,-0.13142,-0.15363,-0.17584
7.22,0.042,0.021,0.011,0.0,-0.011,-0.021,-0.043,-0.065,-0.08721999999999999,-0.10922,-0.13144,-0.15366,-0.17587999999999998
7.23,0.042,0.021,0.011,0.0,-0.011,-0.021,-0.043,-0.065,-0.08722999999999999,-0.10923,-0.13146,-0.15369,-0.17592
7.24,0.042,0.021,0.011,0.0,-0.011,-0.021,-0.043,-0.065,-0.08724,-0.10924,-0.13148,-0.15372,-0.17595999999999998
7.25,0.042,0.021,0.011,0.0,-0.011,-0.021,-0.043,-0.065,-0.08725,-0.10925,-0.1315,-0.15375,-0.176
7.26,0.042,0.021,0.011,0.0,-0.011,-0.021,-0.043,-0.065,-0.08725999999999999,-0.10926,-0.13152,-0.15378,-0.17604
7.2700000000000005,0.042,0.021,0.011,0.0,-0.011,-0.021,-0.043,-0.065,-0.08727,-0.10927,-0.13154000000000002,-0.15381,-0.17608
7.28,0.042,0.021,0.011,0.0,-0.011,-0.021,-0.043,-0.065,-0.08728,-0.10928,-0.13156,-0.15384,-0.17612
7.29,0.042,0.021,0.011,0.0,-0.011,-0.021,-0.043,-0.065,-0.08728999999999999,-0.10929,-0.13158,-0.15387,-0.17615999999999998
7.3,0.042,0.021,0.011,0.0,-0.011,-0.021,-0.043,-0.065,-0.08729999999999999,-0.1093,-0.1316,-0.1539,-0.1762
7.3100000000000005,0.042,0.021,0.011,0.0,-0.011,-0.021,-0.043,-0.065,-0.08731,-0.10931,-0.13162000000000001,-0.15393,-0.17623999999999998
7.32,0.042,0.021,0.011,0.0,-0.011,-0.021,-0.043,-0.065,-0.08732,-0.10932,-0.13164,-0.15395999999999999,-0.17628
7.33,0.042,0.021,0.011,0.0,-0.011,-0.021,-0.043,-0.065,-0.08732999999999999,-0.10933,-0.13166,-0.15399,-0.17631999999999998
7.34,0.042,0.021,0.011,0.0,-0.011,-0.021,-0.043,-0.065,-0.08734,-0.10934,-0.13168000000000002,-0.15402,-0.17636
7.3500000000000005,0.042,0.021,0.011,0.0,-0.011,-0.021,-0.043,-0.065,-0.08735,-0.10935,-0.1317,-0.15405,-0.1764
7.36,0.042,0.021,0.011,0.0,-0.011,-0.021,-0.043,-0.065,-0.08736,-0.10936,-0.13172,-0.15408,-0.17643999999999999
7.37,0.042,0.021,0.011,0.0,-0.011,-0.021,-0.043,-0.065,-0.08736999999999999,-0.10937,-0.13174,-0.15411,-0.17648
7.38,0.042,0.021,0.011,0.0,-0.011,-0.021,-0.043,-0.065,-0.08738,-0.10938,-0.13176000000000002,-0.15414,-0.17651999999999998
7.390000000000001,0.042,0.021,0.011,0.0,-0.011,-0.021,-0.043,-0.065,-0.08739,-0.10939,-0.13178,-0.15417,-0.17656
7.4,0.042,0.021,0.011,0.0,-0.011,-0.021,-0.043,-0.065,-0.08739999999999999,-0.1094,-0.1318,-0.1542,-0.17659999999999998
7.41,0.042,0.021,0.011,0.0,-0.011,-0.021,-0.043,-0.065,-0.08740999999999999,-0.10941,-0.13182,-0.15423,-0.17664
7.42,0.042,0.021,0.011,0.0,-0.011,-0.021,-0.043,-0.065,-0.08742,-0.10942,-0.13184,-0.15426,-0.17668
7.43,0.042,0.021,0.011,0.0,-0.011,-0.021,-0.043,-0.065,-0.08743,-0.10943,-0.13186,-0.15429,-0.17672
7.44,0.042,0.021,0.011,0.0,-0.011,-0.021,-0.043,-0.065,-0.08743999999999999,-0.10944,-0.13188,-0.15431999999999998,-0.17676
7.45,0.042,0.021,0.011,0.0,-0.011,-0.021,-0.043,-0.065,-0.08745,-0.10945,-0.13190000000000002,-0.15435,-0.17679999999999998
7.46,0.042,0.021,0.011,0.0,-0.011,-0.021,-0.043,-0.065,-0.08746,-0.10946,-0.13192,-0.15438,-0.17684
7.47,0.042,0.021,0.011,0.0,-0.011,-0.021,-0.043,-0.065,-0.08746999999999999,-0.10947,-0.13194,-0.15441,-0.17687999999999998
7.48,0.042,0.021,0.011,0.0,-0.011,-0.021,-0.043,-0.065,-0.08747999999999999,-0.10948,-0.13196,-0.15444,-0.17692
7.49,0.042,0.021,0.011,0.0,-0.011,-0.021,-0.043,-0.065,-0.08749,-0.10949,-0.13198000000000001,-0.15447,-0.17695999999999998
7.5,0.042,0.021,0.011,0.0,-0.011,-0.021,-0.043,-0.065,-0.0875,-0.1095,-0.132,-0.1545,-0.177
7.51,0.042,0.021,0.011,0.0,-0.011,-0.021,-0.043,-0.065,-0.08750999999999999,-0.10951,-0.13202,-0.15453,-0.17704
7.5200000000000005,0.042,0.021,0.011,0.0,-0.011,-0.021,-0.043,-0.065,-0.08752,-0.10952,-0.13204000000000002,-0.15456,-0.17708
7.53,0.042,0.021,0.011,0.0,-0.011,-0.021,-0.043,-0.065,-0.08753,-0.10953,-0.13206,-0.15459,-0.17712
7.54,0.042,0.021,0.011,0.0,-0.011,-0.021,-0.043,-0.065,-0.08753999999999999,-0.10954,-0.13208,-0.15462,-0.17715999999999998
7.55,0.042,0.021,0.011,0.0,-0.011,-0.021,-0.043,-0.065,-0.08754999999999999,-0.10955,-0.1321,-0.15465,-0.1772
7.5600000000000005,0.042,0.021,0.011,0.0,-0.011,-0.021,-0.043,-0.065,-0.08756,-0.10956,-0.13212000000000002,-0.15468,-0.17723999999999998
7.57,0.042,0.021,0.011,0.0,-0.011,-0.021,-0.043,-0.065,-0.08757,-0.10957,-0.13214,-0.15471,-0.17728
7.58,0.042,0.021,0.011,0.0,-0.011,-0.021,-0.043,-0.065,-0.08757999999999999,-0.10958,-0.13216,-0.15474,-0.17731999999999998
7.59,0.042,0.021,0.011,0.0,-0.011,-0.021,-0.043,-0.065,-0.08759,-0.10959,-0.13218000000000002,-0.15477,-0.17736
7.6000000000000005,0.042,0.021,0.011,0.0,-0.011,-0.021,-0.043,-0.065,-0.0876,-0.1096,-0.1322,-0.1548,-0.1774
7.61,0.042,0.021,0.011,0.0,-0.011,-0.021,-0.043,-0.065,-0.08761,-0.10961,-0.13222,-0.15483,-0.17744
7.62,0.042,0.021,0.011,0.0,-0.011,-0.021,-0.043,-0.065,-0.08761999999999999,-0.10962,-0.13224,-0.15486,-0.17748
7.63,0.042,0.021,0.011,0.0,-0.011,-0.021,-0.043,-0.065,-0.08763,-0.10963,-0.13226000000000002,-0.15489,-0.17751999999999998
7.640000000000001,0.042,0.021,0.011,0.0,-0.011,-0.021,-0.043,-0.065,-0.08764,-0.10964,-0.13228,-0.15492,-0.17756
7.65,0.042,0.021,0.011,0.0,-0.011,-0.021,-0.043,-0.065,-0.08764999999999999,-0.10965,-0.1323,-0.15495,-0.17759999999999998
7.66,0.042,0.021,0.011,0.0,-0.011,-0.021,-0.043,-0.065,-0.08765999999999999,-0.10966,-0.13232,-0.15498,-0.17764
7.67,0.042,0.021,0.011,0.0,-0.011,-0.021,-0.043,-0.065,-0.08767,-0.10967,-0.13234,-0.15501,-0.17768
7.68,0.042,0.021,0.011,0.0,-0.011,-0.021,-0.043,-0.065,-0.08768,-0.10968,-0.13236,-0.15504,-0.17772
7.69,0.042,0.021,0.011,0.0,-0.011,-0.021,-0.043,-0.065,-0.08768999999999999,-0.10969,-0.13238,-0.15506999999999999,-0.17776
7.7,0.042,0.021,0.011,0.0,-0.011,-0.021,-0.043,-0.065,-0.0877,-0.1097,-0.13240000000000002,-0.1551,-0.17779999999999999
7.71,0.042,0.021,0.011,0.0,-0.011,-0.021,-0.043,-0.065,-0.08771,-0.10971,-0.13242,-0.15513,-0.17784
7.72,0.042,0.021,0.011,0.0,-0.011,-0.021,-0.043,-0.065,-0.08771999999999999,-0.10972,-0.13244,-0.15516,-0.17787999999999998
7.73,0.042,0.021,0.011,0.0,-0.011,-0.021,-0.043,-0.065,-0.08772999999999999,-0.10973,-0.13246,-0.15519,-0.17792
7.74,0.042,0.021,0.011,0.0,-0.011,-0.021,-0.043,-0.065,-0.08774,-0.10974,-0.13248000000000001,-0.15522,-0.17795999999999998
7.75,0.042,0.021,0.011,0.0,-0.011,-0.021,-0.043,-0.065,-0.08775,-0.10975,-0.1325,-0.15525,-0.178
7.76,0.042,0.021,0.011,0.0,-0.011,-0.021,-0.043,-0.065,-0.08775999999999999,-0.10976,-0.13252,-0.15528,-0.17804
7.7700000000000005,0.042,0.021,0.011,0.0,-0.011,-0.021,-0.043,-0.065,-0.08777,-0.10977,-0.13254000000000002,-0.15531,-0.17808
7.78,0.042,0.021,0.011,0.0,-0.011,-0.021,-0.043,-0.065,-0.08778,-0.10978,-0.13256,-0.15534,-0.17812
7.79,0.042,0.021,0.011,0.0,-0.011,-0.021,-0.043,-0.065,-0.08778999999999999,-0.10979,-0.13258,-0.15537,-0.17815999999999999
7.8,0.042,0.021,0.011,0.0,-0.011,-0.021,-0.043,-0.065,-0.08779999999999999,-0.1098,-0.1326,-0.1554,-0.1782
7.8100000000000005,0.042,0.021,0.011,0.0,-0.011,-0.021,-0.043,-0.065,-0.08781,-0.10981,-0.13262000000000002,-0.15543,-0.17823999999999998
7.82,0.042,0.021,0.011,0.0,-0.011,-0.021,-0.043,-0.065,-0.08782,-0.10982,-0.13264,-0.15546,-0.17828
7.83,0.042,0.021,0.011,0.0,-0.011,-0.021,-0.043,-0.065,-0.08782999999999999,-0.10983,-0.13266,-0.15549,-0.17831999999999998
7.84,0.042,0.021,0.011,0.0,-0.011,-0.021,-0.043,-0.065,-0.08784,-0.10984000000000001,-0.13268000000000002,-0.15552,-0.17836
7.8500000000000005,0.042,0.021,0.011,0.0,-0.011,-0.021,-0.043,-0.065,-0.08785,-0.10985,-0.1327,-0.15555,-0.1784
7.86,0.042,0.021,0.011,0.0,-0.011,-0.021,-0.043,-0.065,-0.08786,-0.10986,-0.13272,-0.15558,-0.17844
7.87,0.042,0.021,0.011,0.0,-0.011,-0.021,-0.043,-0.065,-0.08786999999999999,-0.10987,-0.13274,-0.15561,-0.17848
7.88,0.042,0.021,0.011,0.0,-0.011,-0.021,-0.043,-0.065,-0.08788,-0.10988,-0.13276000000000002,-0.15564,-0.17851999999999998
7.890000000000001,0.042,0.021,0.011,0.0,-0.011,-0.021,-0.043,-0.065,-0.08789,-0.10989,-0.13278,-0.15567,-0.17856
7.9,0.042,0.021,0.011,0.0,-0.011,-0.021,-0.043,-0.065,-0.08789999999999999,-0.1099,-0.1328,-0.1557,-0.17859999999999998
7.91,0.042,0.021,0.011,0.0,-0.011,-0.021,-0.043,-0.065,-0.08790999999999999,-0.10991,-0.13282,-0.15573,-0.17864
7.92,0.042,0.021,0.011,0.0,-0.011,-0.021,-0.043,-0.065,-0.08792,-0.10992,-0.13284,-0.15576,-0.17868
7.930000000000001,0.042,0.021,0.011,0.0,-0.011,-0.021,-0.043,-0.065,-0.08793,-0.10993,-0.13286,-0.15579,-0.17872
7.94,0.042,0.021,0.011,0.0,-0.011,-0.021,-0.043,-0.065,-0.08793999999999999,-0.10994,-0.13288,-0.15582,-0.17876
7.95,0.042,0.021,0.011,0.0,-0.011,-0.021,-0.043,-0.065,-0.08795,-0.10995,-0.13290000000000002,-0.15585,-0.1788
7.96,0.042,0.021,0.011,0.0,-0.011,-0.021,-0.043,-0.065,-0.08796,-0.10996,-0.13292,-0.15588,-0.17884
7.97,0.042,0.021,0.011,0.0,-0.011,-0.021,-0.043,-0.065,-0.08796999999999999,-0.10997,-0.13294,-0.15591,-0.17887999999999998
7.98,0.042,0.021,0.011,0.0,-0.011,-0.021,-0.043,-0.065,-0.08797999999999999,-0.10998,-0.13296,-0.15594,-0.17892
7.99,0.042,0.021,0.011,0.0,-0.011,-0.021,-0.043,-0.065,-0.08799,-0.10999,-0.13298000000000001,-0.15597,-0.17895999999999998
8.0,0.042,0.021,0.011,0.0,-0.011,-0.021,-0.043,-0.065,-0.088,-0.11,-0.133,-0.156,-0.179
8.01,0.04199,0.021,0.011,0.0,-0.011,-0.02101,-0.04301,-0.06501,-0.08802,-0.11003,-0.13304000000000002,-0.15606,-0.17908
8.02,0.04198,0.021,0.011,0.0,-0.011,-0.02102,-0.043019999999999996,-0.06502000000000001,-0.08804,-0.11006,-0.13308,-0.15612,-0.17915999999999999
8.03,0.04197,0.021,0.011,0.0,-0.011,-0.02103,-0.04303,-0.06503,-0.08806,-0.11009000000000001,-0.13312000000000002,-0.15618,-0.17923999999999998
8.040000000000001,0.041960000000000004,0.021,0.011,0.0,-0.011,-0.02104,-0.043039999999999995,-0.06504,-0.08807999999999999,-0.11012,-0.13316,-0.15624,-0.17931999999999998
8.05,0.04195,0.021,0.011,0.0,-0.011,-0.021050000000000003,-0.04305,-0.06505,-0.0881,-0.11015,-0.1332,-0.1563,-0.1794
8.06,0.041940000000000005,0.021,0.011,0.0,-0.011,-0.021060000000000002,-0.043059999999999994,-0.06506,-0.08811999999999999,-0.11018,-0.13324,-0.15636,-0.17948
8.07,0.04193,0.021,0.011,0.0,-0.011,-0.021070000000000002,-0.04307,-0.06507,-0.08814,-0.11021,-0.13328,-0.15642,-0.17956
8.08,0.041920000000000006,0.021,0.011,0.0,-0.011,-0.02108,-0.04307999999999999,-0.06508,-0.08815999999999999,-0.11024,-0.13332,-0.15648,-0.17964
8.09,0.04191,0.021,0.011,0.0,-0.011,-0.02109,-0.043089999999999996,-0.06509000000000001,-0.08818,-0.11027,-0.13336,-0.15654,-0.17972
8.1,0.0419,0.021,0.011,0.0,-0.011,-0.0211,-0.0431,-0.0651,-0.0882,-0.1103,-0.13340000000000002,-0.1566,-0.1798
8.11,0.041890000000000004,0.021,0.011,0.0,-0.011,-0.02111,-0.043109999999999996,-0.06511,-0.08821999999999999,-0.11033,-0.13344,-0.15666,-0.17987999999999998
8.120000000000001,0.04188,0.021,0.011,0.0,-0.011,-0.02112,-0.04312,-0.06512,-0.08824,-0.11036,-0.13348000000000002,-0.15672,-0.17995999999999998
8.13,0.041870000000000004,0.021,0.011,0.0,-0.011,-0.02113,-0.043129999999999995,-0.06513000000000001,-0.08825999999999999,-0.11039,-0.13352,-0.15678,-0.18004
8.14,0.04186,0.021,0.011,0.0,-0.011,-0.021140000000000003,-0.04314,-0.06514,-0.08828,-0.11042,-0.13356,-0.15684,-0.18012
8.15,0.041850000000000005,0.021,0.011,0.0,-0.011,-0.021150000000000002,-0.043149999999999994,-0.06515,-0.08829999999999999,-0.11045,-0.1336,-0.1569,-0.1802
8.16,0.04184,0.021,0.011,0.0,-0.011,-0.02116,-0.04316,-0.06516,-0.08832,-0.11048,-0.13364,-0.15696,-0.18028
8.17,0.04183,0.021,0.011,0.0,-0.011,-0.02117,-0.04317,-0.06517,-0.08834,-0.11051,-0.13368000000000002,-0.15702,-0.18036
8.18,0.04182,0.021,0.011,0.0,-0.011,-0.02118,-0.043179999999999996,-0.06518,-0.08836,-0.11054,-0.13372,-0.15708,-0.18044
8.19,0.04181,0.021,0.011,0.0,-0.011,-0.02119,-0.04319,-0.06519,-0.08838,-0.11057,-0.13376000000000002,-0.15714,-0.18051999999999999
8.2,0.041800000000000004,0.021,0.011,0.0,-0.011,-0.0212,-0.043199999999999995,-0.06520000000000001,-0.08839999999999999,-0.1106,-0.1338,-0.1572,-0.18059999999999998
8.21,0.04179,0.021,0.011,0.0,-0.011,-0.02121,-0.04321,-0.06521,-0.08842,-0.11063,-0.13384000000000001,-0.15726,-0.18068
8.22,0.041780000000000005,0.021,0.011,0.0,-0.011,-0.02122,-0.043219999999999995,-0.06522,-0.08843999999999999,-0.11066,-0.13388,-0.15732,-0.18076
8.23,0.04177,0.021,0.011,0.0,-0.011,-0.021230000000000002,-0.04323,-0.06523,-0.08846,-0.11069,-0.13392,-0.15738,-0.18084
8.24,0.041760000000000005,0.021,0.011,0.0,-0.011,-0.021240000000000002,-0.043239999999999994,-0.06524,-0.08847999999999999,-0.11072,-0.13396,-0.15744,-0.18092
8.25,0.04175,0.021,0.011,0.0,-0.011,-0.02125,-0.04325,-0.06525,-0.0885,-0.11075,-0.134,-0.1575,-0.181
8.26,0.04174,0.021,0.011,0.0,-0.011,-0.02126,-0.04326,-0.06526,-0.08852,-0.11078,-0.13404000000000002,-0.15756,-0.18108
8.27,0.04173,0.021,0.011,0.0,-0.011,-0.02127,-0.043269999999999996,-0.06527000000000001,-0.08854,-0.11081,-0.13408,-0.15762,-0.18116
8.28,0.04172,0.021,0.011,0.0,-0.011,-0.02128,-0.04328,-0.06528,-0.08856,-0.11084000000000001,-0.13412000000000002,-0.15768000000000001,-0.18123999999999998
8.290000000000001,0.041710000000000004,0.021,0.011,0.0,-0.011,-0.02129,-0.043289999999999995,-0.06529,-0.08857999999999999,-0.11087,-0.13416,-0.15774,-0.18131999999999998
8.3,0.0417,0.021,0.011,0.0,-0.011,-0.0213,-0.0433,-0.0653,-0.0886,-0.1109,-0.1342,-0.1578,-0.1814
8.31,0.041690000000000005,0.021,0.011,0.0,-0.011,-0.02131,-0.043309999999999994,-0.06531,-0.08861999999999999,-0.11093,-0.13424,-0.15786,-0.18148
8.32,0.04168,0.021,0.011,0.0,-0.011,-0.021320000000000002,-0.04332,-0.06532,-0.08864,-0.11096,-0.13428,-0.15792,-0.18156
8.33,0.041670000000000006,0.021,0.011,0.0,-0.011,-0.021330000000000002,-0.043329999999999994,-0.06533,-0.08865999999999999,-0.11099,-0.13432,-0.15798,-0.18164
8.34,0.04166,0.021,0.011,0.0,-0.011,-0.02134,-0.04334,-0.06534000000000001,-0.08868,-0.11102000000000001,-0.13436,-0.15804,-0.18172
8.35,0.04165,0.021,0.011,0.0,-0.011,-0.02135,-0.04335,-0.06535,-0.0887,-0.11105,-0.13440000000000002,-0.1581,-0.1818
8.36,0.04164,0.021,0.011,0.0,-0.011,-0.02136,-0.043359999999999996,-0.06536,-0.08872,-0.11108,-0.13444,-0.15816,-0.18188
8.370000000000001,0.04163,0.021,0.011,0.0,-0.011,-0.02137,-0.04337,-0.06537,-0.08874,-0.11111,-0.13448000000000002,-0.15822,-0.18195999999999998
8.38,0.041620000000000004,0.021,0.011,0.0,-0.011,-0.02138,-0.043379999999999995,-0.06538000000000001,-0.08875999999999999,-0.11114,-0.13452,-0.15828,-0.18204
8.39,0.04161,0.021,0.011,0.0,-0.011,-0.02139,-0.04339,-0.06539,-0.08878,-0.11117,-0.13456,-0.15834,-0.18212
8.4,0.041600000000000005,0.021,0.011,0.0,-0.011,-0.0214,-0.043399999999999994,-0.0654,-0.08879999999999999,-0.11120000000000001,-0.1346,-0.1584,-0.1822
8.41,0.04159,0.021,0.011,0.0,-0.011,-0.02141,-0.04341,-0.06541,-0.08882,-0.11123,-0.13464,-0.15846,-0.18228
8.42,0.04158,0.021,0.011,0.0,-0.011,-0.02142,-0.04342,-0.06542,-0.08884,-0.11126,-0.13468000000000002,-0.15852,-0.18236
8.43,0.04157,0.021,0.011,0.0,-0.011,-0.02143,-0.043429999999999996,-0.06543,-0.08886,-0.11129,-0.13472,-0.15858,-0.18244
8.44,0.04156,0.021,0.011,0.0,-0.011,-0.02144,-0.04344,-0.06544,-0.08888,-0.11132,-0.13476000000000002,-0.15864,-0.18252
8.45,0.041550000000000004,0.021,0.011,0.0,-0.011,-0.02145,-0.043449999999999996,-0.06545000000000001,-0.08889999999999999,-0.11135,-0.1348,-0.1587,-0.18259999999999998
8.46,0.04154,0.021,0.011,0.0,-0.011,-0.02146,-0.04346,-0.06546,-0.08892,-0.11138,-0.13484000000000002,-0.15876,-0.18268
8.47,0.041530000000000004,0.021,0.011,0.0,-0.011,-0.02147,-0.043469999999999995,-0.06547,-0.08893999999999999,-0.11141,-0.13488,-0.15882,-0.18276
8.48,0.04152,0.021,0.011,0.0,-0.011,-0.02148,-0.04348,-0.06548,-0.08896,-0.11144,-0.13492,-0.15888,-0.18284
8.49,0.041510000000000005,0.021,0.011,0.0,-0.011,-0.02149,-0.043489999999999994,-0.06549,-0.08897999999999999,-0.11147,-0.13496,-0.15894,-0.18292
8.5,0.0415,0.021,0.011,0.0,-0.011,-0.0215,-0.0435,-0.0655,-0.089,-0.1115,-0.135,-0.159,-0.183
8.51,0.04149,0.021,0.011,0.0,-0.011,-0.02151,-0.04351,-0.06551,-0.08902,-0.11153,-0.13504000000000002,-0.15906,-0.18308
8.52,0.04148,0.021,0.011,0.0,-0.011,-0.02152,-0.043519999999999996,-0.06552000000000001,-0.08904,-0.11156,-0.13508,-0.15912,-0.18316
8.53,0.04147,0.021,0.011,0.0,-0.011,-0.02153,-0.04353,-0.06553,-0.08906,-0.11159000000000001,-0.13512000000000002,-0.15918000000000002,-0.18324
8.540000000000001,0.041460000000000004,0.021,0.011,0.0,-0.011,-0.02154,-0.043539999999999995,-0.06554,-0.08907999999999999,-0.11162,-0.13516,-0.15924,-0.18331999999999998
8.55,0.04145,0.021,0.011,0.0,-0.011,-0.02155,-0.04355,-0.06555,-0.0891,-0.11165,-0.13520000000000001,-0.1593,-0.1834
8.56,0.041440000000000005,0.021,0.011,0.0,-0.011,-0.02156,-0.043559999999999995,-0.06556000000000001,-0.08911999999999999,-0.11168,-0.13524,-0.15936,-0.18348
8.57,0.04143,0.021,0.011,0.0,-0.011,-0.02157,-0.04357,-0.06557,-0.08914,-0.11171,-0.13528,-0.15942,-0.18356
8.58,0.041420000000000005,0.021,0.011,0.0,-0.011,-0.02158,-0.043579999999999994,-0.06558,-0.08915999999999999,-0.11174,-0.13532,-0.15948,-0.18364
8.59,0.04141,0.021,0.011,0.0,-0.011,-0.021589999999999998,-0.04359,-0.06559000000000001,-0.08918,-0.11177000000000001,-0.13536,-0.15954000000000002,-0.18372
8.6,0.0414,0.021,0.011,0.0,-0.011,-0.0216,-0.0436,-0.0656,-0.0892,-0.1118,-0.13540000000000002,-0.1596,-0.1838
8.61,0.04139,0.021,0.011,0.0,-0.011,-0.02161,-0.043609999999999996,-0.06561,-0.08922,-0.11183,-0.13544,-0.15966,-0.18388
8.620000000000001,0.04138,0.021,0.011,0.0,-0.011,-0.02162,-0.04362,-0.06562,-0.08924,-0.11186,-0.13548000000000002,-0.15972,-0.18395999999999998
8.63,0.041370000000000004,0.021,0.011,0.0,-0.011,-0.02163,-0.043629999999999995,-0.06563000000000001,-0.08925999999999999,-0.11189,-0.13552,-0.15978,-0.18404
8.64,0.04136,0.021,0.011,0.0,-0.011,-0.02164,-0.04364,-0.06564,-0.08928,-0.11192,-0.13556,-0.15984,-0.18412
8.65,0.041350000000000005,0.021,0.011,0.0,-0.011,-0.02165,-0.043649999999999994,-0.06565,-0.08929999999999999,-0.11195000000000001,-0.1356,-0.15990000000000001,-0.1842
8.66,0.04134,0.021,0.011,0.0,-0.011,-0.02166,-0.04366,-0.06566,-0.08932,-0.11198,-0.13564,-0.15996,-0.18428
8.67,0.04133,0.021,0.011,0.0,-0.011,-0.02167,-0.04367,-0.06567,-0.08934,-0.11201,-0.13568000000000002,-0.16002,-0.18436
8.68,0.04132,0.021,0.011,0.0,-0.011,-0.021679999999999998,-0.04368,-0.06568,-0.08936,-0.11204,-0.13572,-0.16008,-0.18444
8.69,0.04131,0.021,0.011,0.0,-0.011,-0.02169,-0.04369,-0.06569,-0.08938,-0.11207,-0.13576000000000002,-0.16014,-0.18452
8.700000000000001,0.0413,0.021,0.011,0.0,-0.011,-0.0217,-0.043699999999999996,-0.06570000000000001,-0.0894,-0.1121,-0.1358,-0.1602,-0.1846
8.71,0.04129,0.021,0.011,0.0,-0.011,-0.02171,-0.04371,-0.06571,-0.08942,-0.11213000000000001,-0.13584000000000002,-0.16026,-0.18468
8.72,0.041280000000000004,0.021,0.011,0.0,-0.011,-0.02172,-0.043719999999999995,-0.06572,-0.08943999999999999,-0.11216000000000001,-0.13588,-0.16032000000000002,-0.18476
8.73,0.04127,0.021,0.011,0.0,-0.011,-0.02173,-0.04373,-0.06573,-0.08946,-0.11219,-0.13592,-0.16038,-0.18484
8.74,0.041260000000000005,0.021,0.011,0.0,-0.011,-0.02174,-0.043739999999999994,-0.06574,-0.08947999999999999,-0.11222,-0.13596,-0.16044,-0.18492
8.75,0.04125,0.021,0.011,0.0,-0.011,-0.02175,-0.04375,-0.06575,-0.0895,-0.11225,-0.136,-0.1605,-0.185
8.76,0.04124,0.021,0.011,0.0,-0.011,-0.021759999999999998,-0.04376,-0.06576,-0.08952,-0.11228,-0.13604000000000002,-0.16056,-0.18508
8.77,0.04123,0.021,0.011,0.0,-0.011,-0.021769999999999998,-0.043769999999999996,-0.06577000000000001,-0.08954,-0.11231000000000001,-0.13608,-0.16062,-0.18516
8.78,0.04122,0.021,0.011,0.0,-0.011,-0.02178,-0.04378,-0.06578,-0.08956,-0.11234000000000001,-0.13612000000000002,-0.16068000000000002,-0.18524
8.790000000000001,0.041210000000000004,0.021,0.011,0.0,-0.011,-0.02179,-0.043789999999999996,-0.06579,-0.08957999999999999,-0.11237,-0.13616,-0.16074,-0.18531999999999998
8.8,0.0412,0.021,0.011,0.0,-0.011,-0.0218,-0.0438,-0.0658,-0.0896,-0.1124,-0.13620000000000002,-0.1608,-0.1854
8.81,0.041190000000000004,0.021,0.011,0.0,-0.011,-0.02181,-0.043809999999999995,-0.06581000000000001,-0.08961999999999999,-0.11243,-0.13624,-0.16086,-0.18548
8.82,0.04118,0.021,0.011,0.0,-0.011,-0.02182,-0.04382,-0.06582,-0.08964,-0.11246,-0.13628,-0.16092,-0.18556
8.83,0.041170000000000005,0.021,0.011,0.0,-0.011,-0.02183,-0.043829999999999994,-0.06583,-0.08965999999999999,-0.11249,-0.13632,-0.16098,-0.18564
8.84,0.04116,0.021,0.011,0.0,-0.011,-0.02184,-0.04384,-0.06584000000000001,-0.08968,-0.11252000000000001,-0.13636,-0.16104000000000002,-0.18572
8.85,0.04115,0.021,0.011,0.0,-0.011,-0.021849999999999998,-0.04385,-0.06585,-0.0897,-0.11255,-0.13640000000000002,-0.1611,-0.1858
8.86,0.04114,0.021,0.011,0.0,-0.011,-0.021859999999999997,-0.043859999999999996,-0.06586,-0.08972,-0.11258,-0.13644,-0.16116,-0.18588
8.870000000000001,0.04113,0.021,0.011,0.0,-0.011,-0.02187,-0.04387,-0.06587,-0.08974,-0.11261,-0.13648000000000002,-0.16122,-0.18596
8.88,0.041120000000000004,0.021,0.011,0.0,-0.011,-0.02188,-0.043879999999999995,-0.06588000000000001,-0.08975999999999999,-0.11264,-0.13652,-0.16128,-0.18604
8.89,0.04111,0.021,0.011,0.0,-0.011,-0.02189,-0.04389,-0.06589,-0.08978,-0.11267,-0.13656000000000001,-0.16134,-0.18612
8.9,0.041100000000000005,0.021,0.011,0.0,-0.011,-0.0219,-0.043899999999999995,-0.0659,-0.08979999999999999,-0.11270000000000001,-0.1366,-0.16140000000000002,-0.1862
8.91,0.04109,0.021,0.011,0.0,-0.011,-0.02191,-0.04391,-0.06591,-0.08982,-0.11273,-0.13664,-0.16146,-0.18628
8.92,0.04108,0.021,0.011,0.0,-0.011,-0.02192,-0.04392,-0.06592,-0.08984,-0.11276,-0.13668000000000002,-0.16152,-0.18636
8.93,0.04107,0.021,0.011,0.0,-0.011,-0.021929999999999998,-0.04393,-0.06593,-0.08986,-0.11279,-0.13672,-0.16158,-0.18644
8.94,0.04106,0.021,0.011,0.0,-0.011,-0.021939999999999998,-0.04394,-0.06594,-0.08988,-0.11282,-0.13676000000000002,-0.16164,-0.18652
8.950000000000001,0.04105,0.021,0.011,0.0,-0.011,-0.021949999999999997,-0.043949999999999996,-0.06595000000000001,-0.0899,-0.11285,-0.1368,-0.1617,-0.1866
8.96,0.04104,0.021,0.011,0.0,-0.011,-0.02196,-0.04396,-0.06596,-0.08992,-0.11288000000000001,-0.13684000000000002,-0.16176000000000001,-0.18668
8.97,0.041030000000000004,0.021,0.011,0.0,-0.011,-0.02197,-0.043969999999999995,-0.06597,-0.08993999999999999,-0.11291000000000001,-0.13688,-0.16182000000000002,-0.18676
8.98,0.04102,0.021,0.011,0.0,-0.011,-0.02198,-0.04398,-0.06598,-0.08996,-0.11294,-0.13692000000000001,-0.16188,-0.18684
8.99,0.041010000000000005,0.021,0.011,0.0,-0.011,-0.02199,-0.043989999999999994,-0.06599000000000001,-0.08997999999999999,-0.11297,-0.13696,-0.16194,-0.18692
9.0,0.041,0.021,0.011,0.0,-0.011,-0.022,-0.044,-0.066,-0.09,-0.113,-0.137,-0.162,-0.187
9.01,0.04095,0.02099,0.01099,0.0,-0.011,-0.02201,-0.04403,-0.06608,-0.09011999999999999,-0.11317,-0.13723000000000002,-0.16228,-0.18734
9.02,0.0409,0.020980000000000002,0.01098,0.0,-0.011,-0.022019999999999998,-0.044059999999999995,-0.06616,-0.09024,-0.11334,-0.13746,-0.16256,-0.18768
9.03,0.040850000000000004,0.020970000000000003,0.010969999999999999,0.0,-0.011,-0.022029999999999998,-0.04409,-0.06624000000000001,-0.09036,-0.11351,-0.13769,-0.16284,-0.18802
9.040000000000001,0.0408,0.020960000000000003,0.01096,0.0,-0.011,-0.022039999999999997,-0.04412,-0.06632,-0.09047999999999999,-0.11368,-0.13792000000000001,-0.16312000000000001,-0.18836
9.05,0.04075,0.02095,0.01095,0.0,-0.011,-0.02205,-0.044149999999999995,-0.0664,-0.0906,-0.11385,-0.13815000000000002,-0.16340000000000002,-0.1887
9.06,0.0407,0.02094,0.01094,0.0,-0.011,-0.02206,-0.04418,-0.06648,-0.09072,-0.11402000000000001,-0.13838,-0.16368,-0.18903999999999999
9.07,0.04065,0.02093,0.010929999999999999,0.0,-0.011,-0.02207,-0.04421,-0.06656000000000001,-0.09083999999999999,-0.11419,-0.13861,-0.16396,-0.18938
9.08,0.040600000000000004,0.02092,0.01092,0.0,-0.011,-0.02208,-0.044239999999999995,-0.06664,-0.09096,-0.11436,-0.13884000000000002,-0.16424,-0.18972
9.09,0.04055,0.02091,0.01091,0.0,-0.011,-0.02209,-0.04427,-0.06672,-0.09108,-0.11453,-0.13907,-0.16452,-0.19006
9.1,0.0405,0.020900000000000002,0.0109,0.0,-0.011,-0.022099999999999998,-0.0443,-0.0668,-0.0912,-0.1147,-0.1393,-0.1648,-0.1904
9.11,0.04045,0.020890000000000002,0.010889999999999999,0.0,-0.011,-0.022109999999999998,-0.044329999999999994,-0.06688000000000001,-0.09132,-0.11487,-0.13953000000000002,-0.16508,-0.19074
9.120000000000001,0.0404,0.020880000000000003,0.010879999999999999,0.0,-0.011,-0.022119999999999997,-0.04436,-0.06696,-0.09144,-0.11504,-0.13976000000000002,-0.16536,-0.19108
9.13,0.040350000000000004,0.02087,0.01087,0.0,-0.011,-0.02213,-0.04439,-0.06704,-0.09156,-0.11521,-0.13999,-0.16564,-0.19142
9.14,0.0403,0.02086,0.01086,0.0,-0.011,-0.02214,-0.04442,-0.06712,-0.09168,-0.11538000000000001,-0.14022,-0.16592,-0.19175999999999999
9.15,0.04025,0.02085,0.01085,0.0,-0.011,-0.02215,-0.044449999999999996,-0.0672,-0.09179999999999999,-0.11555,-0.14045000000000002,-0.16620000000000001,-0.1921
9.16,0.0402,0.02084,0.010839999999999999,0.0,-0.011,-0.02216,-0.04448,-0.06728,-0.09192,-0.11572,-0.14068,-0.16648000000000002,-0.19244
9.17,0.04015,0.02083,0.01083,0.0,-0.011,-0.02217,-0.04451,-0.06736,-0.09204,-0.11589,-0.14091,-0.16676,-0.19278
9.18,0.040100000000000004,0.02082,0.01082,0.0,-0.011,-0.02218,-0.044539999999999996,-0.06744,-0.09215999999999999,-0.11606,-0.14114000000000002,-0.16704,-0.19312
9.19,0.04005,0.020810000000000002,0.01081,0.0,-0.011,-0.022189999999999998,-0.04457,-0.06752,-0.09228,-0.11623,-0.14137,-0.16732,-0.19346
9.200000000000001,0.04,0.020800000000000003,0.010799999999999999,0.0,-0.011,-0.022199999999999998,-0.0446,-0.06760000000000001,-0.0924,-0.1164,-0.1416,-0.1676,-0.1938
9.21,0.03995,0.02079,0.01079,0.0,-0.011,-0.02221,-0.044629999999999996,-0.06768,-0.09251999999999999,-0.11657000000000001,-0.14183,-0.16788,-0.19414
9.22,0.0399,0.02078,0.01078,0.0,-0.011,-0.02222,-0.04466,-0.06776,-0.09264,-0.11674000000000001,-0.14206000000000002,-0.16816,-0.19448
9.23,0.039850000000000003,0.02077,0.01077,0.0,-0.011,-0.02223,-0.04469,-0.06784,-0.09276,-0.11691,-0.14229,-0.16844,-0.19482
9.24,0.0398,0.02076,0.010759999999999999,0.0,-0.011,-0.02224,-0.044719999999999996,-0.06792000000000001,-0.09287999999999999,-0.11708,-0.14252,-0.16872,-0.19516
9.25,0.03975,0.02075,0.01075,0.0,-0.011,-0.02225,-0.04475,-0.068,-0.093,-0.11725000000000001,-0.14275000000000002,-0.169,-0.1955
9.26,0.0397,0.02074,0.01074,0.0,-0.011,-0.02226,-0.04478,-0.06808,-0.09312,-0.11742,-0.14298,-0.16928,-0.19584000000000001
9.27,0.03965,0.020730000000000002,0.01073,0.0,-0.011,-0.022269999999999998,-0.044809999999999996,-0.06816,-0.09323999999999999,-0.11759,-0.14321,-0.16956000000000002,-0.19618
9.28,0.0396,0.020720000000000002,0.01072,0.0,-0.011,-0.022279999999999998,-0.04484,-0.06824,-0.09336,-0.11776,-0.14344,-0.16984,-0.19652
9.290000000000001,0.03955,0.020710000000000003,0.010709999999999999,0.0,-0.011,-0.022289999999999997,-0.04487,-0.06832,-0.09348,-0.11793000000000001,-0.14367000000000002,-0.17012,-0.19686
9.3,0.0395,0.0207,0.0107,0.0,-0.011,-0.0223,-0.044899999999999995,-0.0684,-0.09359999999999999,-0.11810000000000001,-0.1439,-0.1704,-0.1972
9.31,0.03945,0.02069,0.01069,0.0,-0.011,-0.02231,-0.04493,-0.06848,-0.09372,-0.11827,-0.14413,-0.17068,-0.19754
9.32,0.0394,0.02068,0.01068,0.0,-0.011,-0.02232,-0.04496,-0.06856,-0.09383999999999999,-0.11844,-0.14436000000000002,-0.17096,-0.19788
9.33,0.03935,0.02067,0.010669999999999999,0.0,-0.011,-0.02233,-0.044989999999999995,-0.06864,-0.09396,-0.11861000000000001,-0.14459,-0.17124,-0.19822
9.34,0.0393,0.02066,0.01066,0.0,-0.011,-0.02234,-0.04502,-0.06872,-0.09408,-0.11878,-0.14482,-0.17152,-0.19856000000000001
9.35,0.03925,0.02065,0.01065,0.0,-0.011,-0.02235,-0.04505,-0.0688,-0.09419999999999999,-0.11895,-0.14505,-0.1718,-0.1989
9.36,0.0392,0.020640000000000002,0.01064,0.0,-0.011,-0.022359999999999998,-0.045079999999999995,-0.06888,-0.09432,-0.11912,-0.14528000000000002,-0.17208,-0.19924
9.370000000000001,0.03915,0.020630000000000003,0.010629999999999999,0.0,-0.011,-0.022369999999999998,-0.04511,-0.06896000000000001,-0.09444,-0.11929000000000001,-0.14551,-0.17236,-0.19958
9.38,0.0391,0.02062,0.01062,0.0,-0.011,-0.02238,-0.04514,-0.06904,-0.09455999999999999,-0.11946000000000001,-0.14574,-0.17264000000000002,-0.19992
9.39,0.03905,0.02061,0.01061,0.0,-0.011,-0.02239,-0.04517,-0.06912,-0.09468,-0.11963,-0.14597000000000002,-0.17292000000000002,-0.20026
9.4,0.039,0.0206,0.0106,0.0,-0.011,-0.0224,-0.0452,-0.0692,-0.0948,-0.1198,-0.1462,-0.1732,-0.2006
9.41,0.03895,0.02059,0.01059,0.0,-0.011,-0.02241,-0.04523,-0.06928,-0.09491999999999999,-0.11997000000000001,-0.14643,-0.17348,-0.20094
9.42,0.0389,0.02058,0.010579999999999999,0.0,-0.011,-0.02242,-0.04526,-0.06936,-0.09504,-0.12014,-0.14666,-0.17376,-0.20128000000000001
9.43,0.03885,0.02057,0.01057,0.0,-0.011,-0.02243,-0.04529,-0.06944,-0.09516,-0.12031,-0.14689000000000002,-0.17404,-0.20162
9.44,0.0388,0.020560000000000002,0.01056,0.0,-0.011,-0.022439999999999998,-0.04532,-0.06952,-0.09527999999999999,-0.12048,-0.14712,-0.17432,-0.20196
9.450000000000001,0.03875,0.020550000000000002,0.01055,0.0,-0.011,-0.022449999999999998,-0.04535,-0.0696,-0.0954,-0.12065000000000001,-0.14735,-0.1746,-0.2023
9.46,0.0387,0.02054,0.010539999999999999,0.0,-0.011,-0.02246,-0.04538,-0.06968,-0.09552,-0.12082000000000001,-0.14758000000000002,-0.17488,-0.20264
9.47,0.03865,0.02053,0.01053,0.0,-0.011,-0.02247,-0.04541,-0.06976,-0.09563999999999999,-0.12099,-0.14781,-0.17516,-0.20298
9.48,0.0386,0.02052,0.01052,0.0,-0.011,-0.02248,-0.04544,-0.06984,-0.09576,-0.12116,-0.14804,-0.17544,-0.20332
9.49,0.03855,0.02051,0.01051,0.0,-0.011,-0.02249,-0.04547,-0.06992,-0.09587999999999999,-0.12133000000000001,-0.14827,-0.17572000000000002,-0.20366
9.5,0.0385,0.0205,0.010499999999999999,0.0,-0.011,-0.0225,-0.0455,-0.07,-0.096,-0.1215,-0.14850000000000002,-0.176,-0.20400000000000001
9.51,0.03845,0.02049,0.01049,0.0,-0.011,-0.02251,-0.04553,-0.07008,-0.09612,-0.12167,-0.14873,-0.17628,-0.20434
9.52,0.0384,0.02048,0.01048,0.0,-0.011,-0.02252,-0.045559999999999996,-0.07016,-0.09623999999999999,-0.12184,-0.14896,-0.17656,-0.20468
9.53,0.03835,0.020470000000000002,0.01047,0.0,-0.011,-0.022529999999999998,-0.04559,-0.07024,-0.09636,-0.12201000000000001,-0.14919000000000002,-0.17684,-0.20502
9.540000000000001,0.0383,0.02046,0.01046,0.0,-0.011,-0.022539999999999998,-0.04562,-0.07032,-0.09648,-0.12218000000000001,-0.14942,-0.17712,-0.20536
9.55,0.03825,0.02045,0.01045,0.0,-0.011,-0.02255,-0.045649999999999996,-0.0704,-0.09659999999999999,-0.12235,-0.14965,-0.1774,-0.2057
9.56,0.0382,0.02044,0.01044,0.0,-0.011,-0.02256,-0.04568,-0.07048,-0.09672,-0.12252,-0.14988,-0.17768,-0.20604
9.57,0.038149999999999996,0.02043,0.01043,0.0,-0.011,-0.02257,-0.04571,-0.07056,-0.09684,-0.12269000000000001,-0.15011,-0.17796,-0.20638
9.58,0.0381,0.02042,0.01042,0.0,-0.011,-0.02258,-0.045739999999999996,-0.07064,-0.09695999999999999,-0.12286,-0.15034,-0.17824,-0.20672000000000001
9.59,0.03805,0.02041,0.010409999999999999,0.0,-0.011,-0.02259,-0.04577,-0.07072,-0.09708,-0.12303,-0.15057,-0.17852,-0.20706
9.6,0.038,0.0204,0.0104,0.0,-0.011,-0.0226,-0.0458,-0.0708,-0.0972,-0.1232,-0.15080000000000002,-0.17880000000000001,-0.2074
9.61,0.03795,0.020390000000000002,0.01039,0.0,-0.011,-0.022609999999999998,-0.045829999999999996,-0.07088,-0.09731999999999999,-0.12337000000000001,-0.15103,-0.17908000000000002,-0.20774
9.620000000000001,0.037899999999999996,0.020380000000000002,0.01038,0.0,-0.011,-0.022619999999999998,-0.04586,-0.07096,-0.09744,-0.12354000000000001,-0.15126,-0.17936,-0.20808
9.63,0.03785,0.02037,0.01037,0.0,-0.011,-0.02263,-0.04589,-0.07103999999999999,-0.09756,-0.12371,-0.15149,-0.17964,-0.20842
9.64,0.0378,0.02036,0.01036,0.0,-0.011,-0.02264,-0.04592,-0.07112,-0.09767999999999999,-0.12388,-0.15172,-0.17992,-0.20876
9.65,0.03775,0.02035,0.01035,0.0,-0.011,-0.02265,-0.04595,-0.0712,-0.0978,-0.12405000000000001,-0.15195,-0.1802,-0.2091
9.66,0.0377,0.02034,0.01034,0.0,-0.011,-0.02266,-0.04598,-0.07128,-0.09792,-0.12422,-0.15218,-0.18048,-0.20944000000000002
9.67,0.037649999999999996,0.02033,0.01033,0.0,-0.011,-0.02267,-0.04601,-0.07135999999999999,-0.09803999999999999,-0.12439,-0.15241000000000002,-0.18076,-0.20978
9.68,0.0376,0.02032,0.01032,0.0,-0.011,-0.02268,-0.04604,-0.07144,-0.09816,-0.12456,-0.15264,-0.18104,-0.21012
9.69,0.03755,0.02031,0.01031,0.0,-0.011,-0.02269,-0.04607,-0.07152,-0.09827999999999999,-0.12473000000000001,-0.15287,-0.18132,-0.21046
9.700000000000001,0.0375,0.020300000000000002,0.0103,0.0,-0.011,-0.022699999999999998,-0.0461,-0.0716,-0.09839999999999999,-0.12490000000000001,-0.1531,-0.1816,-0.2108
9.71,0.03745,0.02029,0.01029,0.0,-0.011,-0.02271,-0.04613,-0.07168,-0.09852,-0.12507000000000001,-0.15333,-0.18188000000000001,-0.21114
9.72,0.037399999999999996,0.02028,0.01028,0.0,-0.011,-0.02272,-0.04616,-0.07176,-0.09863999999999999,-0.12524000000000002,-0.15356,-0.18216,-0.21148
9.73,0.03735,0.02027,0.01027,0.0,-0.011,-0.02273,-0.04619,-0.07184,-0.09875999999999999,-0.12541,-0.15379,-0.18244,-0.21182
9.74,0.0373,0.02026,0.01026,0.0,-0.011,-0.02274,-0.04622,-0.07192,-0.09888,-0.12558,-0.15402,-0.18272,-0.21216000000000002
9.75,0.03725,0.02025,0.01025,0.0,-0.011,-0.02275,-0.04625,-0.072,-0.09899999999999999,-0.12575,-0.15425,-0.183,-0.2125
9.76,0.0372,0.02024,0.010239999999999999,0.0,-0.011,-0.02276,-0.04628,-0.07208,-0.09912,-0.12592,-0.15448,-0.18328,-0.21284
9.77,0.037149999999999996,0.02023,0.01023,0.0,-0.011,-0.02277,-0.04631,-0.07216,-0.09924,-0.12609,-0.15471000000000001,-0.18356,-0.21318
9.78,0.0371,0.020220000000000002,0.01022,0.0,-0.011,-0.022779999999999998,-0.04634,-0.07224,-0.09935999999999999,-0.12626,-0.15494,-0.18384,-0.21352
9.790000000000001,0.03705,0.02021,0.01021,0.0,-0.011,-0.022789999999999998,-0.04637,-0.07232,-0.09948,-0.12643000000000001,-0.15517,-0.18412,-0.21386
9.8,0.037,0.0202,0.0102,0.0,-0.011,-0.0228,-0.0464,-0.07239999999999999,-0.0996,-0.1266,-0.1554,-0.1844,-0.2142
9.81,0.03695,0.02019,0.01019,0.0,-0.011,-0.02281,-0.04643,-0.07248,-0.09971999999999999,-0.12677,-0.15563,-0.18468,-0.21454
9.82,0.036899999999999995,0.02018,0.01018,0.0,-0.011,-0.02282,-0.04646,-0.07256,-0.09984,-0.12694,-0.15586,-0.18496,-0.21488000000000002
9.83,0.03685,0.02017,0.01017,0.0,-0.011,-0.02283,-0.04649,-0.07264,-0.09996,-0.12711,-0.15609,-0.18524000000000002,-0.21522
9.84,0.0368,0.02016,0.01016,0.0,-0.011,-0.02284,-0.04652,-0.07271999999999999,-0.10007999999999999,-0.12728,-0.15632000000000001,-0.18552000000000002,-0.21556
9.85,0.03675,0.02015,0.01015,0.0,-0.011,-0.02285,-0.04655,-0.0728,-0.1002,-0.12745,-0.15655,-0.1858,-0.2159
9.86,0.036699999999999997,0.02014,0.01014,0.0,-0.011,-0.02286,-0.046579999999999996,-0.07288,-0.10031999999999999,-0.12762,-0.15678,-0.18608,-0.21624
9.870000000000001,0.036649999999999995,0.020130000000000002,0.01013,0.0,-0.011,-0.022869999999999998,-0.04661,-0.07296,-0.10043999999999999,-0.12779000000000001,-0.15701,-0.18636,-0.21658
9.88,0.0366,0.02012,0.01012,0.0,-0.011,-0.02288,-0.04664,-0.07304,-0.10056,-0.12796000000000002,-0.15724,-0.18664,-0.21692
9.89,0.03655,0.02011,0.010110000000000001,0.0,-0.011,-0.02289,-0.04667,-0.07311999999999999,-0.10067999999999999,-0.12813,-0.15747,-0.18692,-0.21726
9.9,0.0365,0.0201,0.0101,0.0,-0.011,-0.0229,-0.0467,-0.0732,-0.1008,-0.1283,-0.1577,-0.1872,-0.21760000000000002
9.91,0.036449999999999996,0.02009,0.01009,0.0,-0.011,-0.02291,-0.04673,-0.07328,-0.10092,-0.12847,-0.15793000000000001,-0.18748,-0.21794
9.92,0.036399999999999995,0.02008,0.01008,0.0,-0.011,-0.02292,-0.04676,-0.07336,-0.10103999999999999,-0.12864,-0.15816,-0.18776,-0.21828
9.93,0.03635,0.02007,0.01007,0.0,-0.011,-0.02293,-0.04679,-0.07343999999999999,-0.10116,-0.12881,-0.15839,-0.18804,-0.21862
9.94,0.0363,0.02006,0.01006,0.0,-0.011,-0.02294,-0.04682,-0.07352,-0.10128,-0.12898,-0.15862,-0.18832,-0.21896
9.950000000000001,0.03625,0.020050000000000002,0.01005,0.0,-0.011,-0.022949999999999998,-0.04685,-0.0736,-0.10139999999999999,-0.12915000000000001,-0.15885,-0.1886,-0.2193
9.96,0.036199999999999996,0.02004,0.01004,0.0,-0.011,-0.02296,-0.04688,-0.07368,-0.10152,-0.12932,-0.15908,-0.18888,-0.21964
9.97,0.036149999999999995,0.02003,0.01003,0.0,-0.011,-0.02297,-0.04691,-0.07375999999999999,-0.10164,-0.12949,-0.15931,-0.18916,-0.21998
9.98,0.0361,0.02002,0.01002,0.0,-0.011,-0.02298,-0.04694,-0.07384,-0.10175999999999999,-0.12966,-0.15954000000000002,-0.18944,-0.22032000000000002
9.99,0.03605,0.02001,0.01001,0.0,-0.011,-0.02299,-0.04697,-0.07392,-0.10188,-0.12983,-0.15977,-0.18972,-0.22066
10.0,0.036,0.02,0.01,0.0,-0.011,-0.023,-0.047,-0.074,-0.102,-0.13,-0.16,-0.19,-0.221
10.01,0.034545454545454546,0.01972727272727273,0.01,0.0,-0.011,-0.02309090909090909,-0.047363636363636365,-0.07454545454545454,-0.10281818181818181,-0.13118181818181818,-0.16136363636363638,-0.19154545454545455,-0.22263636363636363
10.02,0.03309090909090909,0.019454545454545454,0.01,0.0,-0.011,-0.023181818181818182,-0.04772727272727273,-0.07509090909090908,-0.10363636363636364,-0.13236363636363638,-0.16272727272727272,-0.1930909090909091,-0.22427272727272726
10.03,0.031636363636363636,0.019181818181818182,0.01,0.0,-0.011,-0.02327272727272727,-0.04809090909090909,-0.07563636363636364,-0.10445454545454545,-0.13354545454545455,-0.1640909090909091,-0.19463636363636364,-0.22590909090909092
10.040000000000001,0.03018181818181818,0.01890909090909091,0.01,0.0,-0.011,-0.023363636363636364,-0.04845454545454545,-0.07618181818181818,-0.10527272727272727,-0.13472727272727272,-0.16545454545454547,-0.19618181818181818,-0.22754545454545455
10.05,0.028727272727272726,0.01863636363636364,0.01,0.0,-0.011,-0.023454545454545454,-0.048818181818181816,-0.07672727272727273,-0.10609090909090908,-0.1359090909090909,-0.1668181818181818,-0.19772727272727272,-0.22918181818181818
10.06,0.02727272727272727,0.018363636363636363,0.01,0.0,-0.011,-0.023545454545454546,-0.04918181818181818,-0.07727272727272727,-0.10690909090909091,-0.1370909090909091,-0.16818181818181818,-0.19927272727272727,-0.2308181818181818
10.07,0.025818181818181817,0.01809090909090909,0.01,0.0,-0.011,-0.023636363636363636,-0.049545454545454545,-0.07781818181818181,-0.10772727272727273,-0.13827272727272727,-0.16954545454545453,-0.2008181818181818,-0.23245454545454544
10.08,0.024363636363636365,0.01781818181818182,0.01,0.0,-0.011,-0.02372727272727273,-0.04990909090909091,-0.07836363636363636,-0.10854545454545454,-0.13945454545454544,-0.1709090909090909,-0.20236363636363636,-0.23409090909090907
10.09,0.022909090909090907,0.017545454545454548,0.01,0.0,-0.011,-0.023818181818181818,-0.05027272727272727,-0.07890909090909091,-0.10936363636363636,-0.14063636363636361,-0.17227272727272727,-0.2039090909090909,-0.23572727272727273
10.1,0.021454545454545455,0.017272727272727273,0.01,0.0,-0.011,-0.02390909090909091,-0.05063636363636363,-0.07945454545454546,-0.11018181818181819,-0.14181818181818182,-0.17363636363636362,-0.20545454545454545,-0.23736363636363636
10.11,0.02,0.017,0.01,0.0,-0.011,-0.024,-0.051,-0.08,-0.111,-0.143,-0.175,-0.207,-0.239
10.120000000000001,0.0165,0.016,0.0095,0.0,-0.0115,-0.0245,-0.052,-0.0815,-0.113,-0.1445,-0.177,-0.209,-0.2415
10.13,0.013,0.015,0.009,0.0,-0.012,-0.025,-0.053,-0.083,-0.115,-0.146,-0.179,-0.211,-0.244
10.14,0.0075,0.0115,0.0085,0.0,-0.012,-0.025,-0.054,-0.08499999999999999,-0.11649999999999999,-0.148,-0.181,-0.213,-0.246
10.15,0.002,0.008,0.008,0.0,-0.012,-0.025,-0.055,-0.087,-0.118,-0.15,-0.183,-0.215,-0.248
10.16,-0.0025000000000000005,0.003,0.0045000000000000005,0.0,-0.0115,-0.026500000000000003,-0.056999999999999995,-0.089,-0.1205,-0.1525,-0.1855,-0.2175,-0.2505
10.17,-0.007,-0.002,0.001,0.0,-0.011,-0.028,-0.059,-0.091,-0.123,-0.155,-0.188,-0.22,-0.253
10.18,-0.011,-0.004,-0.001,0.0,-0.013,-0.03,-0.061,-0.093,-0.125,-0.158,-0.19,-0.223,-0.256
10.19,-0.011,-0.004,-0.001,0.0,-0.013,-0.03,-0.061,-0.093,-0.125,-0.158,-0.19,-0.223,-0.256
10.200000000000001,-0.011,-0.004,-0.001,0.0,-0.013,-0.03,-0.061,-0.093,-0.125,-0.158,-0.19,-0.223,-0.256
