level,trim_-2.0,trim_-1.0,trim_-0.5,trim_0.0,trim_0.5,trim_1.0,trim_2.0,trim_3.0,trim_4.0,trim_5.0,trim_6.0,trim_7.0,trim_8.0
0.0,0.057,0.026,0.013,0.0,0.0,0.0,0.003,0.01,0.016,0.023,0.029,0.035,0.043
0.01,0.0555,0.025,0.0115,0.0,-0.004,-0.005,-0.002,0.0045000000000000005,0.0105,0.017,0.023,0.029500000000000002,0.037
0.02,0.054,0.024,0.01,0.0,-0.008,-0.01,-0.007,-0.001,0.005,0.011,0.017,0.024,0.031
0.03,0.0535,0.0245,0.011,0.0,-0.009000000000000001,-0.0125,-0.011,-0.005999999999999999,-0.0004999999999999996,0.0055,0.012,0.019,0.026000000000000002
0.04,0.053,0.025,0.012,0.0,-0.01,-0.015,-0.015,-0.011,-0.006,0.0,0.007,0.014,0.021
0.05,0.052,0.0245,0.012,0.0,-0.01,-0.0165,-0.0185,-0.0155,-0.010499999999999999,-0.0045,0.002,0.0085,0.0155
0.06,0.051,0.024,0.012,0.0,-0.01,-0.018,-0.022,-0.02,-0.015,-0.009,-0.003,0.003,0.01
0.07,0.0505,0.024,0.0115,0.0,-0.01,-0.0185,-0.025,-0.0235,-0.019,-0.013499999999999998,-0.007500000000000001,-0.0015000000000000005,0.005
0.08,0.05,0.024,0.011,0.0,-0.01,-0.019,-0.028,-0.027,-0.023,-0.018,-0.012,-0.006,0.0
0.09,0.05,0.0235,0.011,0.0,-0.01,-0.019,-0.0295,-0.03,-0.027,-0.0225,-0.0165,-0.010499999999999999,-0.0045
0.1,0.05,0.023,0.011,0.0,-0.01,-0.019,-0.031,-0.033,-0.031,-0.027,-0.021,-0.015,-0.009
0.11,0.0497,0.023,0.011,0.0,-0.0101,-0.0191,-0.0317,-0.0348,-0.0336,-0.0302,-0.024700000000000003,-0.0189,-0.0131
0.12,0.0494,0.023,0.011,0.0,-0.0102,-0.0192,-0.0324,-0.0366,-0.0362,-0.0334,-0.0284,-0.0228,-0.0172
0.13,0.049100000000000005,0.023,0.011,0.0,-0.0103,-0.0193,-0.0331,-0.038400000000000004,-0.0388,-0.0366,-0.032100000000000004,-0.026699999999999998,-0.0213
0.14,0.0488,0.023,0.011,0.0,-0.0104,-0.0194,-0.0338,-0.0402,-0.0414,-0.0398,-0.035800000000000005,-0.0306,-0.0254
0.15,0.0485,0.023,0.011,0.0,-0.010499999999999999,-0.0195,-0.0345,-0.041999999999999996,-0.044,-0.043,-0.03950000000000001,-0.0345,-0.0295
0.16,0.0482,0.023,0.011,0.0,-0.0106,-0.0196,-0.035199999999999995,-0.0438,-0.0466,-0.046200000000000005,-0.0432,-0.0384,-0.033600000000000005
0.17,0.0479,0.023,0.011,0.0,-0.0107,-0.0197,-0.0359,-0.0456,-0.0492,-0.0494,-0.046900000000000004,-0.0423,-0.037700000000000004
0.18,0.0476,0.023,0.011,0.0,-0.010799999999999999,-0.0198,-0.0366,-0.0474,-0.0518,-0.0526,-0.050600000000000006,-0.0462,-0.041800000000000004
0.19,0.0473,0.023,0.011,0.0,-0.0109,-0.0199,-0.0373,-0.049199999999999994,-0.054400000000000004,-0.0558,-0.0543,-0.0501,-0.0459
0.2,0.047,0.023,0.011,0.0,-0.011,-0.02,-0.038,-0.051,-0.057,-0.059,-0.058,-0.054,-0.05
0.21,0.0469,0.0229,0.011,0.0,-0.011,-0.0201,-0.0382,-0.0515,-0.0582,-0.060899999999999996,-0.0604,-0.0569,-0.053200000000000004
0.22,0.0468,0.0228,0.011,0.0,-0.011,-0.0202,-0.0384,-0.052,-0.0594,-0.0628,-0.06280000000000001,-0.0598,-0.056400000000000006
0.23,0.0467,0.022699999999999998,0.011,0.0,-0.011,-0.020300000000000002,-0.0386,-0.0525,-0.0606,-0.0647,-0.06520000000000001,-0.0627,-0.0596
0.24,0.0466,0.0226,0.011,0.0,-0.011,-0.0204,-0.0388,-0.053,-0.0618,-0.06659999999999999,-0.06760000000000001,-0.0656,-0.06280000000000001
0.25,0.0465,0.0225,0.011,0.0,-0.011,-0.0205,-0.039,-0.0535,-0.063,-0.0685,-0.07,-0.0685,-0.066
0.26,0.0464,0.0224,0.011,0.0,-0.011,-0.0206,-0.0392,-0.054,-0.06420000000000001,-0.07039999999999999,-0.0724,-0.0714,-0.06920000000000001
0.27,0.0463,0.0223,0.011,0.0,-0.011,-0.0207,-0.0394,-0.0545,-0.0654,-0.0723,-0.0748,-0.0743,-0.0724
0.28,0.0462,0.022199999999999998,0.011,0.0,-0.011,-0.020800000000000003,-0.0396,-0.055,-0.0666,-0.0742,-0.0772,-0.0772,-0.0756
0.29,0.0461,0.022099999999999998,0.011,0.0,-0.011,-0.020900000000000002,-0.0398,-0.0555,-0.0678,-0.0761,-0.0796,-0.0801,-0.07880000000000001
0.3,0.046,0.022,0.011,0.0,-0.011,-0.021,-0.04,-0.056,-0.069,-0.078,-0.082,-0.083,-0.082
0.31,0.046,0.022,0.011,0.0,-0.011,-0.021,-0.04,-0.0562,-0.0694,-0.0789,-0.0835,-0.085,-0.0844
0.32,0.046,0.022,0.011,0.0,-0.011,-0.021,-0.04,-0.0564,-0.0698,-0.0798,-0.085,-0.08700000000000001,-0.0868
0.33,0.046,0.022,0.011,0.0,-0.011,-0.021,-0.04,-0.056600000000000004,-0.0702,-0.0807,-0.08650000000000001,-0.089,-0.0892
0.34,0.046,0.022,0.011,0.0,-0.011,-0.021,-0.04,-0.0568,-0.0706,-0.08159999999999999,-0.08800000000000001,-0.091,-0.0916
0.35000000000000003,0.046,0.022,0.011,0.0,-0.011,-0.021,-0.04,-0.057,-0.07100000000000001,-0.08249999999999999,-0.0895,-0.093,-0.094
0.36,0.046,0.022,0.011,0.0,-0.011,-0.021,-0.04,-0.0572,-0.0714,-0.0834,-0.091,-0.095,-0.0964
0.37,0.046,0.022,0.011,0.0,-0.011,-0.021,-0.04,-0.0574,-0.0718,-0.0843,-0.0925,-0.097,-0.0988
0.38,0.046,0.022,0.011,0.0,-0.011,-0.021,-0.04,-0.057600000000000005,-0.0722,-0.0852,-0.094,-0.099,-0.1012
0.39,0.046,0.022,0.011,0.0,-0.011,-0.021,-0.04,-0.057800000000000004,-0.0726,-0.0861,-0.0955,-0.10099999999999999,-0.1036
0.4,0.046,0.022,0.011,0.0,-0.011,-0.021,-0.04,-0.058,-0.073,-0.087,-0.097,-0.103,-0.106
0.41000000000000003,0.045899999999999996,0.022,0.011,0.0,-0.011,-0.021,-0.040100000000000004,-0.0581,-0.07329999999999999,-0.08739999999999999,-0.09770000000000001,-0.1042,-0.1076
0.42,0.0458,0.022,0.011,0.0,-0.011,-0.021,-0.0402,-0.0582,-0.0736,-0.08779999999999999,-0.0984,-0.1054,-0.10919999999999999
0.43,0.0457,0.022,0.011,0.0,-0.011,-0.021,-0.0403,-0.058300000000000005,-0.0739,-0.0882,-0.0991,-0.1066,-0.1108
0.44,0.0456,0.022,0.011,0.0,-0.011,-0.021,-0.0404,-0.0584,-0.0742,-0.0886,-0.0998,-0.10779999999999999,-0.1124
0.45,0.0455,0.022,0.011,0.0,-0.011,-0.021,-0.0405,-0.058499999999999996,-0.0745,-0.089,-0.1005,-0.109,-0.11399999999999999
0.46,0.045399999999999996,0.022,0.011,0.0,-0.011,-0.021,-0.040600000000000004,-0.0586,-0.07479999999999999,-0.0894,-0.1012,-0.1102,-0.1156
0.47000000000000003,0.0453,0.022,0.011,0.0,-0.011,-0.021,-0.0407,-0.0587,-0.0751,-0.08979999999999999,-0.10189999999999999,-0.1114,-0.1172
0.48,0.0452,0.022,0.011,0.0,-0.011,-0.021,-0.0408,-0.0588,-0.0754,-0.0902,-0.1026,-0.1126,-0.1188
0.49,0.0451,0.022,0.011,0.0,-0.011,-0.021,-0.0409,-0.058899999999999994,-0.0757,-0.0906,-0.1033,-0.1138,-0.1204
0.5,0.045,0.022,0.011,0.0,-0.011,-0.021,-0.041,-0.059,-0.076,-0.091,-0.104,-0.115,-0.122
0.51,0.045,0.022,0.011,0.0,-0.011,-0.021,-0.041,-0.0591,-0.0762,-0.09129999999999999,-0.10439999999999999,-0.11560000000000001,-0.123
0.52,0.045,0.022,0.011,0.0,-0.011,-0.021,-0.041,-0.059199999999999996,-0.0764,-0.0916,-0.10479999999999999,-0.1162,-0.124
0.53,0.045,0.022,0.011,0.0,-0.011,-0.021,-0.041,-0.0593,-0.0766,-0.0919,-0.1052,-0.1168,-0.125
0.54,0.045,0.022,0.011,0.0,-0.011,-0.021,-0.041,-0.059399999999999994,-0.0768,-0.0922,-0.1056,-0.1174,-0.126
0.55,0.045,0.022,0.011,0.0,-0.011,-0.021,-0.041,-0.0595,-0.077,-0.0925,-0.106,-0.118,-0.127
0.56,0.045,0.022,0.011,0.0,-0.011,-0.021,-0.041,-0.0596,-0.0772,-0.0928,-0.1064,-0.1186,-0.128
0.5700000000000001,0.045,0.022,0.011,0.0,-0.011,-0.021,-0.041,-0.059699999999999996,-0.0774,-0.0931,-0.10679999999999999,-0.1192,-0.129
0.58,0.045,0.022,0.011,0.0,-0.011,-0.021,-0.041,-0.0598,-0.0776,-0.0934,-0.1072,-0.1198,-0.13
0.59,0.045,0.022,0.011,0.0,-0.011,-0.021,-0.041,-0.059899999999999995,-0.0778,-0.0937,-0.1076,-0.1204,-0.131
0.6,0.045,0.022,0.011,0.0,-0.011,-0.021,-0.041,-0.06,-0.078,-0.094,-0.108,-0.121,-0.132
0.61,0.045,0.022,0.011,0.0,-0.011,-0.021,-0.04105,-0.06005,-0.0781,-0.09415,-0.1083,-0.1214,-0.13255
0.62,0.045,0.022,0.011,0.0,-0.011,-0.021,-0.041100000000000005,-0.0601,-0.0782,-0.0943,-0.1086,-0.12179999999999999,-0.1331
0.63,0.045,0.022,0.011,0.0,-0.011,-0.021,-0.04115,-0.060149999999999995,-0.0783,-0.09445,-0.1089,-0.1222,-0.13365
0.64,0.045,0.022,0.011,0.0,-0.011,-0.021,-0.0412,-0.0602,-0.0784,-0.0946,-0.1092,-0.1226,-0.1342
0.65,0.045,0.022,0.011,0.0,-0.011,-0.021,-0.04125,-0.06025,-0.0785,-0.09475,-0.1095,-0.123,-0.13475
0.66,0.045,0.022,0.011,0.0,-0.011,-0.021,-0.0413,-0.0603,-0.0786,-0.0949,-0.1098,-0.1234,-0.1353
0.67,0.045,0.022,0.011,0.0,-0.011,-0.021,-0.041350000000000005,-0.06035,-0.0787,-0.09505,-0.1101,-0.1238,-0.13585
0.68,0.045,0.022,0.011,0.0,-0.011,-0.021,-0.0414,-0.060399999999999995,-0.0788,-0.0952,-0.1104,-0.1242,-0.1364
0.6900000000000001,0.045,0.022,0.011,0.0,-0.011,-0.021,-0.04145,-0.06045,-0.0789,-0.09535,-0.1107,-0.1246,-0.13695
0.7000000000000001,0.045,0.022,0.011,0.0,-0.011,-0.021,-0.0415,-0.0605,-0.079,-0.0955,-0.111,-0.125,-0.1375
0.71,0.045,0.022,0.011,0.0,-0.011,-0.021,-0.041550000000000004,-0.06055,-0.0791,-0.09565,-0.1113,-0.1254,-0.13805
0.72,0.045,0.022,0.011,0.0,-0.011,-0.021,-0.041600000000000005,-0.0606,-0.0792,-0.0958,-0.1116,-0.1258,-0.1386
0.73,0.045,0.022,0.011,0.0,-0.011,-0.021,-0.04165,-0.060649999999999996,-0.0793,-0.09595000000000001,-0.1119,-0.1262,-0.13915
0.74,0.045,0.022,0.011,0.0,-0.011,-0.021,-0.0417,-0.0607,-0.0794,-0.0961,-0.11220000000000001,-0.1266,-0.1397
0.75,0.045,0.022,0.011,0.0,-0.011,-0.021,-0.04175,-0.06075,-0.0795,-0.09625,-0.1125,-0.127,-0.14024999999999999
0.76,0.045,0.022,0.011,0.0,-0.011,-0.021,-0.041800000000000004,-0.0608,-0.0796,-0.0964,-0.1128,-0.1274,-0.14079999999999998
0.77,0.045,0.022,0.011,0.0,-0.011,-0.021,-0.041850000000000005,-0.06085,-0.07970000000000001,-0.09655,-0.1131,-0.1278,-0.14134999999999998
0.78,0.045,0.022,0.011,0.0,-0.011,-0.021,-0.0419,-0.060899999999999996,-0.0798,-0.09670000000000001,-0.1134,-0.1282,-0.1419
0.79,0.045,0.022,0.011,0.0,-0.011,-0.021,-0.04195,-0.06095,-0.0799,-0.09685,-0.11370000000000001,-0.1286,-0.14245
0.8,0.045,0.022,0.011,0.0,-0.011,-0.021,-0.042,-0.061,-0.08,-0.097,-0.114,-0.129,-0.143
0.81,0.04495,0.022,0.011,0.0,-0.011,-0.021,-0.042,-0.06105,-0.08005,-0.0971,-0.11415,-0.1292,-0.14329999999999998
0.8200000000000001,0.044899999999999995,0.022,0.011,0.0,-0.011,-0.021,-0.042,-0.0611,-0.0801,-0.09720000000000001,-0.1143,-0.12940000000000002,-0.14359999999999998
0.8300000000000001,0.04485,0.022,0.011,0.0,-0.011,-0.021,-0.042,-0.061149999999999996,-0.08015,-0.0973,-0.11445000000000001,-0.1296,-0.1439
0.84,0.0448,0.022,0.011,0.0,-0.011,-0.021,-0.042,-0.0612,-0.08020000000000001,-0.0974,-0.11460000000000001,-0.1298,-0.1442
0.85,0.04475,0.022,0.011,0.0,-0.011,-0.021,-0.042,-0.06125,-0.08025,-0.0975,-0.11475,-0.13,-0.1445
0.86,0.0447,0.022,0.011,0.0,-0.011,-0.021,-0.042,-0.0613,-0.0803,-0.0976,-0.1149,-0.1302,-0.14479999999999998
0.87,0.044649999999999995,0.022,0.011,0.0,-0.011,-0.021,-0.042,-0.06135,-0.08035,-0.09770000000000001,-0.11505,-0.13040000000000002,-0.14509999999999998
0.88,0.0446,0.022,0.011,0.0,-0.011,-0.021,-0.042,-0.061399999999999996,-0.0804,-0.0978,-0.11520000000000001,-0.1306,-0.1454
0.89,0.04455,0.022,0.011,0.0,-0.011,-0.021,-0.042,-0.06145,-0.08045000000000001,-0.0979,-0.11535000000000001,-0.1308,-0.1457
0.9,0.0445,0.022,0.011,0.0,-0.011,-0.021,-0.042,-0.0615,-0.0805,-0.098,-0.1155,-0.131,-0.146
0.91,0.044449999999999996,0.022,0.011,0.0,-0.011,-0.021,-0.042,-0.06155,-0.08055,-0.0981,-0.11565,-0.1312,-0.14629999999999999
0.92,0.044399999999999995,0.022,0.011,0.0,-0.011,-0.021,-0.042,-0.0616,-0.0806,-0.09820000000000001,-0.1158,-0.13140000000000002,-0.14659999999999998
0.93,0.04435,0.022,0.011,0.0,-0.011,-0.021,-0.042,-0.061649999999999996,-0.08065,-0.0983,-0.11595000000000001,-0.1316,-0.1469
0.9400000000000001,0.0443,0.022,0.011,0.0,-0.011,-0.021,-0.042,-0.0617,-0.08070000000000001,-0.0984,-0.11610000000000001,-0.1318,-0.1472
0.9500000000000001,0.04425,0.022,0.011,0.0,-0.011,-0.021,-0.042,-0.06175,-0.08075,-0.0985,-0.11625,-0.132,-0.1475
0.96,0.044199999999999996,0.022,0.011,0.0,-0.011,-0.021,-0.042,-0.0618,-0.0808,-0.09860000000000001,-0.1164,-0.1322,-0.1478
0.97,0.044149999999999995,0.022,0.011,0.0,-0.011,-0.021,-0.042,-0.06185,-0.08085,-0.09870000000000001,-0.11655,-0.13240000000000002,-0.14809999999999998
0.98,0.0441,0.022,0.011,0.0,-0.011,-0.021,-0.042,-0.0619,-0.0809,-0.0988,-0.11670000000000001,-0.1326,-0.1484
0.99,0.04405,0.022,0.011,0.0,-0.011,-0.021,-0.042,-0.06195,-0.08095000000000001,-0.0989,-0.11685000000000001,-0.1328,-0.1487
1.0,0.044,0.022,0.011,0.0,-0.011,-0.021,-0.042,-0.062,-0.081,-0.099,-0.117,-0.133,-0.149
1.01,0.044,0.022,0.011,0.0,-0.011,-0.021,-0.042,-0.062,-0.08105,-0.09910000000000001,-0.11710000000000001,-0.13315000000000002,-0.1492
1.02,0.044,0.022,0.011,0.0,-0.011,-0.021,-0.042,-0.062,-0.0811,-0.09920000000000001,-0.1172,-0.1333,-0.1494
1.03,0.044,0.022,0.011,0.0,-0.011,-0.021,-0.042,-0.062,-0.08115,-0.0993,-0.1173,-0.13345,-0.14959999999999998
1.04,0.044,0.022,0.011,0.0,-0.011,-0.021,-0.042,-0.062,-0.08120000000000001,-0.0994,-0.1174,-0.1336,-0.1498
1.05,0.044,0.022,0.011,0.0,-0.011,-0.021,-0.042,-0.062,-0.08125,-0.0995,-0.11750000000000001,-0.13375,-0.15
1.06,0.044,0.022,0.011,0.0,-0.011,-0.021,-0.042,-0.062,-0.0813,-0.09960000000000001,-0.11760000000000001,-0.13390000000000002,-0.1502
1.07,0.044,0.022,0.011,0.0,-0.011,-0.021,-0.042,-0.062,-0.08135,-0.09970000000000001,-0.1177,-0.13405,-0.1504
1.08,0.044,0.022,0.011,0.0,-0.011,-0.021,-0.042,-0.062,-0.0814,-0.0998,-0.1178,-0.1342,-0.15059999999999998
1.09,0.044,0.022,0.011,0.0,-0.011,-0.021,-0.042,-0.062,-0.08145000000000001,-0.0999,-0.1179,-0.13435,-0.1508
1.1,0.044,0.022,0.011,0.0,-0.011,-0.021,-0.042,-0.062,-0.0815,-0.1,-0.118,-0.1345,-0.151
1.11,0.044,0.022,0.011,0.0,-0.011,-0.021,-0.042,-0.062,-0.08155,-0.10010000000000001,-0.1181,-0.13465000000000002,-0.1512
1.12,0.044,0.022,0.011,0.0,-0.011,-0.021,-0.042,-0.062,-0.0816,-0.10020000000000001,-0.1182,-0.1348,-0.1514
1.1300000000000001,0.044,0.022,0.011,0.0,-0.011,-0.021,-0.042,-0.062,-0.08165,-0.1003,-0.1183,-0.13495000000000001,-0.15159999999999998
1.1400000000000001,0.044,0.022,0.011,0.0,-0.011,-0.021,-0.042,-0.062,-0.08170000000000001,-0.1004,-0.1184,-0.1351,-0.1518
1.1500000000000001,0.044,0.022,0.011,0.0,-0.011,-0.021,-0.042,-0.062,-0.08175,-0.1005,-0.1185,-0.13525,-0.152
1.16,0.044,0.022,0.011,0.0,-0.011,-0.021,-0.042,-0.062,-0.0818,-0.10060000000000001,-0.1186,-0.13540000000000002,-0.1522
1.17,0.044,0.022,0.011,0.0,-0.011,-0.021,-0.042,-0.062,-0.08185,-0.10070000000000001,-0.1187,-0.13555,-0.1524
1.18,0.044,0.022,0.011,0.0,-0.011,-0.021,-0.042,-0.062,-0.0819,-0.1008,-0.11879999999999999,-0.13570000000000002,-0.15259999999999999
1.19,0.044,0.022,0.011,0.0,-0.011,-0.021,-0.042,-0.062,-0.08195000000000001,-0.1009,-0.11889999999999999,-0.13585,-0.1528
1.2,0.044,0.022,0.011,0.0,-0.011,-0.021,-0.042,-0.062,-0.082,-0.101,-0.119,-0.136,-0.153
1.21,0.044,0.022,0.011,0.0,-0.011,-0.021,-0.042,-0.062025,-0.082025,-0.101025,-0.11904999999999999,-0.1361,-0.153125
1.22,0.044,0.022,0.011,0.0,-0.011,-0.021,-0.042,-0.06205,-0.08205,-0.10105,-0.1191,-0.13620000000000002,-0.15325
1.23,0.044,0.022,0.011,0.0,-0.011,-0.021,-0.042,-0.062075,-0.08207500000000001,-0.10107500000000001,-0.11914999999999999,-0.1363,-0.15337499999999998
1.24,0.044,0.022,0.011,0.0,-0.011,-0.021,-0.042,-0.0621,-0.0821,-0.10110000000000001,-0.1192,-0.13640000000000002,-0.1535
1.25,0.044,0.022,0.011,0.0,-0.011,-0.021,-0.042,-0.062125,-0.082125,-0.101125,-0.11925,-0.1365,-0.153625
1.26,0.044,0.022,0.011,0.0,-0.011,-0.021,-0.042,-0.06215,-0.08215,-0.10115,-0.11929999999999999,-0.1366,-0.15375
1.27,0.044,0.022,0.011,0.0,-0.011,-0.021,-0.042,-0.062175,-0.082175,-0.101175,-0.11935,-0.13670000000000002,-0.15387499999999998
1.28,0.044,0.022,0.011,0.0,-0.011,-0.021,-0.042,-0.0622,-0.08220000000000001,-0.1012,-0.11939999999999999,-0.1368,-0.154
1.29,0.044,0.022,0.011,0.0,-0.011,-0.021,-0.042,-0.062225,-0.082225,-0.10122500000000001,-0.11945,-0.13690000000000002,-0.154125
1.3,0.044,0.022,0.011,0.0,-0.011,-0.021,-0.042,-0.06225,-0.08225,-0.10125,-0.1195,-0.137,-0.15425
1.31,0.044,0.022,0.011,0.0,-0.011,-0.021,-0.042,-0.062275,-0.082275,-0.101275,-0.11954999999999999,-0.1371,-0.15437499999999998
1.32,0.044,0.022,0.011,0.0,-0.011,-0.021,-0.042,-0.0623,-0.0823,-0.1013,-0.1196,-0.13720000000000002,-0.1545
1.33,0.044,0.022,0.011,0.0,-0.011,-0.021,-0.042,-0.062325,-0.08232500000000001,-0.101325,-0.11964999999999999,-0.1373,-0.154625
1.34,0.044,0.022,0.011,0.0,-0.011,-0.021,-0.042,-0.06235,-0.08235,-0.10135,-0.1197,-0.13740000000000002,-0.15475
1.35,0.044,0.022,0.011,0.0,-0.011,-0.021,-0.042,-0.062375,-0.082375,-0.101375,-0.11975,-0.1375,-0.15487499999999998
1.36,0.044,0.022,0.011,0.0,-0.011,-0.021,-0.042,-0.0624,-0.0824,-0.1014,-0.11979999999999999,-0.1376,-0.155
1.37,0.044,0.022,0.011,0.0,-0.011,-0.021,-0.042,-0.062425,-0.082425,-0.101425,-0.11985,-0.13770000000000002,-0.155125
1.3800000000000001,0.044,0.022,0.011,0.0,-0.011,-0.021,-0.042,-0.06245,-0.08245000000000001,-0.10145,-0.11989999999999999,-0.1378,-0.15525
1.3900000000000001,0.044,0.022,0.011,0.0,-0.011,-0.021,-0.042,-0.062475,-0.082475,-0.101475,-0.11995,-0.13790000000000002,-0.15537499999999999
1.4000000000000001,0.044,0.022,0.011,0.0,-0.011,-0.021,-0.042,-0.0625,-0.0825,-0.1015,-0.12,-0.138,-0.1555
1.41,0.044,0.022,0.011,0.0,-0.011,-0.021,-0.042,-0.062525,-0.082525,-0.101525,-0.12004999999999999,-0.1381,-0.155625
1.42,0.044,0.022,0.011,0.0,-0.011,-0.021,-0.042,-0.06255,-0.08255,-0.10155,-0.1201,-0.13820000000000002,-0.15575
1.43,0.044,0.022,0.011,0.0,-0.011,-0.021,-0.042,-0.062575,-0.08257500000000001,-0.101575,-0.12014999999999999,-0.1383,-0.15587499999999999
1.44,0.044,0.022,0.011,0.0,-0.011,-0.021,-0.042,-0.0626,-0.0826,-0.1016,-0.1202,-0.13840000000000002,-0.156
1.45,0.044,0.022,0.011,0.0,-0.011,-0.021,-0.042,-0.062625,-0.082625,-0.101625,-0.12025,-0.1385,-0.156125
1.46,0.044,0.022,0.011,0.0,-0.011,-0.021,-0.042,-0.06265,-0.08265,-0.10165,-0.12029999999999999,-0.1386,-0.15625
1.47,0.044,0.022,0.011,0.0,-0.011,-0.021,-0.042,-0.062675,-0.082675,-0.101675,-0.12035,-0.13870000000000002,-0.156375
1.48,0.044,0.022,0.011,0.0,-0.011,-0.021,-0.042,-0.0627,-0.08270000000000001,-0.1017,-0.1204,-0.1388,-0.1565
1.49,0.044,0.022,0.011,0.0,-0.011,-0.021,-0.042,-0.062725,-0.082725,-0.101725,-0.12045,-0.13890000000000002,-0.15662500000000001
1.5,0.044,0.022,0.011,0.0,-0.011,-0.021,-0.042,-0.06275,-0.08275,-0.10175,-0.1205,-0.139,-0.15675
1.51,0.044,0.022,0.011,0.0,-0.011,-0.021,-0.042,-0.062775,-0.082775,-0.10177499999999999,-0.12054999999999999,-0.1391,-0.156875
1.52,0.044,0.022,0.011,0.0,-0.011,-0.021,-0.042,-0.0628,-0.0828,-0.1018,-0.1206,-0.13920000000000002,-0.157
1.53,0.044,0.022,0.011,0.0,-0.011,-0.021,-0.042,-0.062825,-0.08282500000000001,-0.101825,-0.12065,-0.1393,-0.15712500000000001
1.54,0.044,0.022,0.011,0.0,-0.011,-0.021,-0.042,-0.06285,-0.08285000000000001,-0.10185,-0.1207,-0.13940000000000002,-0.15725
1.55,0.044,0.022,0.011,0.0,-0.011,-0.021,-0.042,-0.062875,-0.082875,-0.101875,-0.12075,-0.1395,-0.157375
1.56,0.044,0.022,0.011,0.0,-0.011,-0.021,-0.042,-0.0629,-0.0829,-0.10189999999999999,-0.12079999999999999,-0.1396,-0.1575
1.57,0.044,0.022,0.011,0.0,-0.011,-0.021,-0.042,-0.062925,-0.082925,-0.10192499999999999,-0.12085,-0.13970000000000002,-0.15762500000000002
1.58,0.044,0.022,0.011,0.0,-0.011,-0.021,-0.042,-0.06295,-0.08295000000000001,-0.10195,-0.1209,-0.1398,-0.15775
1.59,0.044,0.022,0.011,0.0,-0.011,-0.021,-0.042,-0.062975,-0.08297500000000001,-0.101975,-0.12095,-0.13990000000000002,-0.157875
1.6,0.044,0.022,0.011,0.0,-0.011,-0.021,-0.042,-0.063,-0.083,-0.102,-0.121,-0.14,-0.158
1.61,0.044,0.022,0.011,0.0,-0.011,-0.021,-0.042,-0.063,-0.083,-0.10204999999999999,-0.12104999999999999,-0.14005,-0.15805
1.62,0.044,0.022,0.011,0.0,-0.011,-0.021,-0.042,-0.063,-0.083,-0.1021,-0.1211,-0.1401,-0.1581
1.6300000000000001,0.044,0.022,0.011,0.0,-0.011,-0.021,-0.042,-0.063,-0.083,-0.10214999999999999,-0.12115,-0.14015,-0.15815
1.6400000000000001,0.044,0.022,0.011,0.0,-0.011,-0.021,-0.042,-0.063,-0.083,-0.1022,-0.1212,-0.14020000000000002,-0.1582
1.6500000000000001,0.044,0.022,0.011,0.0,-0.011,-0.021,-0.042,-0.063,-0.083,-0.10225,-0.12125,-0.14025,-0.15825
1.6600000000000001,0.044,0.022,0.011,0.0,-0.011,-0.021,-0.042,-0.063,-0.083,-0.10229999999999999,-0.12129999999999999,-0.1403,-0.1583
1.67,0.044,0.022,0.011,0.0,-0.011,-0.021,-0.042,-0.063,-0.083,-0.10235,-0.12135,-0.14035,-0.15835
1.68,0.044,0.022,0.011,0.0,-0.011,-0.021,-0.042,-0.063,-0.083,-0.10239999999999999,-0.1214,-0.1404,-0.1584
1.69,0.044,0.022,0.011,0.0,-0.011,-0.021,-0.042,-0.063,-0.083,-0.10245,-0.12145,-0.14045,-0.15845
1.7,0.044,0.022,0.011,0.0,-0.011,-0.021,-0.042,-0.063,-0.083,-0.1025,-0.1215,-0.1405,-0.1585
1.71,0.044,0.022,0.011,0.0,-0.011,-0.021,-0.042,-0.063,-0.083,-0.10254999999999999,-0.12154999999999999,-0.14055,-0.15855
1.72,0.044,0.022,0.011,0.0,-0.011,-0.021,-0.042,-0.063,-0.083,-0.1026,-0.1216,-0.1406,-0.1586
1.73,0.044,0.022,0.011,0.0,-0.011,-0.021,-0.042,-0.063,-0.083,-0.10264999999999999,-0.12165,-0.14065,-0.15865
1.74,0.044,0.022,0.011,0.0,-0.011,-0.021,-0.042,-0.063,-0.083,-0.1027,-0.1217,-0.1407,-0.1587
1.75,0.044,0.022,0.011,0.0,-0.011,-0.021,-0.042,-0.063,-0.083,-0.10275,-0.12175,-0.14075,-0.15875
1.76,0.044,0.022,0.011,0.0,-0.011,-0.021,-0.042,-0.063,-0.083,-0.10279999999999999,-0.12179999999999999,-0.14079999999999998,-0.1588
1.77,0.044,0.022,0.011,0.0,-0.011,-0.021,-0.042,-0.063,-0.083,-0.10285,-0.12185,-0.14085,-0.15885
1.78,0.044,0.022,0.011,0.0,-0.011,-0.021,-0.042,-0.063,-0.083,-0.10289999999999999,-0.1219,-0.1409,-0.1589
1.79,0.044,0.022,0.011,0.0,-0.011,-0.021,-0.042,-0.063,-0.083,-0.10295,-0.12195,-0.14095,-0.15895
1.8,0.044,0.022,0.011,0.0,-0.011,-0.021,-0.042,-0.063,-0.083,-0.103,-0.122,-0.141,-0.159
1.81,0.044,0.022,0.011,0.0,-0.011,-0.021,-0.042050000000000004,-0.063,-0.08305,-0.10304999999999999,-0.12204999999999999,-0.14104999999999998,-0.1591
1.82,0.044,0.022,0.011,0.0,-0.011,-0.021,-0.0421,-0.063,-0.08310000000000001,-0.1031,-0.1221,-0.14109999999999998,-0.1592
1.83,0.044,0.022,0.011,0.0,-0.011,-0.021,-0.04215,-0.063,-0.08315,-0.10314999999999999,-0.12215,-0.14115,-0.1593
1.84,0.044,0.022,0.011,0.0,-0.011,-0.021,-0.0422,-0.063,-0.08320000000000001,-0.1032,-0.1222,-0.1412,-0.15940000000000001
1.85,0.044,0.022,0.011,0.0,-0.011,-0.021,-0.04225,-0.063,-0.08325,-0.10325,-0.12225,-0.14125,-0.1595
1.86,0.044,0.022,0.011,0.0,-0.011,-0.021,-0.042300000000000004,-0.063,-0.0833,-0.10329999999999999,-0.12229999999999999,-0.14129999999999998,-0.1596
1.87,0.044,0.022,0.011,0.0,-0.011,-0.021,-0.04235,-0.063,-0.08335000000000001,-0.10335,-0.12235,-0.14134999999999998,-0.1597
1.8800000000000001,0.044,0.022,0.011,0.0,-0.011,-0.021,-0.0424,-0.063,-0.0834,-0.10339999999999999,-0.1224,-0.1414,-0.1598
1.8900000000000001,0.044,0.022,0.011,0.0,-0.011,-0.021,-0.04245,-0.063,-0.08345000000000001,-0.10345,-0.12245,-0.14145,-0.15990000000000001
1.9000000000000001,0.044,0.022,0.011,0.0,-0.011,-0.021,-0.042499999999999996,-0.063,-0.0835,-0.1035,-0.1225,-0.1415,-0.16
1.9100000000000001,0.044,0.022,0.011,0.0,-0.011,-0.021,-0.04255,-0.063,-0.08355,-0.10354999999999999,-0.12254999999999999,-0.14154999999999998,-0.1601
1.92,0.044,0.022,0.011,0.0,-0.011,-0.021,-0.0426,-0.063,-0.08360000000000001,-0.1036,-0.1226,-0.14159999999999998,-0.1602
1.93,0.044,0.022,0.011,0.0,-0.011,-0.021,-0.04265,-0.063,-0.08365,-0.10364999999999999,-0.12265,-0.14165,-0.1603
1.94,0.044,0.022,0.011,0.0,-0.011,-0.021,-0.0427,-0.063,-0.08370000000000001,-0.1037,-0.1227,-0.1417,-0.16040000000000001
1.95,0.044,0.022,0.011,0.0,-0.011,-0.021,-0.042749999999999996,-0.063,-0.08375,-0.10375,-0.12275,-0.14175,-0.1605
1.96,0.044,0.022,0.011,0.0,-0.011,-0.021,-0.0428,-0.063,-0.0838,-0.10379999999999999,-0.12279999999999999,-0.14179999999999998,-0.1606
1.97,0.044,0.022,0.011,0.0,-0.011,-0.021,-0.04285,-0.063,-0.08385000000000001,-0.10385,-0.12285,-0.14184999999999998,-0.1607
1.98,0.044,0.022,0.011,0.0,-0.011,-0.021,-0.042899999999999994,-0.063,-0.0839,-0.10389999999999999,-0.1229,-0.1419,-0.1608
1.99,0.044,0.022,0.011,0.0,-0.011,-0.021,-0.042949999999999995,-0.063,-0.08395000000000001,-0.10395,-0.12295,-0.14195,-0.16090000000000002
2.0,0.044,0.022,0.011,0.0,-0.011,-0.021,-0.043,-0.063,-0.084,-0.104,-0.123,-0.142,-0.161
2.0100000000000002,0.044,0.022,0.011,0.0,-0.011,-0.021,-0.043,-0.063,-0.084,-0.104,-0.12304999999999999,-0.14204999999999998,-0.16105
2.02,0.044,0.022,0.011,0.0,-0.011,-0.021,-0.043,-0.063,-0.084,-0.104,-0.1231,-0.14209999999999998,-0.1611
2.0300000000000002,0.044,0.022,0.011,0.0,-0.011,-0.021,-0.043,-0.063,-0.084,-0.104,-0.12315,-0.14215,-0.16115000000000002
2.04,0.044,0.022,0.011,0.0,-0.011,-0.021,-0.043,-0.063,-0.084,-0.104,-0.1232,-0.1422,-0.1612
2.05,0.044,0.022,0.011,0.0,-0.011,-0.021,-0.043,-0.063,-0.084,-0.104,-0.12325,-0.14225,-0.16125
2.06,0.044,0.022,0.011,0.0,-0.011,-0.021,-0.043,-0.063,-0.084,-0.104,-0.12329999999999999,-0.14229999999999998,-0.1613
2.07,0.044,0.022,0.011,0.0,-0.011,-0.021,-0.043,-0.063,-0.084,-0.104,-0.12335,-0.14234999999999998,-0.16135
2.08,0.044,0.022,0.011,0.0,-0.011,-0.021,-0.043,-0.063,-0.084,-0.104,-0.1234,-0.1424,-0.16140000000000002
2.09,0.044,0.022,0.011,0.0,-0.011,-0.021,-0.043,-0.063,-0.084,-0.104,-0.12345,-0.14245,-0.16145
2.1,0.044,0.022,0.011,0.0,-0.011,-0.021,-0.043,-0.063,-0.084,-0.104,-0.1235,-0.1425,-0.1615
2.11,0.044,0.022,0.011,0.0,-0.011,-0.021,-0.043,-0.063,-0.084,-0.104,-0.12355,-0.14254999999999998,-0.16155
2.12,0.044,0.022,0.011,0.0,-0.011,-0.021,-0.043,-0.063,-0.084,-0.104,-0.1236,-0.14259999999999998,-0.1616
2.13,0.044,0.022,0.011,0.0,-0.011,-0.021,-0.043,-0.063,-0.084,-0.104,-0.12365,-0.14265,-0.16165000000000002
2.14,0.044,0.022,0.011,0.0,-0.011,-0.021,-0.043,-0.063,-0.084,-0.104,-0.1237,-0.1427,-0.1617
2.15,0.044,0.022,0.011,0.0,-0.011,-0.021,-0.043,-0.063,-0.084,-0.104,-0.12375,-0.14275,-0.16175
2.16,0.044,0.022,0.011,0.0,-0.011,-0.021,-0.043,-0.063,-0.084,-0.104,-0.1238,-0.14279999999999998,-0.1618
2.17,0.044,0.022,0.011,0.0,-0.011,-0.021,-0.043,-0.063,-0.084,-0.104,-0.12385,-0.14284999999999998,-0.16185
2.18,0.044,0.022,0.011,0.0,-0.011,-0.021,-0.043,-0.063,-0.084,-0.104,-0.1239,-0.1429,-0.16190000000000002
2.19,0.044,0.022,0.011,0.0,-0.011,-0.021,-0.043,-0.063,-0.084,-0.104,-0.12395,-0.14295,-0.16195
2.2,0.044,0.022,0.011,0.0,-0.011,-0.021,-0.043,-0.063,-0.084,-0.104,-0.124,-0.143,-0.162
2.21,0.044,0.022,0.011,0.0,-0.011,-0.021,-0.043,-0.06305,-0.084,-0.104,-0.124,-0.14304999999999998,-0.16205
2.22,0.044,0.022,0.011,0.0,-0.011,-0.021,-0.043,-0.0631,-0.084,-0.104,-0.124,-0.14309999999999998,-0.1621
2.23,0.044,0.022,0.011,0.0,-0.011,-0.021,-0.043,-0.06315,-0.084,-0.104,-0.124,-0.14315,-0.16215000000000002
2.24,0.044,0.022,0.011,0.0,-0.011,-0.021,-0.043,-0.0632,-0.084,-0.104,-0.124,-0.1432,-0.1622
2.25,0.044,0.022,0.011,0.0,-0.011,-0.021,-0.043,-0.06325,-0.084,-0.104,-0.124,-0.14325,-0.16225
2.2600000000000002,0.044,0.022,0.011,0.0,-0.011,-0.021,-0.043,-0.0633,-0.084,-0.104,-0.124,-0.14329999999999998,-0.1623
2.27,0.044,0.022,0.011,0.0,-0.011,-0.021,-0.043,-0.06335,-0.084,-0.104,-0.124,-0.14334999999999998,-0.16235
2.2800000000000002,0.044,0.022,0.011,0.0,-0.011,-0.021,-0.043,-0.0634,-0.084,-0.104,-0.124,-0.1434,-0.16240000000000002
2.29,0.044,0.022,0.011,0.0,-0.011,-0.021,-0.043,-0.06345,-0.084,-0.104,-0.124,-0.14345,-0.16245
2.3000000000000003,0.044,0.022,0.011,0.0,-0.011,-0.021,-0.043,-0.0635,-0.084,-0.104,-0.124,-0.1435,-0.1625
2.31,0.044,0.022,0.011,0.0,-0.011,-0.021,-0.043,-0.06355,-0.084,-0.104,-0.124,-0.14354999999999998,-0.16255
2.32,0.044,0.022,0.011,0.0,-0.011,-0.021,-0.043,-0.0636,-0.084,-0.104,-0.124,-0.14359999999999998,-0.1626
2.33,0.044,0.022,0.011,0.0,-0.011,-0.021,-0.043,-0.06365,-0.084,-0.104,-0.124,-0.14365,-0.16265000000000002
2.34,0.044,0.022,0.011,0.0,-0.011,-0.021,-0.043,-0.0637,-0.084,-0.104,-0.124,-0.1437,-0.1627
2.35,0.044,0.022,0.011,0.0,-0.011,-0.021,-0.043,-0.06375,-0.084,-0.104,-0.124,-0.14375,-0.16275
2.36,0.044,0.022,0.011,0.0,-0.011,-0.021,-0.043,-0.0638,-0.084,-0.104,-0.124,-0.14379999999999998,-0.1628
2.37,0.044,0.022,0.011,0.0,-0.011,-0.021,-0.043,-0.06385,-0.084,-0.104,-0.124,-0.14384999999999998,-0.16285
2.38,0.044,0.022,0.011,0.0,-0.011,-0.021,-0.043,-0.0639,-0.084,-0.104,-0.124,-0.1439,-0.16290000000000002
2.39,0.044,0.022,0.011,0.0,-0.011,-0.021,-0.043,-0.06395,-0.084,-0.104,-0.124,-0.14395,-0.16295
2.4,0.044,0.022,0.011,0.0,-0.011,-0.021,-0.043,-0.064,-0.084,-0.104,-0.124,-0.144,-0.163
2.41,0.044,0.022,0.011,0.0,-0.011,-0.021,-0.043,-0.064,-0.084,-0.10404999999999999,-0.12405,-0.14404999999999998,-0.16305
2.42,0.044,0.022,0.011,0.0,-0.011,-0.021,-0.043,-0.064,-0.084,-0.1041,-0.1241,-0.14409999999999998,-0.1631
2.43,0.044,0.022,0.011,0.0,-0.011,-0.021,-0.043,-0.064,-0.084,-0.10414999999999999,-0.12415,-0.14415,-0.16315000000000002
2.44,0.044,0.022,0.011,0.0,-0.011,-0.021,-0.043,-0.064,-0.084,-0.1042,-0.1242,-0.1442,-0.1632
2.45,0.044,0.022,0.011,0.0,-0.011,-0.021,-0.043,-0.064,-0.084,-0.10425,-0.12425,-0.14425,-0.16325
2.46,0.044,0.022,0.011,0.0,-0.011,-0.021,-0.043,-0.064,-0.084,-0.10429999999999999,-0.1243,-0.14429999999999998,-0.1633
2.47,0.044,0.022,0.011,0.0,-0.011,-0.021,-0.043,-0.064,-0.084,-0.10435,-0.12435,-0.14434999999999998,-0.16335
2.48,0.044,0.022,0.011,0.0,-0.011,-0.021,-0.043,-0.064,-0.084,-0.10439999999999999,-0.1244,-0.1444,-0.16340000000000002
2.49,0.044,0.022,0.011,0.0,-0.011,-0.021,-0.043,-0.064,-0.084,-0.10445,-0.12445,-0.14445,-0.16345
2.5,0.044,0.022,0.011,0.0,-0.011,-0.021,-0.043,-0.064,-0.084,-0.1045,-0.1245,-0.1445,-0.1635
2.5100000000000002,0.044,0.022,0.011,0.0,-0.011,-0.021,-0.043,-0.064,-0.084,-0.10454999999999999,-0.12455,-0.14454999999999998,-0.16355
2.52,0.044,0.022,0.011,0.0,-0.011,-0.021,-0.043,-0.064,-0.084,-0.1046,-0.1246,-0.14459999999999998,-0.1636
2.5300000000000002,0.044,0.022,0.011,0.0,-0.011,-0.021,-0.043,-0.064,-0.084,-0.10464999999999999,-0.12465,-0.14465,-0.16365000000000002
2.54,0.044,0.022,0.011,0.0,-0.011,-0.021,-0.043,-0.064,-0.084,-0.1047,-0.1247,-0.1447,-0.1637
2.5500000000000003,0.044,0.022,0.011,0.0,-0.011,-0.021,-0.043,-0.064,-0.084,-0.10475,-0.12475,-0.14475,-0.16375
2.56,0.044,0.022,0.011,0.0,-0.011,-0.021,-0.043,-0.064,-0.084,-0.10479999999999999,-0.1248,-0.14479999999999998,-0.1638
2.57,0.044,0.022,0.011,0.0,-0.011,-0.021,-0.043,-0.064,-0.084,-0.10485,-0.12485,-0.14484999999999998,-0.16385
2.58,0.044,0.022,0.011,0.0,-0.011,-0.021,-0.043,-0.064,-0.084,-0.1049,-0.1249,-0.1449,-0.16390000000000002
2.59,0.044,0.022,0.011,0.0,-0.011,-0.021,-0.043,-0.064,-0.084,-0.10495,-0.12495,-0.14495,-0.16395
2.6,0.044,0.022,0.011,0.0,-0.011,-0.021,-0.043,-0.064,-0.084,-0.105,-0.125,-0.145,-0.164
2.61,0.044,0.022,0.011,0.0,-0.011,-0.021,-0.043,-0.064,-0.084025,-0.105,-0.125025,-0.145025,-0.16405
2.62,0.044,0.022,0.011,0.0,-0.011,-0.021,-0.043,-0.064,-0.08405,-0.105,-0.12505,-0.14504999999999998,-0.1641
2.63,0.044,0.022,0.011,0.0,-0.011,-0.021,-0.043,-0.064,-0.08407500000000001,-0.105,-0.125075,-0.14507499999999998,-0.16415000000000002
2.64,0.044,0.022,0.011,0.0,-0.011,-0.021,-0.043,-0.064,-0.08410000000000001,-0.105,-0.1251,-0.14509999999999998,-0.1642
2.65,0.044,0.022,0.011,0.0,-0.011,-0.021,-0.043,-0.064,-0.084125,-0.105,-0.125125,-0.145125,-0.16425
2.66,0.044,0.022,0.011,0.0,-0.011,-0.021,-0.043,-0.064,-0.08415,-0.105,-0.12515,-0.14515,-0.1643
2.67,0.044,0.022,0.011,0.0,-0.011,-0.021,-0.043,-0.064,-0.084175,-0.105,-0.125175,-0.145175,-0.16435
2.68,0.044,0.022,0.011,0.0,-0.011,-0.021,-0.043,-0.064,-0.08420000000000001,-0.105,-0.1252,-0.1452,-0.16440000000000002
2.69,0.044,0.022,0.011,0.0,-0.011,-0.021,-0.043,-0.064,-0.08422500000000001,-0.105,-0.125225,-0.145225,-0.16445
2.7,0.044,0.022,0.011,0.0,-0.011,-0.021,-0.043,-0.064,-0.08425,-0.105,-0.12525,-0.14525,-0.1645
2.71,0.044,0.022,0.011,0.0,-0.011,-0.021,-0.043,-0.064,-0.084275,-0.105,-0.125275,-0.145275,-0.16455
2.72,0.044,0.022,0.011,0.0,-0.011,-0.021,-0.043,-0.064,-0.0843,-0.105,-0.1253,-0.14529999999999998,-0.1646
2.73,0.044,0.022,0.011,0.0,-0.011,-0.021,-0.043,-0.064,-0.08432500000000001,-0.105,-0.125325,-0.14532499999999998,-0.16465000000000002
2.74,0.044,0.022,0.011,0.0,-0.011,-0.021,-0.043,-0.064,-0.08435000000000001,-0.105,-0.12535,-0.14534999999999998,-0.1647
2.75,0.044,0.022,0.011,0.0,-0.011,-0.021,-0.043,-0.064,-0.084375,-0.105,-0.12537500000000001,-0.14537499999999998,-0.16475
2.7600000000000002,0.044,0.022,0.011,0.0,-0.011,-0.021,-0.043,-0.064,-0.0844,-0.105,-0.1254,-0.1454,-0.1648
2.77,0.044,0.022,0.011,0.0,-0.011,-0.021,-0.043,-0.064,-0.084425,-0.105,-0.125425,-0.145425,-0.16485
2.7800000000000002,0.044,0.022,0.011,0.0,-0.011,-0.021,-0.043,-0.064,-0.08445000000000001,-0.105,-0.12545,-0.14545,-0.16490000000000002
2.79,0.044,0.022,0.011,0.0,-0.011,-0.021,-0.043,-0.064,-0.08447500000000001,-0.105,-0.125475,-0.145475,-0.16495
2.8000000000000003,0.044,0.022,0.011,0.0,-0.011,-0.021,-0.043,-0.064,-0.0845,-0.105,-0.1255,-0.1455,-0.165
2.81,0.044,0.022,0.011,0.0,-0.011,-0.021,-0.043,-0.064,-0.084525,-0.105,-0.125525,-0.145525,-0.16505
2.82,0.044,0.022,0.011,0.0,-0.011,-0.021,-0.043,-0.064,-0.08455,-0.105,-0.12555,-0.14554999999999998,-0.1651
2.83,0.044,0.022,0.011,0.0,-0.011,-0.021,-0.043,-0.064,-0.08457500000000001,-0.105,-0.125575,-0.14557499999999998,-0.16515000000000002
2.84,0.044,0.022,0.011,0.0,-0.011,-0.021,-0.043,-0.064,-0.08460000000000001,-0.105,-0.1256,-0.14559999999999998,-0.1652
2.85,0.044,0.022,0.011,0.0,-0.011,-0.021,-0.043,-0.064,-0.084625,-0.105,-0.125625,-0.145625,-0.16525
2.86,0.044,0.022,0.011,0.0,-0.011,-0.021,-0.043,-0.064,-0.08465,-0.105,-0.12565,-0.14565,-0.1653
2.87,0.044,0.022,0.011,0.0,-0.011,-0.021,-0.043,-0.064,-0.084675,-0.105,-0.125675,-0.145675,-0.16535
2.88,0.044,0.022,0.011,0.0,-0.011,-0.021,-0.043,-0.064,-0.08470000000000001,-0.105,-0.1257,-0.1457,-0.16540000000000002
2.89,0.044,0.022,0.011,0.0,-0.011,-0.021,-0.043,-0.064,-0.08472500000000001,-0.105,-0.125725,-0.145725,-0.16545
2.9,0.044,0.022,0.011,0.0,-0.011,-0.021,-0.043,-0.064,-0.08475,-0.105,-0.12575,-0.14575,-0.1655
2.91,0.044,0.022,0.011,0.0,-0.011,-0.021,-0.043,-0.064,-0.084775,-0.105,-0.125775,-0.145775,-0.16555
2.92,0.044,0.022,0.011,0.0,-0.011,-0.021,-0.043,-0.064,-0.0848,-0.105,-0.1258,-0.14579999999999999,-0.1656
2.93,0.044,0.022,0.011,0.0,-0.011,-0.021,-0.043,-0.064,-0.08482500000000001,-0.105,-0.125825,-0.14582499999999998,-0.16565000000000002
2.94,0.044,0.022,0.011,0.0,-0.011,-0.021,-0.043,-0.064,-0.08485000000000001,-0.105,-0.12585,-0.14584999999999998,-0.16570000000000001
2.95,0.044,0.022,0.011,0.0,-0.011,-0.021,-0.043,-0.064,-0.084875,-0.105,-0.12587500000000001,-0.14587499999999998,-0.16575
2.96,0.044,0.022,0.011,0.0,-0.011,-0.021,-0.043,-0.064,-0.0849,-0.105,-0.1259,-0.1459,-0.1658
2.97,0.044,0.022,0.011,0.0,-0.011,-0.021,-0.043,-0.064,-0.084925,-0.105,-0.125925,-0.145925,-0.16585
2.98,0.044,0.022,0.011,0.0,-0.011,-0.021,-0.043,-0.064,-0.08495000000000001,-0.105,-0.12595,-0.14595,-0.16590000000000002
2.99,0.044,0.022,0.011,0.0,-0.011,-0.021,-0.043,-0.064,-0.08497500000000001,-0.105,-0.125975,-0.145975,-0.16595000000000001
3.0,0.044,0.022,0.011,0.0,-0.011,-0.021,-0.043,-0.064,-0.085,-0.105,-0.126,-0.146,-0.166
3.0100000000000002,0.044,0.022,0.011,0.0,-0.011,-0.021050000000000003,-0.043,-0.064,-0.085,-0.10504999999999999,-0.126,-0.14604999999999999,-0.16605
3.02,0.044,0.022,0.011,0.0,-0.011,-0.0211,-0.043,-0.064,-0.085,-0.1051,-0.126,-0.14609999999999998,-0.1661
3.0300000000000002,0.044,0.022,0.011,0.0,-0.011,-0.021150000000000002,-0.043,-0.064,-0.085,-0.10515,-0.126,-0.14615,-0.16615000000000002
3.04,0.044,0.022,0.011,0.0,-0.011,-0.0212,-0.043,-0.064,-0.085,-0.1052,-0.126,-0.1462,-0.16620000000000001
3.0500000000000003,0.044,0.022,0.011,0.0,-0.011,-0.02125,-0.043,-0.064,-0.085,-0.10525,-0.126,-0.14625,-0.16625
3.06,0.044,0.022,0.011,0.0,-0.011,-0.0213,-0.043,-0.064,-0.085,-0.10529999999999999,-0.126,-0.14629999999999999,-0.1663
3.0700000000000003,0.044,0.022,0.011,0.0,-0.011,-0.02135,-0.043,-0.064,-0.085,-0.10535,-0.126,-0.14634999999999998,-0.16635
3.08,0.044,0.022,0.011,0.0,-0.011,-0.0214,-0.043,-0.064,-0.085,-0.1054,-0.126,-0.1464,-0.16640000000000002
3.09,0.044,0.022,0.011,0.0,-0.011,-0.02145,-0.043,-0.064,-0.085,-0.10545,-0.126,-0.14645,-0.16645000000000001
3.1,0.044,0.022,0.011,0.0,-0.011,-0.0215,-0.043,-0.064,-0.085,-0.1055,-0.126,-0.1465,-0.1665
3.11,0.044,0.022,0.011,0.0,-0.011,-0.02155,-0.043,-0.064,-0.085,-0.10554999999999999,-0.126,-0.14654999999999999,-0.16655
3.12,0.044,0.022,0.011,0.0,-0.011,-0.0216,-0.043,-0.064,-0.085,-0.1056,-0.126,-0.14659999999999998,-0.1666
3.13,0.044,0.022,0.011,0.0,-0.011,-0.02165,-0.043,-0.064,-0.085,-0.10565,-0.126,-0.14665,-0.16665000000000002
3.14,0.044,0.022,0.011,0.0,-0.011,-0.0217,-0.043,-0.064,-0.085,-0.1057,-0.126,-0.1467,-0.16670000000000001
3.15,0.044,0.022,0.011,0.0,-0.011,-0.02175,-0.043,-0.064,-0.085,-0.10575,-0.126,-0.14675,-0.16675
3.16,0.044,0.022,0.011,0.0,-0.011,-0.0218,-0.043,-0.064,-0.085,-0.10579999999999999,-0.126,-0.14679999999999999,-0.1668
3.17,0.044,0.022,0.011,0.0,-0.011,-0.021849999999999998,-0.043,-0.064,-0.085,-0.10585,-0.126,-0.14684999999999998,-0.16685
3.18,0.044,0.022,0.011,0.0,-0.011,-0.0219,-0.043,-0.064,-0.085,-0.1059,-0.126,-0.1469,-0.16690000000000002
3.19,0.044,0.022,0.011,0.0,-0.011,-0.021949999999999997,-0.043,-0.064,-0.085,-0.10595,-0.126,-0.14695,-0.16695000000000002
3.2,0.044,0.022,0.011,0.0,-0.011,-0.022,-0.043,-0.064,-0.085,-0.106,-0.126,-0.147,-0.167
3.21,0.043949999999999996,0.022,0.011,0.0,-0.011,-0.022,-0.043,-0.064,-0.085,-0.106,-0.12605,-0.147,-0.167
3.22,0.043899999999999995,0.022,0.011,0.0,-0.011,-0.022,-0.043,-0.064,-0.085,-0.106,-0.1261,-0.147,-0.167
3.23,0.04385,0.022,0.011,0.0,-0.011,-0.022,-0.043,-0.064,-0.085,-0.106,-0.12615,-0.147,-0.167
3.24,0.0438,0.022,0.011,0.0,-0.011,-0.022,-0.043,-0.064,-0.085,-0.106,-0.1262,-0.147,-0.167
3.25,0.04375,0.022,0.011,0.0,-0.011,-0.022,-0.043,-0.064,-0.085,-0.106,-0.12625,-0.147,-0.167
3.2600000000000002,0.043699999999999996,0.022,0.011,0.0,-0.011,-0.022,-0.043,-0.064,-0.085,-0.106,-0.1263,-0.147,-0.167
3.27,0.043649999999999994,0.022,0.011,0.0,-0.011,-0.022,-0.043,-0.064,-0.085,-0.106,-0.12635,-0.147,-0.167
3.2800000000000002,0.0436,0.022,0.011,0.0,-0.011,-0.022,-0.043,-0.064,-0.085,-0.106,-0.1264,-0.147,-0.167
3.29,0.04355,0.022,0.011,0.0,-0.011,-0.022,-0.043,-0.064,-0.085,-0.106,-0.12645,-0.147,-0.167
3.3000000000000003,0.0435,0.022,0.011,0.0,-0.011,-0.022,-0.043,-0.064,-0.085,-0.106,-0.1265,-0.147,-0.167
3.31,0.043449999999999996,0.022,0.011,0.0,-0.011,-0.022,-0.043,-0.064,-0.085,-0.106,-0.12655,-0.147,-0.167
3.3200000000000003,0.043399999999999994,0.022,0.011,0.0,-0.011,-0.022,-0.043,-0.064,-0.085,-0.106,-0.1266,-0.147,-0.167
3.33,0.04335,0.022,0.011,0.0,-0.011,-0.022,-0.043,-0.064,-0.085,-0.106,-0.12665,-0.147,-0.167
3.34,0.0433,0.022,0.011,0.0,-0.011,-0.022,-0.043,-0.064,-0.085,-0.106,-0.1267,-0.147,-0.167
3.35,0.04325,0.022,0.011,0.0,-0.011,-0.022,-0.043,-0.064,-0.085,-0.106,-0.12675,-0.147,-0.167
3.36,0.043199999999999995,0.022,0.011,0.0,-0.011,-0.022,-0.043,-0.064,-0.085,-0.106,-0.1268,-0.147,-0.167
3.37,0.043149999999999994,0.022,0.011,0.0,-0.011,-0.022,-0.043,-0.064,-0.085,-0.106,-0.12685,-0.147,-0.167
3.38,0.0431,0.022,0.011,0.0,-0.011,-0.022,-0.043,-0.064,-0.085,-0.106,-0.1269,-0.147,-0.167
3.39,0.04305,0.022,0.011,0.0,-0.011,-0.022,-0.043,-0.064,-0.085,-0.106,-0.12695,-0.147,-0.167
3.4,0.043,0.022,0.011,0.0,-0.011,-0.022,-0.043,-0.064,-0.085,-0.106,-0.127,-0.147,-0.167
3.41,0.043,0.022,0.011,0.0,-0.011,-0.022,-0.043,-0.064,-0.085,-0.106,-0.127,-0.14705,-0.16705
3.42,0.043,0.022,0.011,0.0,-0.011,-0.022,-0.043,-0.064,-0.085,-0.106,-0.127,-0.14709999999999998,-0.1671
3.43,0.043,0.022,0.011,0.0,-0.011,-0.022,-0.043,-0.064,-0.085,-0.106,-0.127,-0.14715,-0.16715000000000002
3.44,0.043,0.022,0.011,0.0,-0.011,-0.022,-0.043,-0.064,-0.085,-0.106,-0.127,-0.1472,-0.16720000000000002
3.45,0.043,0.022,0.011,0.0,-0.011,-0.022,-0.043,-0.064,-0.085,-0.106,-0.127,-0.14725,-0.16725
3.46,0.043,0.022,0.011,0.0,-0.011,-0.022,-0.043,-0.064,-0.085,-0.106,-0.127,-0.1473,-0.1673
3.47,0.043,0.022,0.011,0.0,-0.011,-0.022,-0.043,-0.064,-0.085,-0.106,-0.127,-0.14734999999999998,-0.16735
3.48,0.043,0.022,0.011,0.0,-0.011,-0.022,-0.043,-0.064,-0.085,-0.106,-0.127,-0.1474,-0.16740000000000002
3.49,0.043,0.022,0.011,0.0,-0.011,-0.022,-0.043,-0.064,-0.085,-0.106,-0.127,-0.14745,-0.16745000000000002
3.5,0.043,0.022,0.011,0.0,-0.011,-0.022,-0.043,-0.064,-0.085,-0.106,-0.127,-0.1475,-0.1675
3.5100000000000002,0.043,0.022,0.011,0.0,-0.011,-0.022,-0.043,-0.064,-0.085,-0.106,-0.127,-0.14755,-0.16755
3.52,0.043,0.022,0.011,0.0,-0.011,-0.022,-0.043,-0.064,-0.085,-0.106,-0.127,-0.14759999999999998,-0.1676
3.5300000000000002,0.043,0.022,0.011,0.0,-0.011,-0.022,-0.043,-0.064,-0.085,-0.106,-0.127,-0.14765,-0.16765000000000002
3.54,0.043,0.022,0.011,0.0,-0.011,-0.022,-0.043,-0.064,-0.085,-0.106,-0.127,-0.1477,-0.16770000000000002
3.5500000000000003,0.043,0.022,0.011,0.0,-0.011,-0.022,-0.043,-0.064,-0.085,-0.106,-0.127,-0.14775,-0.16775
3.56,0.043,0.022,0.011,0.0,-0.011,-0.022,-0.043,-0.064,-0.085,-0.106,-0.127,-0.1478,-0.1678
3.5700000000000003,0.043,0.022,0.011,0.0,-0.011,-0.022,-0.043,-0.064,-0.085,-0.106,-0.127,-0.14784999999999998,-0.16785
3.58,0.043,0.022,0.011,0.0,-0.011,-0.022,-0.043,-0.064,-0.085,-0.106,-0.127,-0.1479,-0.16790000000000002
3.59,0.043,0.022,0.011,0.0,-0.011,-0.022,-0.043,-0.064,-0.085,-0.106,-0.127,-0.14795,-0.16795000000000002
3.6,0.043,0.022,0.011,0.0,-0.011,-0.022,-0.043,-0.064,-0.085,-0.106,-0.127,-0.148,-0.168
3.61,0.043,0.022,0.011,0.0,-0.011,-0.022,-0.043,-0.064,-0.085025,-0.106025,-0.127025,-0.148025,-0.168025
3.62,0.043,0.022,0.011,0.0,-0.011,-0.022,-0.043,-0.064,-0.08505,-0.10604999999999999,-0.12705,-0.14805,-0.16805
3.63,0.043,0.022,0.011,0.0,-0.011,-0.022,-0.043,-0.064,-0.08507500000000001,-0.106075,-0.127075,-0.14807499999999998,-0.168075
3.64,0.043,0.022,0.011,0.0,-0.011,-0.022,-0.043,-0.064,-0.08510000000000001,-0.1061,-0.1271,-0.14809999999999998,-0.1681
3.65,0.043,0.022,0.011,0.0,-0.011,-0.022,-0.043,-0.064,-0.085125,-0.106125,-0.127125,-0.148125,-0.16812500000000002
3.66,0.043,0.022,0.011,0.0,-0.011,-0.022,-0.043,-0.064,-0.08515,-0.10615,-0.12715,-0.14815,-0.16815000000000002
3.67,0.043,0.022,0.011,0.0,-0.011,-0.022,-0.043,-0.064,-0.085175,-0.10617499999999999,-0.127175,-0.148175,-0.16817500000000002
3.68,0.043,0.022,0.011,0.0,-0.011,-0.022,-0.043,-0.064,-0.0852,-0.1062,-0.1272,-0.1482,-0.16820000000000002
3.69,0.043,0.022,0.011,0.0,-0.011,-0.022,-0.043,-0.064,-0.08522500000000001,-0.106225,-0.127225,-0.148225,-0.168225
3.7,0.043,0.022,0.011,0.0,-0.011,-0.022,-0.043,-0.064,-0.08525,-0.10625,-0.12725,-0.14825,-0.16825
3.71,0.043,0.022,0.011,0.0,-0.011,-0.022,-0.043,-0.064,-0.085275,-0.106275,-0.127275,-0.148275,-0.168275
3.72,0.043,0.022,0.011,0.0,-0.011,-0.022,-0.043,-0.064,-0.0853,-0.10629999999999999,-0.1273,-0.1483,-0.1683
3.73,0.043,0.022,0.011,0.0,-0.011,-0.022,-0.043,-0.064,-0.085325,-0.106325,-0.127325,-0.14832499999999998,-0.168325
3.74,0.043,0.022,0.011,0.0,-0.011,-0.022,-0.043,-0.064,-0.08535,-0.10635,-0.12735,-0.14834999999999998,-0.16835
3.75,0.043,0.022,0.011,0.0,-0.011,-0.022,-0.043,-0.064,-0.085375,-0.106375,-0.12737500000000002,-0.14837499999999998,-0.168375
3.7600000000000002,0.043,0.022,0.011,0.0,-0.011,-0.022,-0.043,-0.064,-0.0854,-0.1064,-0.1274,-0.1484,-0.16840000000000002
3.77,0.043,0.022,0.011,0.0,-0.011,-0.022,-0.043,-0.064,-0.085425,-0.10642499999999999,-0.127425,-0.148425,-0.16842500000000002
3.7800000000000002,0.043,0.022,0.011,0.0,-0.011,-0.022,-0.043,-0.064,-0.08545,-0.10645,-0.12745,-0.14845,-0.16845000000000002
3.79,0.043,0.022,0.011,0.0,-0.011,-0.022,-0.043,-0.064,-0.085475,-0.106475,-0.127475,-0.148475,-0.168475
3.8000000000000003,0.043,0.022,0.011,0.0,-0.011,-0.022,-0.043,-0.064,-0.08549999999999999,-0.1065,-0.1275,-0.1485,-0.1685
3.81,0.043,0.022,0.011,0.0,-0.011,-0.022,-0.043,-0.064,-0.085525,-0.106525,-0.127525,-0.148525,-0.168525
3.8200000000000003,0.043,0.022,0.011,0.0,-0.011,-0.022,-0.043,-0.064,-0.08555,-0.10654999999999999,-0.12755,-0.14855,-0.16855
3.83,0.043,0.022,0.011,0.0,-0.011,-0.022,-0.043,-0.064,-0.085575,-0.106575,-0.127575,-0.14857499999999998,-0.168575
3.84,0.043,0.022,0.011,0.0,-0.011,-0.022,-0.043,-0.064,-0.0856,-0.1066,-0.1276,-0.14859999999999998,-0.1686
3.85,0.043,0.022,0.011,0.0,-0.011,-0.022,-0.043,-0.064,-0.08562499999999999,-0.106625,-0.127625,-0.148625,-0.16862500000000002
3.86,0.043,0.022,0.011,0.0,-0.011,-0.022,-0.043,-0.064,-0.08565,-0.10665,-0.12765,-0.14865,-0.16865000000000002
3.87,0.043,0.022,0.011,0.0,-0.011,-0.022,-0.043,-0.064,-0.085675,-0.10667499999999999,-0.127675,-0.148675,-0.16867500000000002
3.88,0.043,0.022,0.011,0.0,-0.011,-0.022,-0.043,-0.064,-0.0857,-0.1067,-0.1277,-0.1487,-0.16870000000000002
3.89,0.043,0.022,0.011,0.0,-0.011,-0.022,-0.043,-0.064,-0.085725,-0.106725,-0.127725,-0.148725,-0.168725
3.9,0.043,0.022,0.011,0.0,-0.011,-0.022,-0.043,-0.064,-0.08574999999999999,-0.10675,-0.12775,-0.14875,-0.16875
3.91,0.043,0.022,0.011,0.0,-0.011,-0.022,-0.043,-0.064,-0.08577499999999999,-0.106775,-0.127775,-0.148775,-0.168775
3.92,0.043,0.022,0.011,0.0,-0.011,-0.022,-0.043,-0.064,-0.0858,-0.10679999999999999,-0.1278,-0.1488,-0.1688
3.93,0.043,0.022,0.011,0.0,-0.011,-0.022,-0.043,-0.064,-0.085825,-0.106825,-0.127825,-0.14882499999999999,-0.168825
3.94,0.043,0.022,0.011,0.0,-0.011,-0.022,-0.043,-0.064,-0.08585,-0.10685,-0.12785,-0.14884999999999998,-0.16885
3.95,0.043,0.022,0.011,0.0,-0.011,-0.022,-0.043,-0.064,-0.08587499999999999,-0.106875,-0.12787500000000002,-0.14887499999999998,-0.168875
3.96,0.043,0.022,0.011,0.0,-0.011,-0.022,-0.043,-0.064,-0.08589999999999999,-0.1069,-0.1279,-0.1489,-0.16890000000000002
3.97,0.043,0.022,0.011,0.0,-0.011,-0.022,-0.043,-0.064,-0.08592499999999999,-0.10692499999999999,-0.127925,-0.148925,-0.16892500000000002
3.98,0.043,0.022,0.011,0.0,-0.011,-0.022,-0.043,-0.064,-0.08595,-0.10695,-0.12795,-0.14895,-0.16895000000000002
3.99,0.043,0.022,0.011,0.0,-0.011,-0.022,-0.043,-0.064,-0.085975,-0.106975,-0.127975,-0.148975,-0.16897500000000001
4.0,0.043,0.022,0.011,0.0,-0.011,-0.022,-0.043,-0.064,-0.086,-0.107,-0.128,-0.149,-0.169
4.01,0.043,0.022,0.011,0.0,-0.011,-0.022,-0.043,-0.06401,-0.086,-0.10701,-0.12801,-0.14901999999999999,-0.16903
4.0200000000000005,0.043,0.022,0.011,0.0,-0.011,-0.022,-0.043,-0.06402000000000001,-0.086,-0.10702,-0.12802,-0.14904,-0.16906000000000002
4.03,0.043,0.022,0.011,0.0,-0.011,-0.022,-0.043,-0.06403,-0.086,-0.10703,-0.12803,-0.14906,-0.16909000000000002
4.04,0.043,0.022,0.011,0.0,-0.011,-0.022,-0.043,-0.06404,-0.086,-0.10704,-0.12804000000000001,-0.14908,-0.16912000000000002
4.05,0.043,0.022,0.011,0.0,-0.011,-0.022,-0.043,-0.06405,-0.086,-0.10704999999999999,-0.12805,-0.14909999999999998,-0.16915000000000002
4.0600000000000005,0.043,0.022,0.011,0.0,-0.011,-0.022,-0.043,-0.06406,-0.086,-0.10706,-0.12806,-0.14912,-0.16918
4.07,0.043,0.022,0.011,0.0,-0.011,-0.022,-0.043,-0.06407,-0.086,-0.10707,-0.12807,-0.14914,-0.16921
4.08,0.043,0.022,0.011,0.0,-0.011,-0.022,-0.043,-0.06408,-0.086,-0.10708,-0.12808,-0.14916,-0.16924
4.09,0.043,0.022,0.011,0.0,-0.011,-0.022,-0.043,-0.06409000000000001,-0.086,-0.10709,-0.12809,-0.14918,-0.16927
4.1,0.043,0.022,0.011,0.0,-0.011,-0.022,-0.043,-0.0641,-0.086,-0.1071,-0.1281,-0.1492,-0.1693
4.11,0.043,0.022,0.011,0.0,-0.011,-0.022,-0.043,-0.06411,-0.086,-0.10711,-0.12811,-0.14922,-0.16933
4.12,0.043,0.022,0.011,0.0,-0.011,-0.022,-0.043,-0.06412,-0.086,-0.10711999999999999,-0.12812,-0.14923999999999998,-0.16936
4.13,0.043,0.022,0.011,0.0,-0.011,-0.022,-0.043,-0.06413,-0.086,-0.10713,-0.12813,-0.14926,-0.16939
4.14,0.043,0.022,0.011,0.0,-0.011,-0.022,-0.043,-0.06414,-0.086,-0.10714,-0.12814,-0.14928,-0.16942000000000002
4.15,0.043,0.022,0.011,0.0,-0.011,-0.022,-0.043,-0.06415,-0.086,-0.10715,-0.12815000000000001,-0.1493,-0.16945000000000002
4.16,0.043,0.022,0.011,0.0,-0.011,-0.022,-0.043,-0.06416,-0.086,-0.10715999999999999,-0.12816,-0.14931999999999998,-0.16948000000000002
4.17,0.043,0.022,0.011,0.0,-0.011,-0.022,-0.043,-0.06417,-0.086,-0.10717,-0.12817,-0.14934,-0.16951
4.18,0.043,0.022,0.011,0.0,-0.011,-0.022,-0.043,-0.06418,-0.086,-0.10718,-0.12818000000000002,-0.14936,-0.16954
4.19,0.043,0.022,0.011,0.0,-0.011,-0.022,-0.043,-0.06419,-0.086,-0.10719,-0.12819,-0.14937999999999999,-0.16957
4.2,0.043,0.022,0.011,0.0,-0.011,-0.022,-0.043,-0.06420000000000001,-0.086,-0.1072,-0.1282,-0.1494,-0.1696
4.21,0.043,0.022,0.011,0.0,-0.011,-0.022,-0.043,-0.06421,-0.086,-0.10721,-0.12821,-0.14942,-0.16963
4.22,0.043,0.022,0.011,0.0,-0.011,-0.022,-0.043,-0.06422,-0.086,-0.10722,-0.12822,-0.14944,-0.16966
4.23,0.043,0.022,0.011,0.0,-0.011,-0.022,-0.043,-0.06423,-0.086,-0.10722999999999999,-0.12823,-0.14945999999999998,-0.16969
4.24,0.043,0.022,0.011,0.0,-0.011,-0.022,-0.043,-0.06424,-0.086,-0.10724,-0.12824,-0.14948,-0.16972
4.25,0.043,0.022,0.011,0.0,-0.011,-0.022,-0.043,-0.06425,-0.086,-0.10725,-0.12825,-0.1495,-0.16975
4.26,0.043,0.022,0.011,0.0,-0.011,-0.022,-0.043,-0.06426,-0.086,-0.10726,-0.12826,-0.14952,-0.16978000000000001
4.2700000000000005,0.043,0.022,0.011,0.0,-0.011,-0.022,-0.043,-0.06427000000000001,-0.086,-0.10727,-0.12827,-0.14954,-0.16981000000000002
4.28,0.043,0.022,0.011,0.0,-0.011,-0.022,-0.043,-0.06428,-0.086,-0.10728,-0.12828,-0.14956,-0.16984
4.29,0.043,0.022,0.011,0.0,-0.011,-0.022,-0.043,-0.06429,-0.086,-0.10729,-0.12829000000000002,-0.14958,-0.16987
4.3,0.043,0.022,0.011,0.0,-0.011,-0.022,-0.043,-0.0643,-0.086,-0.10729999999999999,-0.1283,-0.14959999999999998,-0.1699
4.3100000000000005,0.043,0.022,0.011,0.0,-0.011,-0.022,-0.043,-0.06431,-0.086,-0.10731,-0.12831,-0.14962,-0.16993
4.32,0.043,0.022,0.011,0.0,-0.011,-0.022,-0.043,-0.06432,-0.086,-0.10732,-0.12832,-0.14964,-0.16996
4.33,0.043,0.022,0.011,0.0,-0.011,-0.022,-0.043,-0.06433,-0.086,-0.10733,-0.12833,-0.14966,-0.16999
4.34,0.043,0.022,0.011,0.0,-0.011,-0.022,-0.043,-0.06434000000000001,-0.086,-0.10734,-0.12834,-0.14968,-0.17002
4.3500000000000005,0.043,0.022,0.011,0.0,-0.011,-0.022,-0.043,-0.06435,-0.086,-0.10735,-0.12835,-0.1497,-0.17005
4.36,0.043,0.022,0.011,0.0,-0.011,-0.022,-0.043,-0.06436,-0.086,-0.10736,-0.12836,-0.14972,-0.17008
4.37,0.043,0.022,0.011,0.0,-0.011,-0.022,-0.043,-0.06437,-0.086,-0.10737,-0.12837,-0.14973999999999998,-0.17011
4.38,0.043,0.022,0.011,0.0,-0.011,-0.022,-0.043,-0.06438,-0.086,-0.10738,-0.12838,-0.14976,-0.17014
4.39,0.043,0.022,0.011,0.0,-0.011,-0.022,-0.043,-0.06439,-0.086,-0.10739,-0.12839,-0.14978,-0.17017
4.4,0.043,0.022,0.011,0.0,-0.011,-0.022,-0.043,-0.0644,-0.086,-0.1074,-0.12840000000000001,-0.1498,-0.1702
4.41,0.043,0.022,0.011,0.0,-0.011,-0.022,-0.043,-0.06441,-0.086,-0.10740999999999999,-0.12841,-0.14981999999999998,-0.17023
4.42,0.043,0.022,0.011,0.0,-0.011,-0.022,-0.043,-0.06442,-0.086,-0.10742,-0.12842,-0.14984,-0.17026
4.43,0.043,0.022,0.011,0.0,-0.011,-0.022,-0.043,-0.06443,-0.086,-0.10743,-0.12843000000000002,-0.14986,-0.17029
4.44,0.043,0.022,0.011,0.0,-0.011,-0.022,-0.043,-0.06444,-0.086,-0.10744,-0.12844,-0.14987999999999999,-0.17032
4.45,0.043,0.022,0.011,0.0,-0.011,-0.022,-0.043,-0.06445000000000001,-0.086,-0.10745,-0.12845,-0.1499,-0.17035
4.46,0.043,0.022,0.011,0.0,-0.011,-0.022,-0.043,-0.06446,-0.086,-0.10746,-0.12846,-0.14992,-0.17038
4.47,0.043,0.022,0.011,0.0,-0.011,-0.022,-0.043,-0.06447,-0.086,-0.10747,-0.12847,-0.14994,-0.17041
4.48,0.043,0.022,0.011,0.0,-0.011,-0.022,-0.043,-0.06448,-0.086,-0.10747999999999999,-0.12848,-0.14995999999999998,-0.17044
4.49,0.043,0.022,0.011,0.0,-0.011,-0.022,-0.043,-0.06449,-0.086,-0.10749,-0.12849,-0.14998,-0.17047
4.5,0.043,0.022,0.011,0.0,-0.011,-0.022,-0.043,-0.0645,-0.086,-0.1075,-0.1285,-0.15,-0.17049999999999998
4.51,0.043,0.022,0.011,0.0,-0.011,-0.022,-0.043,-0.06451,-0.086,-0.10751,-0.12851,-0.15002,-0.17053
4.5200000000000005,0.043,0.022,0.011,0.0,-0.011,-0.022,-0.043,-0.06452000000000001,-0.086,-0.10752,-0.12852,-0.15004,-0.17056
4.53,0.043,0.022,0.011,0.0,-0.011,-0.022,-0.043,-0.06453,-0.086,-0.10753,-0.12853,-0.15006,-0.17059
4.54,0.043,0.022,0.011,0.0,-0.011,-0.022,-0.043,-0.06454,-0.086,-0.10754,-0.12854000000000002,-0.15008,-0.17062
4.55,0.043,0.022,0.011,0.0,-0.011,-0.022,-0.043,-0.06455,-0.086,-0.10754999999999999,-0.12855,-0.15009999999999998,-0.17065
4.5600000000000005,0.043,0.022,0.011,0.0,-0.011,-0.022,-0.043,-0.06456,-0.086,-0.10756,-0.12856,-0.15012,-0.17068
4.57,0.043,0.022,0.011,0.0,-0.011,-0.022,-0.043,-0.06457,-0.086,-0.10757,-0.12857,-0.15014,-0.17071
4.58,0.043,0.022,0.011,0.0,-0.011,-0.022,-0.043,-0.06458,-0.086,-0.10758,-0.12858,-0.15016,-0.17074
4.59,0.043,0.022,0.011,0.0,-0.011,-0.022,-0.043,-0.06459000000000001,-0.086,-0.10759,-0.12859,-0.15018,-0.17077
4.6000000000000005,0.043,0.022,0.011,0.0,-0.011,-0.022,-0.043,-0.0646,-0.086,-0.1076,-0.1286,-0.1502,-0.1708
4.61,0.043,0.022,0.011,0.0,-0.011,-0.022,-0.043,-0.06461,-0.086,-0.10761,-0.12861,-0.15022,-0.17083
4.62,0.043,0.022,0.011,0.0,-0.011,-0.022,-0.043,-0.06462,-0.086,-0.10762,-0.12862,-0.15023999999999998,-0.17085999999999998
4.63,0.043,0.022,0.011,0.0,-0.011,-0.022,-0.043,-0.06463,-0.086,-0.10763,-0.12863,-0.15026,-0.17089
4.64,0.043,0.022,0.011,0.0,-0.011,-0.022,-0.043,-0.06464,-0.086,-0.10764,-0.12864,-0.15028,-0.17092
4.65,0.043,0.022,0.011,0.0,-0.011,-0.022,-0.043,-0.06465,-0.086,-0.10765,-0.12865000000000001,-0.1503,-0.17095
4.66,0.043,0.022,0.011,0.0,-0.011,-0.022,-0.043,-0.06466,-0.086,-0.10765999999999999,-0.12866,-0.15031999999999998,-0.17098
4.67,0.043,0.022,0.011,0.0,-0.011,-0.022,-0.043,-0.06467,-0.086,-0.10767,-0.12867,-0.15034,-0.17101
4.68,0.043,0.022,0.011,0.0,-0.011,-0.022,-0.043,-0.06468,-0.086,-0.10768,-0.12868000000000002,-0.15036,-0.17104
4.69,0.043,0.022,0.011,0.0,-0.011,-0.022,-0.043,-0.06469,-0.086,-0.10769,-0.12869,-0.15037999999999999,-0.17107
4.7,0.043,0.022,0.011,0.0,-0.011,-0.022,-0.043,-0.06470000000000001,-0.086,-0.1077,-0.1287,-0.1504,-0.1711
4.71,0.043,0.022,0.011,0.0,-0.011,-0.022,-0.043,-0.06471,-0.086,-0.10771,-0.12871,-0.15042,-0.17113
4.72,0.043,0.022,0.011,0.0,-0.011,-0.022,-0.043,-0.06472,-0.086,-0.10772,-0.12872,-0.15044,-0.17116
4.73,0.043,0.022,0.011,0.0,-0.011,-0.022,-0.043,-0.06473,-0.086,-0.10772999999999999,-0.12873,-0.15045999999999998,-0.17118999999999998
4.74,0.043,0.022,0.011,0.0,-0.011,-0.022,-0.043,-0.06474,-0.086,-0.10774,-0.12874,-0.15048,-0.17121999999999998
4.75,0.043,0.022,0.011,0.0,-0.011,-0.022,-0.043,-0.06475,-0.086,-0.10775,-0.12875,-0.1505,-0.17124999999999999
4.76,0.043,0.022,0.011,0.0,-0.011,-0.022,-0.043,-0.06476,-0.086,-0.10776,-0.12876,-0.15052,-0.17128
4.7700000000000005,0.043,0.022,0.011,0.0,-0.011,-0.022,-0.043,-0.06477000000000001,-0.086,-0.10777,-0.12877,-0.15054,-0.17131
4.78,0.043,0.022,0.011,0.0,-0.011,-0.022,-0.043,-0.06478,-0.086,-0.10778,-0.12878,-0.15056,-0.17134
4.79,0.043,0.022,0.011,0.0,-0.011,-0.022,-0.043,-0.06479,-0.086,-0.10779,-0.12879000000000002,-0.15058,-0.17137
4.8,0.043,0.022,0.011,0.0,-0.011,-0.022,-0.043,-0.0648,-0.086,-0.10779999999999999,-0.1288,-0.15059999999999998,-0.1714
4.8100000000000005,0.043,0.022,0.011,0.0,-0.011,-0.022,-0.043,-0.06481,-0.086,-0.10781,-0.12881,-0.15062,-0.17143
4.82,0.043,0.022,0.011,0.0,-0.011,-0.022,-0.043,-0.06482,-0.086,-0.10782,-0.12882,-0.15064,-0.17146
4.83,0.043,0.022,0.011,0.0,-0.011,-0.022,-0.043,-0.06483,-0.086,-0.10783,-0.12883,-0.15066,-0.17149
4.84,0.043,0.022,0.011,0.0,-0.011,-0.022,-0.043,-0.06484000000000001,-0.086,-0.10784,-0.12884,-0.15068,-0.17151999999999998
4.8500000000000005,0.043,0.022,0.011,0.0,-0.011,-0.022,-0.043,-0.06485,-0.086,-0.10785,-0.12885,-0.1507,-0.17154999999999998
4.86,0.043,0.022,0.011,0.0,-0.011,-0.022,-0.043,-0.06486,-0.086,-0.10786,-0.12886,-0.15072,-0.17157999999999998
4.87,0.043,0.022,0.011,0.0,-0.011,-0.022,-0.043,-0.06487,-0.086,-0.10787,-0.12887,-0.15073999999999999,-0.17160999999999998
4.88,0.043,0.022,0.011,0.0,-0.011,-0.022,-0.043,-0.06488000000000001,-0.086,-0.10788,-0.12888,-0.15076,-0.17164
4.89,0.043,0.022,0.011,0.0,-0.011,-0.022,-0.043,-0.06489,-0.086,-0.10789,-0.12889,-0.15078,-0.17167
4.9,0.043,0.022,0.011,0.0,-0.011,-0.022,-0.043,-0.0649,-0.086,-0.1079,-0.12890000000000001,-0.1508,-0.1717
4.91,0.043,0.022,0.011,0.0,-0.011,-0.022,-0.043,-0.06491,-0.086,-0.10790999999999999,-0.12891,-0.15081999999999998,-0.17173
4.92,0.043,0.022,0.011,0.0,-0.011,-0.022,-0.043,-0.06492,-0.086,-0.10792,-0.12892,-0.15084,-0.17176
4.93,0.043,0.022,0.011,0.0,-0.011,-0.022,-0.043,-0.06493,-0.086,-0.10793,-0.12893000000000002,-0.15086,-0.17179
4.94,0.043,0.022,0.011,0.0,-0.011,-0.022,-0.043,-0.06494,-0.086,-0.10794,-0.12894,-0.15088,-0.17182
4.95,0.043,0.022,0.011,0.0,-0.011,-0.022,-0.043,-0.06495000000000001,-0.086,-0.10795,-0.12895,-0.1509,-0.17184999999999997
4.96,0.043,0.022,0.011,0.0,-0.011,-0.022,-0.043,-0.06496,-0.086,-0.10796,-0.12896,-0.15092,-0.17187999999999998
4.97,0.043,0.022,0.011,0.0,-0.011,-0.022,-0.043,-0.06497,-0.086,-0.10797,-0.12897,-0.15094,-0.17190999999999998
4.98,0.043,0.022,0.011,0.0,-0.011,-0.022,-0.043,-0.06498,-0.086,-0.10797999999999999,-0.12898,-0.15095999999999998,-0.17193999999999998
4.99,0.043,0.022,0.011,0.0,-0.011,-0.022,-0.043,-0.06499,-0.086,-0.10799,-0.12899,-0.15098,-0.17196999999999998
5.0,0.043,0.022,0.011,0.0,-0.011,-0.022,-0.043,-0.065,-0.086,-0.108,-0.129,-0.151,-0.172
5.01,0.043,0.022,0.011,0.0,-0.011,-0.022,-0.043,-0.065,-0.08600999999999999,-0.10801,-0.12902,-0.15102,-0.17203
5.0200000000000005,0.043,0.022,0.011,0.0,-0.011,-0.022,-0.043,-0.065,-0.08602,-0.10802,-0.12904000000000002,-0.15104,-0.17206
5.03,0.043,0.022,0.011,0.0,-0.011,-0.022,-0.043,-0.065,-0.08603,-0.10803,-0.12906,-0.15106,-0.17209
5.04,0.043,0.022,0.011,0.0,-0.011,-0.022,-0.043,-0.065,-0.08603999999999999,-0.10804,-0.12908,-0.15108,-0.17212
5.05,0.043,0.022,0.011,0.0,-0.011,-0.022,-0.043,-0.065,-0.08604999999999999,-0.10805,-0.1291,-0.15109999999999998,-0.17215
5.0600000000000005,0.043,0.022,0.011,0.0,-0.011,-0.022,-0.043,-0.065,-0.08606,-0.10806,-0.12912,-0.15112,-0.17218
5.07,0.043,0.022,0.011,0.0,-0.011,-0.022,-0.043,-0.065,-0.08607,-0.10807,-0.12914,-0.15114,-0.17220999999999997
5.08,0.043,0.022,0.011,0.0,-0.011,-0.022,-0.043,-0.065,-0.08607999999999999,-0.10808,-0.12916,-0.15116,-0.17223999999999998
5.09,0.043,0.022,0.011,0.0,-0.011,-0.022,-0.043,-0.065,-0.08609,-0.10809,-0.12918000000000002,-0.15118,-0.17226999999999998
5.1000000000000005,0.043,0.022,0.011,0.0,-0.011,-0.022,-0.043,-0.065,-0.0861,-0.1081,-0.1292,-0.1512,-0.17229999999999998
5.11,0.043,0.022,0.011,0.0,-0.011,-0.022,-0.043,-0.065,-0.08610999999999999,-0.10811,-0.12922,-0.15122,-0.17232999999999998
5.12,0.043,0.022,0.011,0.0,-0.011,-0.022,-0.043,-0.065,-0.08611999999999999,-0.10812,-0.12924,-0.15123999999999999,-0.17235999999999999
5.13,0.043,0.022,0.011,0.0,-0.011,-0.022,-0.043,-0.065,-0.08613,-0.10813,-0.12926,-0.15126,-0.17239
5.14,0.043,0.022,0.011,0.0,-0.011,-0.022,-0.043,-0.065,-0.08614,-0.10814,-0.12928,-0.15128,-0.17242
5.15,0.043,0.022,0.011,0.0,-0.011,-0.022,-0.043,-0.065,-0.08614999999999999,-0.10815,-0.1293,-0.1513,-0.17245
5.16,0.043,0.022,0.011,0.0,-0.011,-0.022,-0.043,-0.065,-0.08615999999999999,-0.10815999999999999,-0.12932,-0.15131999999999998,-0.17248
5.17,0.043,0.022,0.011,0.0,-0.011,-0.022,-0.043,-0.065,-0.08617,-0.10817,-0.12934,-0.15134,-0.17251
5.18,0.043,0.022,0.011,0.0,-0.011,-0.022,-0.043,-0.065,-0.08617999999999999,-0.10818,-0.12936,-0.15136,-0.17254
5.19,0.043,0.022,0.011,0.0,-0.011,-0.022,-0.043,-0.065,-0.08618999999999999,-0.10819,-0.12938,-0.15138,-0.17256999999999997
5.2,0.043,0.022,0.011,0.0,-0.011,-0.022,-0.043,-0.065,-0.0862,-0.1082,-0.12940000000000002,-0.1514,-0.17259999999999998
5.21,0.043,0.022,0.011,0.0,-0.011,-0.022,-0.043,-0.065,-0.08621,-0.10821,-0.12942,-0.15142,-0.17262999999999998
5.22,0.043,0.022,0.011,0.0,-0.011,-0.022,-0.043,-0.065,-0.08621999999999999,-0.10822,-0.12944,-0.15144,-0.17265999999999998
5.23,0.043,0.022,0.011,0.0,-0.011,-0.022,-0.043,-0.065,-0.08622999999999999,-0.10822999999999999,-0.12946,-0.15145999999999998,-0.17268999999999998
5.24,0.043,0.022,0.011,0.0,-0.011,-0.022,-0.043,-0.065,-0.08624,-0.10824,-0.12948,-0.15148,-0.17271999999999998
5.25,0.043,0.022,0.011,0.0,-0.011,-0.022,-0.043,-0.065,-0.08625,-0.10825,-0.1295,-0.1515,-0.17275
5.26,0.043,0.022,0.011,0.0,-0.011,-0.022,-0.043,-0.065,-0.08625999999999999,-0.10826,-0.12952,-0.15152,-0.17278
5.2700000000000005,0.043,0.022,0.011,0.0,-0.011,-0.022,-0.043,-0.065,-0.08627,-0.10827,-0.12954000000000002,-0.15154,-0.17281
5.28,0.043,0.022,0.011,0.0,-0.011,-0.022,-0.043,-0.065,-0.08628,-0.10828,-0.12956,-0.15156,-0.17284
5.29,0.043,0.022,0.011,0.0,-0.011,-0.022,-0.043,-0.065,-0.08628999999999999,-0.10829,-0.12958,-0.15158,-0.17287
5.3,0.043,0.022,0.011,0.0,-0.011,-0.022,-0.043,-0.065,-0.08629999999999999,-0.1083,-0.1296,-0.15159999999999998,-0.1729
5.3100000000000005,0.043,0.022,0.011,0.0,-0.011,-0.022,-0.043,-0.065,-0.08631,-0.10831,-0.12962,-0.15162,-0.17293
5.32,0.043,0.022,0.011,0.0,-0.011,-0.022,-0.043,-0.065,-0.08632,-0.10832,-0.12964,-0.15164,-0.17295999999999997
5.33,0.043,0.022,0.011,0.0,-0.011,-0.022,-0.043,-0.065,-0.08632999999999999,-0.10833,-0.12966,-0.15166,-0.17298999999999998
5.34,0.043,0.022,0.011,0.0,-0.011,-0.022,-0.043,-0.065,-0.08634,-0.10834,-0.12968000000000002,-0.15168,-0.17301999999999998
5.3500000000000005,0.043,0.022,0.011,0.0,-0.011,-0.022,-0.043,-0.065,-0.08635,-0.10835,-0.1297,-0.1517,-0.17304999999999998
5.36,0.043,0.022,0.011,0.0,-0.011,-0.022,-0.043,-0.065,-0.08635999999999999,-0.10836,-0.12972,-0.15172,-0.17307999999999998
5.37,0.043,0.022,0.011,0.0,-0.011,-0.022,-0.043,-0.065,-0.08636999999999999,-0.10837,-0.12974,-0.15173999999999999,-0.17310999999999999
5.38,0.043,0.022,0.011,0.0,-0.011,-0.022,-0.043,-0.065,-0.08638,-0.10838,-0.12976000000000001,-0.15176,-0.17314
5.39,0.043,0.022,0.011,0.0,-0.011,-0.022,-0.043,-0.065,-0.08639,-0.10839,-0.12978,-0.15178,-0.17317
5.4,0.043,0.022,0.011,0.0,-0.011,-0.022,-0.043,-0.065,-0.08639999999999999,-0.1084,-0.1298,-0.1518,-0.1732
5.41,0.043,0.022,0.011,0.0,-0.011,-0.022,-0.043,-0.065,-0.08640999999999999,-0.10840999999999999,-0.12982,-0.15181999999999998,-0.17323
5.42,0.043,0.022,0.011,0.0,-0.011,-0.022,-0.043,-0.065,-0.08642,-0.10842,-0.12984,-0.15184,-0.17326
5.43,0.043,0.022,0.011,0.0,-0.011,-0.022,-0.043,-0.065,-0.08642999999999999,-0.10843,-0.12986,-0.15186,-0.17329
5.44,0.043,0.022,0.011,0.0,-0.011,-0.022,-0.043,-0.065,-0.08643999999999999,-0.10844,-0.12988,-0.15188,-0.17331999999999997
5.45,0.043,0.022,0.011,0.0,-0.011,-0.022,-0.043,-0.065,-0.08645,-0.10845,-0.12990000000000002,-0.1519,-0.17334999999999998
5.46,0.043,0.022,0.011,0.0,-0.011,-0.022,-0.043,-0.065,-0.08646,-0.10846,-0.12992,-0.15192,-0.17337999999999998
5.47,0.043,0.022,0.011,0.0,-0.011,-0.022,-0.043,-0.065,-0.08646999999999999,-0.10847,-0.12994,-0.15194,-0.17340999999999998
5.48,0.043,0.022,0.011,0.0,-0.011,-0.022,-0.043,-0.065,-0.08647999999999999,-0.10848,-0.12996,-0.15195999999999998,-0.17343999999999998
5.49,0.043,0.022,0.011,0.0,-0.011,-0.022,-0.043,-0.065,-0.08649,-0.10849,-0.12998,-0.15198,-0.17346999999999999
5.5,0.043,0.022,0.011,0.0,-0.011,-0.022,-0.043,-0.065,-0.0865,-0.1085,-0.13,-0.152,-0.1735
5.51,0.043,0.022,0.011,0.0,-0.011,-0.022,-0.043,-0.065,-0.08650999999999999,-0.10851,-0.13002,-0.15202,-0.17353
5.5200000000000005,0.043,0.022,0.011,0.0,-0.011,-0.022,-0.043,-0.065,-0.08652,-0.10852,-0.13004000000000002,-0.15204,-0.17356
5.53,0.043,0.022,0.011,0.0,-0.011,-0.022,-0.043,-0.065,-0.08653,-0.10853,-0.13006,-0.15206,-0.17359
5.54,0.043,0.022,0.011,0.0,-0.011,-0.022,-0.043,-0.065,-0.08653999999999999,-0.10854,-0.13008,-0.15208,-0.17362
5.55,0.043,0.022,0.011,0.0,-0.011,-0.022,-0.043,-0.065,-0.08654999999999999,-0.10855,-0.1301,-0.15209999999999999,-0.17365
5.5600000000000005,0.043,0.022,0.011,0.0,-0.011,-0.022,-0.043,-0.065,-0.08656,-0.10856,-0.13012,-0.15212,-0.17368
5.57,0.043,0.022,0.011,0.0,-0.011,-0.022,-0.043,-0.065,-0.08657,-0.10857,-0.13014,-0.15214,-0.17370999999999998
5.58,0.043,0.022,0.011,0.0,-0.011,-0.022,-0.043,-0.065,-0.08657999999999999,-0.10858,-0.13016,-0.15216,-0.17373999999999998
5.59,0.043,0.022,0.011,0.0,-0.011,-0.022,-0.043,-0.065,-0.08659,-0.10859,-0.13018000000000002,-0.15218,-0.17376999999999998
5.6000000000000005,0.043,0.022,0.011,0.0,-0.011,-0.022,-0.043,-0.065,-0.0866,-0.1086,-0.1302,-0.1522,-0.17379999999999998
5.61,0.043,0.022,0.011,0.0,-0.011,-0.022,-0.043,-0.065,-0.08660999999999999,-0.10861,-0.13022,-0.15222,-0.17382999999999998
5.62,0.043,0.022,0.011,0.0,-0.011,-0.022,-0.043,-0.065,-0.08661999999999999,-0.10862,-0.13024,-0.15224,-0.17386
5.63,0.043,0.022,0.011,0.0,-0.011,-0.022,-0.043,-0.065,-0.08663,-0.10863,-0.13026000000000001,-0.15226,-0.17389
5.64,0.043,0.022,0.011,0.0,-0.011,-0.022,-0.043,-0.065,-0.08664,-0.10864,-0.13028,-0.15228,-0.17392
5.65,0.043,0.022,0.011,0.0,-0.011,-0.022,-0.043,-0.065,-0.08664999999999999,-0.10865,-0.1303,-0.1523,-0.17395
5.66,0.043,0.022,0.011,0.0,-0.011,-0.022,-0.043,-0.065,-0.08665999999999999,-0.10865999999999999,-0.13032,-0.15231999999999998,-0.17398
5.67,0.043,0.022,0.011,0.0,-0.011,-0.022,-0.043,-0.065,-0.08667,-0.10867,-0.13034,-0.15234,-0.17401
5.68,0.043,0.022,0.011,0.0,-0.011,-0.022,-0.043,-0.065,-0.08668,-0.10868,-0.13036,-0.15236,-0.17404
5.69,0.043,0.022,0.011,0.0,-0.011,-0.022,-0.043,-0.065,-0.08668999999999999,-0.10869,-0.13038,-0.15238,-0.17406999999999997
5.7,0.043,0.022,0.011,0.0,-0.011,-0.022,-0.043,-0.065,-0.0867,-0.1087,-0.13040000000000002,-0.1524,-0.17409999999999998
5.71,0.043,0.022,0.011,0.0,-0.011,-0.022,-0.043,-0.065,-0.08671,-0.10871,-0.13042,-0.15242,-0.17412999999999998
5.72,0.043,0.022,0.011,0.0,-0.011,-0.022,-0.043,-0.065,-0.08671999999999999,-0.10872,-0.13044,-0.15244,-0.17415999999999998
5.73,0.043,0.022,0.011,0.0,-0.011,-0.022,-0.043,-0.065,-0.08672999999999999,-0.10873,-0.13046,-0.15245999999999998,-0.17418999999999998
5.74,0.043,0.022,0.011,0.0,-0.011,-0.022,-0.043,-0.065,-0.08674,-0.10874,-0.13048,-0.15248,-0.17421999999999999
5.75,0.043,0.022,0.011,0.0,-0.011,-0.022,-0.043,-0.065,-0.08675,-0.10875,-0.1305,-0.1525,-0.17425
5.76,0.043,0.022,0.011,0.0,-0.011,-0.022,-0.043,-0.065,-0.08675999999999999,-0.10876,-0.13052,-0.15252,-0.17428
5.7700000000000005,0.043,0.022,0.011,0.0,-0.011,-0.022,-0.043,-0.065,-0.08677,-0.10877,-0.13054000000000002,-0.15254,-0.17431
5.78,0.043,0.022,0.011,0.0,-0.011,-0.022,-0.043,-0.065,-0.08678,-0.10878,-0.13056,-0.15256,-0.17434
5.79,0.043,0.022,0.011,0.0,-0.011,-0.022,-0.043,-0.065,-0.08678999999999999,-0.10879,-0.13058,-0.15258,-0.17437
5.8,0.043,0.022,0.011,0.0,-0.011,-0.022,-0.043,-0.065,-0.08679999999999999,-0.1088,-0.1306,-0.15259999999999999,-0.1744
5.8100000000000005,0.043,0.022,0.011,0.0,-0.011,-0.022,-0.043,-0.065,-0.08681,-0.10881,-0.13062,-0.15262,-0.17443
5.82,0.043,0.022,0.011,0.0,-0.011,-0.022,-0.043,-0.065,-0.08682,-0.10882,-0.13064,-0.15264,-0.17445999999999998
5.83,0.043,0.022,0.011,0.0,-0.011,-0.022,-0.043,-0.065,-0.08682999999999999,-0.10883,-0.13066,-0.15266,-0.17448999999999998
5.84,0.043,0.022,0.011,0.0,-0.011,-0.022,-0.043,-0.065,-0.08684,-0.10884,-0.13068000000000002,-0.15268,-0.17451999999999998
5.8500000000000005,0.043,0.022,0.011,0.0,-0.011,-0.022,-0.043,-0.065,-0.08685,-0.10885,-0.1307,-0.1527,-0.17454999999999998
5.86,0.043,0.022,0.011,0.0,-0.011,-0.022,-0.043,-0.065,-0.08685999999999999,-0.10886,-0.13072,-0.15272,-0.17457999999999999
5.87,0.043,0.022,0.011,0.0,-0.011,-0.022,-0.043,-0.065,-0.08686999999999999,-0.10887,-0.13074,-0.15274,-0.17461
5.88,0.043,0.022,0.011,0.0,-0.011,-0.022,-0.043,-0.065,-0.08688,-0.10888,-0.13076000000000002,-0.15276,-0.17464
5.89,0.043,0.022,0.011,0.0,-0.011,-0.022,-0.043,-0.065,-0.08689,-0.10889,-0.13078,-0.15278,-0.17467
5.9,0.043,0.022,0.011,0.0,-0.011,-0.022,-0.043,-0.065,-0.08689999999999999,-0.1089,-0.1308,-0.1528,-0.1747
5.91,0.043,0.022,0.011,0.0,-0.011,-0.022,-0.043,-0.065,-0.08690999999999999,-0.10890999999999999,-0.13082,-0.15281999999999998,-0.17473
5.92,0.043,0.022,0.011,0.0,-0.011,-0.022,-0.043,-0.065,-0.08692,-0.10892,-0.13084,-0.15284,-0.17476
5.93,0.043,0.022,0.011,0.0,-0.011,-0.022,-0.043,-0.065,-0.08693,-0.10893,-0.13086,-0.15286,-0.17479
5.94,0.043,0.022,0.011,0.0,-0.011,-0.022,-0.043,-0.065,-0.08693999999999999,-0.10894,-0.13088,-0.15288,-0.17481999999999998
5.95,0.043,0.022,0.011,0.0,-0.011,-0.022,-0.043,-0.065,-0.08695,-0.10895,-0.13090000000000002,-0.1529,-0.17484999999999998
5.96,0.043,0.022,0.011,0.0,-0.011,-0.022,-0.043,-0.065,-0.08696,-0.10896,-0.13092,-0.15292,-0.17487999999999998
5.97,0.043,0.022,0.011,0.0,-0.011,-0.022,-0.043,-0.065,-0.08696999999999999,-0.10897,-0.13094,-0.15294,-0.17490999999999998
5.98,0.043,0.022,0.011,0.0,-0.011,-0.022,-0.043,-0.065,-0.08697999999999999,-0.10898,-0.13096,-0.15295999999999998,-0.17493999999999998
5.99,0.043,0.022,0.011,0.0,-0.011,-0.022,-0.043,-0.065,-0.08699,-0.10899,-0.13098,-0.15298,-0.17497
6.0,0.043,0.022,0.011,0.0,-0.011,-0.022,-0.043,-0.065,-0.087,-0.109,-0.131,-0.153,-0.175
6.01,0.043,0.022,0.011,0.0,-0.011,-0.022,-0.04301,-0.06501,-0.08700999999999999,-0.10901,-0.13101000000000002,-0.15302,-0.17503
6.0200000000000005,0.043,0.022,0.011,0.0,-0.011,-0.022,-0.043019999999999996,-0.06502000000000001,-0.08702,-0.10902,-0.13102,-0.15304,-0.17506
6.03,0.043,0.022,0.011,0.0,-0.011,-0.022,-0.04303,-0.06503,-0.08703,-0.10903,-0.13103,-0.15306,-0.17509
6.04,0.043,0.022,0.011,0.0,-0.011,-0.022,-0.043039999999999995,-0.06504,-0.08703999999999999,-0.10904,-0.13104000000000002,-0.15308,-0.17512
6.05,0.043,0.022,0.011,0.0,-0.011,-0.022,-0.04305,-0.06505,-0.08704999999999999,-0.10905,-0.13105,-0.15309999999999999,-0.17515
6.0600000000000005,0.043,0.022,0.011,0.0,-0.011,-0.022,-0.043059999999999994,-0.06506,-0.08706,-0.10906,-0.13106,-0.15312,-0.17518
6.07,0.043,0.022,0.011,0.0,-0.011,-0.022,-0.04307,-0.06507,-0.08707,-0.10907,-0.13107,-0.15314,-0.17520999999999998
6.08,0.043,0.022,0.011,0.0,-0.011,-0.022,-0.04307999999999999,-0.06508,-0.08707999999999999,-0.10908,-0.13108,-0.15316,-0.17523999999999998
6.09,0.043,0.022,0.011,0.0,-0.011,-0.022,-0.043089999999999996,-0.06509000000000001,-0.08709,-0.10909,-0.13109,-0.15318,-0.17526999999999998
6.1000000000000005,0.043,0.022,0.011,0.0,-0.011,-0.022,-0.0431,-0.0651,-0.0871,-0.1091,-0.1311,-0.1532,-0.17529999999999998
6.11,0.043,0.022,0.011,0.0,-0.011,-0.022,-0.043109999999999996,-0.06511,-0.08710999999999999,-0.10911,-0.13111,-0.15322,-0.17532999999999999
6.12,0.043,0.022,0.011,0.0,-0.011,-0.022,-0.04312,-0.06512,-0.08711999999999999,-0.10912,-0.13112000000000001,-0.15324,-0.17536
6.13,0.043,0.022,0.011,0.0,-0.011,-0.022,-0.043129999999999995,-0.06513000000000001,-0.08713,-0.10913,-0.13113,-0.15326,-0.17539
6.140000000000001,0.043,0.022,0.011,0.0,-0.011,-0.022,-0.04314,-0.06514,-0.08714,-0.10914,-0.13114,-0.15328,-0.17542
6.15,0.043,0.022,0.011,0.0,-0.011,-0.022,-0.043149999999999994,-0.06515,-0.08714999999999999,-0.10915,-0.13115000000000002,-0.1533,-0.17545
6.16,0.043,0.022,0.011,0.0,-0.011,-0.022,-0.04316,-0.06516,-0.08715999999999999,-0.10916,-0.13116,-0.15331999999999998,-0.17548
6.17,0.043,0.022,0.011,0.0,-0.011,-0.022,-0.04317,-0.06517,-0.08717,-0.10917,-0.13117,-0.15334,-0.17551
6.18,0.043,0.022,0.011,0.0,-0.011,-0.022,-0.043179999999999996,-0.06518,-0.08718,-0.10918,-0.13118000000000002,-0.15336,-0.17554
6.19,0.043,0.022,0.011,0.0,-0.011,-0.022,-0.04319,-0.06519,-0.08718999999999999,-0.10919,-0.13119,-0.15338,-0.17556999999999998
6.2,0.043,0.022,0.011,0.0,-0.011,-0.022,-0.043199999999999995,-0.06520000000000001,-0.0872,-0.1092,-0.1312,-0.1534,-0.17559999999999998
6.21,0.043,0.022,0.011,0.0,-0.011,-0.022,-0.04321,-0.06521,-0.08721,-0.10921,-0.13121,-0.15342,-0.17562999999999998
6.22,0.043,0.022,0.011,0.0,-0.011,-0.022,-0.043219999999999995,-0.06522,-0.08721999999999999,-0.10922,-0.13122,-0.15344,-0.17565999999999998
6.23,0.043,0.022,0.011,0.0,-0.011,-0.022,-0.04323,-0.06523,-0.08722999999999999,-0.10923,-0.13123,-0.15345999999999999,-0.17568999999999999
6.24,0.043,0.022,0.011,0.0,-0.011,-0.022,-0.043239999999999994,-0.06524,-0.08724,-0.10924,-0.13124,-0.15348,-0.17572
6.25,0.043,0.022,0.011,0.0,-0.011,-0.022,-0.04325,-0.06525,-0.08725,-0.10925,-0.13125,-0.1535,-0.17575
6.26,0.043,0.022,0.011,0.0,-0.011,-0.022,-0.04326,-0.06526,-0.08725999999999999,-0.10926,-0.13126000000000002,-0.15352,-0.17578
6.2700000000000005,0.043,0.022,0.011,0.0,-0.011,-0.022,-0.043269999999999996,-0.06527000000000001,-0.08727,-0.10927,-0.13127,-0.15354,-0.17581
6.28,0.043,0.022,0.011,0.0,-0.011,-0.022,-0.04328,-0.06528,-0.08728,-0.10928,-0.13128,-0.15356,-0.17584
6.29,0.043,0.022,0.011,0.0,-0.011,-0.022,-0.043289999999999995,-0.06529,-0.08728999999999999,-0.10929,-0.13129000000000002,-0.15358,-0.17587
6.3,0.043,0.022,0.011,0.0,-0.011,-0.022,-0.0433,-0.0653,-0.08729999999999999,-0.1093,-0.1313,-0.1536,-0.1759
6.3100000000000005,0.043,0.022,0.011,0.0,-0.011,-0.022,-0.043309999999999994,-0.06531,-0.08731,-0.10931,-0.13131,-0.15362,-0.17593
6.32,0.043,0.022,0.011,0.0,-0.011,-0.022,-0.04332,-0.06532,-0.08732,-0.10932,-0.13132,-0.15364,-0.17595999999999998
6.33,0.043,0.022,0.011,0.0,-0.011,-0.022,-0.043329999999999994,-0.06533,-0.08732999999999999,-0.10933,-0.13133,-0.15366,-0.17598999999999998
6.34,0.043,0.022,0.011,0.0,-0.011,-0.022,-0.04334,-0.06534000000000001,-0.08734,-0.10934,-0.13134,-0.15368,-0.17601999999999998
6.3500000000000005,0.043,0.022,0.011,0.0,-0.011,-0.022,-0.04335,-0.06535,-0.08735,-0.10935,-0.13135,-0.1537,-0.17604999999999998
6.36,0.043,0.022,0.011,0.0,-0.011,-0.022,-0.043359999999999996,-0.06536,-0.08736,-0.10936,-0.13136,-0.15372,-0.17608
6.37,0.043,0.022,0.011,0.0,-0.011,-0.022,-0.04337,-0.06537,-0.08736999999999999,-0.10937,-0.13137000000000001,-0.15374,-0.17611
6.38,0.043,0.022,0.011,0.0,-0.011,-0.022,-0.043379999999999995,-0.06538000000000001,-0.08738,-0.10938,-0.13138,-0.15376,-0.17614
6.390000000000001,0.043,0.022,0.011,0.0,-0.011,-0.022,-0.04339,-0.06539,-0.08739,-0.10939,-0.13139,-0.15378,-0.17617
6.4,0.043,0.022,0.011,0.0,-0.011,-0.022,-0.043399999999999994,-0.0654,-0.08739999999999999,-0.1094,-0.13140000000000002,-0.1538,-0.1762
6.41,0.043,0.022,0.011,0.0,-0.011,-0.022,-0.04341,-0.06541,-0.08740999999999999,-0.10941,-0.13141,-0.15381999999999998,-0.17623
6.42,0.043,0.022,0.011,0.0,-0.011,-0.022,-0.04342,-0.06542,-0.08742,-0.10942,-0.13142,-0.15384,-0.17626
6.43,0.043,0.022,0.011,0.0,-0.011,-0.022,-0.043429999999999996,-0.06543,-0.08743,-0.10943,-0.13143000000000002,-0.15386,-0.17629
6.44,0.043,0.022,0.011,0.0,-0.011,-0.022,-0.04344,-0.06544,-0.08743999999999999,-0.10944,-0.13144,-0.15388,-0.17631999999999998
6.45,0.043,0.022,0.011,0.0,-0.011,-0.022,-0.043449999999999996,-0.06545000000000001,-0.08745,-0.10945,-0.13145,-0.1539,-0.17634999999999998
6.46,0.043,0.022,0.011,0.0,-0.011,-0.022,-0.04346,-0.06546,-0.08746,-0.10946,-0.13146,-0.15392,-0.17637999999999998
6.47,0.043,0.022,0.011,0.0,-0.011,-0.022,-0.043469999999999995,-0.06547,-0.08746999999999999,-0.10947,-0.13147,-0.15394,-0.17640999999999998
6.48,0.043,0.022,0.011,0.0,-0.011,-0.022,-0.04348,-0.06548,-0.08747999999999999,-0.10948,-0.13148,-0.15395999999999999,-0.17643999999999999
6.49,0.043,0.022,0.011,0.0,-0.011,-0.022,-0.043489999999999994,-0.06549,-0.08749,-0.10949,-0.13149,-0.15398,-0.17647
6.5,0.043,0.022,0.011,0.0,-0.011,-0.022,-0.0435,-0.0655,-0.0875,-0.1095,-0.1315,-0.154,-0.1765
6.51,0.043,0.022,0.011,0.0,-0.011,-0.022,-0.04351,-0.06551,-0.08750999999999999,-0.10951,-0.13151000000000002,-0.15402,-0.17653
6.5200000000000005,0.043,0.022,0.011,0.0,-0.011,-0.022,-0.043519999999999996,-0.06552000000000001,-0.08752,-0.10952,-0.13152,-0.15404,-0.17656
6.53,0.043,0.022,0.011,0.0,-0.011,-0.022,-0.04353,-0.06553,-0.08753,-0.10953,-0.13153,-0.15406,-0.17659
6.54,0.043,0.022,0.011,0.0,-0.011,-0.022,-0.043539999999999995,-0.06554,-0.08753999999999999,-0.10954,-0.13154000000000002,-0.15408,-0.17662
6.55,0.043,0.022,0.011,0.0,-0.011,-0.022,-0.04355,-0.06555,-0.08754999999999999,-0.10955,-0.13155,-0.1541,-0.17665
6.5600000000000005,0.043,0.022,0.011,0.0,-0.011,-0.022,-0.043559999999999995,-0.06556000000000001,-0.08756,-0.10956,-0.13156,-0.15412,-0.17668
6.57,0.043,0.022,0.011,0.0,-0.011,-0.022,-0.04357,-0.06557,-0.08757,-0.10957,-0.13157,-0.15414,-0.17670999999999998
6.58,0.043,0.022,0.011,0.0,-0.011,-0.022,-0.043579999999999994,-0.06558,-0.08757999999999999,-0.10958,-0.13158,-0.15416,-0.17673999999999998
6.59,0.043,0.022,0.011,0.0,-0.011,-0.022,-0.04359,-0.06559000000000001,-0.08759,-0.10959,-0.13159,-0.15418,-0.17676999999999998
6.6000000000000005,0.043,0.022,0.011,0.0,-0.011,-0.022,-0.0436,-0.0656,-0.0876,-0.1096,-0.1316,-0.1542,-0.17679999999999998
6.61,0.043,0.022,0.011,0.0,-0.011,-0.022,-0.043609999999999996,-0.06561,-0.08761,-0.10961,-0.13161,-0.15422,-0.17683
6.62,0.043,0.022,0.011,0.0,-0.011,-0.022,-0.04362,-0.06562,-0.08761999999999999,-0.10962,-0.13162000000000001,-0.15424,-0.17686
6.63,0.043,0.022,0.011,0.0,-0.011,-0.022,-0.043629999999999995,-0.06563000000000001,-0.08763,-0.10963,-0.13163,-0.15426,-0.17689
6.640000000000001,0.043,0.022,0.011,0.0,-0.011,-0.022,-0.04364,-0.06564,-0.08764,-0.10964,-0.13164,-0.15428,-0.17692
6.65,0.043,0.022,0.011,0.0,-0.011,-0.022,-0.043649999999999994,-0.06565,-0.08764999999999999,-0.10965,-0.13165000000000002,-0.1543,-0.17695
6.66,0.043,0.022,0.011,0.0,-0.011,-0.022,-0.04366,-0.06566,-0.08765999999999999,-0.10966,-0.13166,-0.15431999999999998,-0.17698
6.67,0.043,0.022,0.011,0.0,-0.011,-0.022,-0.04367,-0.06567,-0.08767,-0.10967,-0.13167,-0.15434,-0.17701
6.68,0.043,0.022,0.011,0.0,-0.011,-0.022,-0.04368,-0.06568,-0.08768,-0.10968,-0.13168000000000002,-0.15436,-0.17704
6.69,0.043,0.022,0.011,0.0,-0.011,-0.022,-0.04369,-0.06569,-0.08768999999999999,-0.10969,-0.13169,-0.15438,-0.17706999999999998
6.7,0.043,0.022,0.011,0.0,-0.011,-0.022,-0.043699999999999996,-0.06570000000000001,-0.0877,-0.1097,-0.1317,-0.1544,-0.17709999999999998
6.71,0.043,0.022,0.011,0.0,-0.011,-0.022,-0.04371,-0.06571,-0.08771,-0.10971,-0.13171,-0.15442,-0.17712999999999998
6.72,0.043,0.022,0.011,0.0,-0.011,-0.022,-0.043719999999999995,-0.06572,-0.08771999999999999,-0.10972,-0.13172,-0.15444,-0.17715999999999998
6.73,0.043,0.022,0.011,0.0,-0.011,-0.022,-0.04373,-0.06573,-0.08772999999999999,-0.10973,-0.13173,-0.15446,-0.17719
6.74,0.043,0.022,0.011,0.0,-0.011,-0.022,-0.043739999999999994,-0.06574,-0.08774,-0.10974,-0.13174,-0.15448,-0.17722
6.75,0.043,0.022,0.011,0.0,-0.011,-0.022,-0.04375,-0.06575,-0.08775,-0.10975,-0.13175,-0.1545,-0.17725
6.76,0.043,0.022,0.011,0.0,-0.011,-0.022,-0.04376,-0.06576,-0.08775999999999999,-0.10976,-0.13176000000000002,-0.15452,-0.17728
6.7700000000000005,0.043,0.022,0.011,0.0,-0.011,-0.022,-0.043769999999999996,-0.06577000000000001,-0.08777,-0.10977,-0.13177,-0.15454,-0.17731
6.78,0.043,0.022,0.011,0.0,-0.011,-0.022,-0.04378,-0.06578,-0.08778,-0.10978,-0.13178,-0.15456,-0.17734
6.79,0.043,0.022,0.011,0.0,-0.011,-0.022,-0.043789999999999996,-0.06579,-0.08778999999999999,-0.10979,-0.13179000000000002,-0.15458,-0.17737
6.8,0.043,0.022,0.011,0.0,-0.011,-0.022,-0.0438,-0.0658,-0.08779999999999999,-0.1098,-0.1318,-0.1546,-0.1774
6.8100000000000005,0.043,0.022,0.011,0.0,-0.011,-0.022,-0.043809999999999995,-0.06581000000000001,-0.08781,-0.10981,-0.13181,-0.15462,-0.17743
6.82,0.043,0.022,0.011,0.0,-0.011,-0.022,-0.04382,-0.06582,-0.08782,-0.10982,-0.13182,-0.15464,-0.17745999999999998
6.83,0.043,0.022,0.011,0.0,-0.011,-0.022,-0.043829999999999994,-0.06583,-0.08782999999999999,-0.10983,-0.13183,-0.15466,-0.17748999999999998
6.84,0.043,0.022,0.011,0.0,-0.011,-0.022,-0.04384,-0.06584000000000001,-0.08784,-0.10984000000000001,-0.13184,-0.15468,-0.17751999999999998
6.8500000000000005,0.043,0.022,0.011,0.0,-0.011,-0.022,-0.04385,-0.06585,-0.08785,-0.10985,-0.13185,-0.1547,-0.17754999999999999
6.86,0.043,0.022,0.011,0.0,-0.011,-0.022,-0.043859999999999996,-0.06586,-0.08786,-0.10986,-0.13186,-0.15472,-0.17758
6.87,0.043,0.022,0.011,0.0,-0.011,-0.022,-0.04387,-0.06587,-0.08786999999999999,-0.10987,-0.13187000000000001,-0.15474,-0.17761
6.88,0.043,0.022,0.011,0.0,-0.011,-0.022,-0.043879999999999995,-0.06588000000000001,-0.08788,-0.10988,-0.13188,-0.15476,-0.17764
6.890000000000001,0.043,0.022,0.011,0.0,-0.011,-0.022,-0.04389,-0.06589,-0.08789,-0.10989,-0.13189,-0.15478,-0.17767
6.9,0.043,0.022,0.011,0.0,-0.011,-0.022,-0.043899999999999995,-0.0659,-0.08789999999999999,-0.1099,-0.13190000000000002,-0.1548,-0.1777
6.91,0.043,0.022,0.011,0.0,-0.011,-0.022,-0.04391,-0.06591,-0.08790999999999999,-0.10991,-0.13191,-0.15481999999999999,-0.17773
6.92,0.043,0.022,0.011,0.0,-0.011,-0.022,-0.04392,-0.06592,-0.08792,-0.10992,-0.13192,-0.15484,-0.17776
6.93,0.043,0.022,0.011,0.0,-0.011,-0.022,-0.04393,-0.06593,-0.08793,-0.10993,-0.13193000000000002,-0.15486,-0.17779
6.94,0.043,0.022,0.011,0.0,-0.011,-0.022,-0.04394,-0.06594,-0.08793999999999999,-0.10994,-0.13194,-0.15488,-0.17781999999999998
6.95,0.043,0.022,0.011,0.0,-0.011,-0.022,-0.043949999999999996,-0.06595000000000001,-0.08795,-0.10995,-0.13195,-0.1549,-0.17784999999999998
6.96,0.043,0.022,0.011,0.0,-0.011,-0.022,-0.04396,-0.06596,-0.08796,-0.10996,-0.13196,-0.15492,-0.17787999999999998
6.97,0.043,0.022,0.011,0.0,-0.011,-0.022,-0.043969999999999995,-0.06597,-0.08796999999999999,-0.10997,-0.13197,-0.15494,-0.17790999999999998
6.98,0.043,0.022,0.011,0.0,-0.011,-0.022,-0.04398,-0.06598,-0.08797999999999999,-0.10998,-0.13198000000000001,-0.15496,-0.17794
6.99,0.043,0.022,0.011,0.0,-0.011,-0.022,-0.043989999999999994,-0.06599000000000001,-0.08799,-0.10999,-0.13199,-0.15498,-0.17797
7.0,0.043,0.022,0.011,0.0,-0.011,-0.022,-0.044,-0.066,-0.088,-0.11,-0.132,-0.155,-0.178
7.01,0.043,0.02199,0.011,0.0,-0.011,-0.022,-0.044,-0.066,-0.08800999999999999,-0.11002,-0.13203,-0.15503,-0.17804
7.0200000000000005,0.043,0.02198,0.011,0.0,-0.011,-0.022,-0.044,-0.066,-0.08802,-0.11004,-0.13206,-0.15506,-0.17808
7.03,0.043,0.02197,0.011,0.0,-0.011,-0.022,-0.044,-0.066,-0.08803,-0.11006,-0.13209,-0.15509,-0.17812
7.04,0.043,0.02196,0.011,0.0,-0.011,-0.022,-0.044,-0.066,-0.08804,-0.11008,-0.13212000000000002,-0.15512,-0.17815999999999999
7.05,0.043,0.021949999999999997,0.011,0.0,-0.011,-0.022,-0.044,-0.066,-0.08804999999999999,-0.1101,-0.13215000000000002,-0.15515,-0.1782
7.0600000000000005,0.043,0.021939999999999998,0.011,0.0,-0.011,-0.022,-0.044,-0.066,-0.08806,-0.11012,-0.13218000000000002,-0.15518,-0.17823999999999998
7.07,0.043,0.021929999999999998,0.011,0.0,-0.011,-0.022,-0.044,-0.066,-0.08807,-0.11014,-0.13221,-0.15521,-0.17828
7.08,0.043,0.02192,0.011,0.0,-0.011,-0.022,-0.044,-0.066,-0.08807999999999999,-0.11016,-0.13224,-0.15524,-0.17831999999999998
7.09,0.043,0.02191,0.011,0.0,-0.011,-0.022,-0.044,-0.066,-0.08809,-0.11018,-0.13227,-0.15527,-0.17836
7.1000000000000005,0.043,0.0219,0.011,0.0,-0.011,-0.022,-0.044,-0.066,-0.0881,-0.1102,-0.1323,-0.1553,-0.1784
7.11,0.043,0.02189,0.011,0.0,-0.011,-0.022,-0.044,-0.066,-0.08811,-0.11022,-0.13233,-0.15533,-0.17844
7.12,0.043,0.02188,0.011,0.0,-0.011,-0.022,-0.044,-0.066,-0.08811999999999999,-0.11024,-0.13236,-0.15536,-0.17848
7.13,0.043,0.02187,0.011,0.0,-0.011,-0.022,-0.044,-0.066,-0.08813,-0.11026,-0.13239,-0.15539,-0.17851999999999998
7.140000000000001,0.043,0.021859999999999997,0.011,0.0,-0.011,-0.022,-0.044,-0.066,-0.08814,-0.11028,-0.13242,-0.15542,-0.17856
7.15,0.043,0.021849999999999998,0.011,0.0,-0.011,-0.022,-0.044,-0.066,-0.08814999999999999,-0.1103,-0.13245,-0.15545,-0.17859999999999998
7.16,0.043,0.02184,0.011,0.0,-0.011,-0.022,-0.044,-0.066,-0.08815999999999999,-0.11032,-0.13248000000000001,-0.15548,-0.17864
7.17,0.043,0.02183,0.011,0.0,-0.011,-0.022,-0.044,-0.066,-0.08817,-0.11034000000000001,-0.13251000000000002,-0.15551,-0.17868
7.18,0.043,0.02182,0.011,0.0,-0.011,-0.022,-0.044,-0.066,-0.08818,-0.11036,-0.13254000000000002,-0.15554,-0.17872
7.19,0.043,0.02181,0.011,0.0,-0.011,-0.022,-0.044,-0.066,-0.08818999999999999,-0.11038,-0.13257,-0.15556999999999999,-0.17876
7.2,0.043,0.0218,0.011,0.0,-0.011,-0.022,-0.044,-0.066,-0.0882,-0.1104,-0.1326,-0.1556,-0.1788
7.21,0.043,0.02179,0.011,0.0,-0.011,-0.022,-0.044,-0.066,-0.08821,-0.11042,-0.13263,-0.15563,-0.17884
7.22,0.043,0.02178,0.011,0.0,-0.011,-0.022,-0.044,-0.066,-0.08821999999999999,-0.11044,-0.13266,-0.15566,-0.17887999999999998
7.23,0.043,0.021769999999999998,0.011,0.0,-0.011,-0.022,-0.044,-0.066,-0.08822999999999999,-0.11046,-0.13269,-0.15569,-0.17892
7.24,0.043,0.021759999999999998,0.011,0.0,-0.011,-0.022,-0.044,-0.066,-0.08824,-0.11048,-0.13272,-0.15572,-0.17895999999999998
7.25,0.043,0.02175,0.011,0.0,-0.011,-0.022,-0.044,-0.066,-0.08825,-0.1105,-0.13275,-0.15575,-0.179
7.26,0.043,0.02174,0.011,0.0,-0.011,-0.022,-0.044,-0.066,-0.08825999999999999,-0.11052000000000001,-0.13278,-0.15578,-0.17904
7.2700000000000005,0.043,0.02173,0.011,0.0,-0.011,-0.022,-0.044,-0.066,-0.08827,-0.11054,-0.13281,-0.15581,-0.17908
7.28,0.043,0.02172,0.011,0.0,-0.011,-0.022,-0.044,-0.066,-0.08828,-0.11056,-0.13284,-0.15584,-0.17912
7.29,0.043,0.02171,0.011,0.0,-0.011,-0.022,-0.044,-0.066,-0.08829,-0.11058,-0.13287000000000002,-0.15587,-0.17915999999999999
7.3,0.043,0.0217,0.011,0.0,-0.011,-0.022,-0.044,-0.066,-0.08829999999999999,-0.1106,-0.13290000000000002,-0.1559,-0.1792
7.3100000000000005,0.043,0.02169,0.011,0.0,-0.011,-0.022,-0.044,-0.066,-0.08831,-0.11062,-0.13293000000000002,-0.15593,-0.17923999999999998
7.32,0.043,0.021679999999999998,0.011,0.0,-0.011,-0.022,-0.044,-0.066,-0.08832,-0.11064,-0.13296,-0.15596,-0.17928
7.33,0.043,0.02167,0.011,0.0,-0.011,-0.022,-0.044,-0.066,-0.08832999999999999,-0.11066,-0.13299,-0.15599,-0.17931999999999998
7.34,0.043,0.02166,0.011,0.0,-0.011,-0.022,-0.044,-0.066,-0.08834,-0.11068,-0.13302,-0.15602,-0.17936
7.3500000000000005,0.043,0.02165,0.011,0.0,-0.011,-0.022,-0.044,-0.066,-0.08835,-0.1107,-0.13305,-0.15605,-0.1794
7.36,0.043,0.02164,0.011,0.0,-0.011,-0.022,-0.044,-0.066,-0.08836,-0.11072,-0.13308,-0.15608,-0.17944
7.37,0.043,0.02163,0.011,0.0,-0.011,-0.022,-0.044,-0.066,-0.08836999999999999,-0.11074,-0.13311,-0.15611,-0.17948
7.38,0.043,0.02162,0.011,0.0,-0.011,-0.022,-0.044,-0.066,-0.08838,-0.11076,-0.13314,-0.15614,-0.17951999999999999
7.390000000000001,0.043,0.02161,0.011,0.0,-0.011,-0.022,-0.044,-0.066,-0.08839,-0.11078,-0.13317,-0.15617,-0.17956
7.4,0.043,0.0216,0.011,0.0,-0.011,-0.022,-0.044,-0.066,-0.08839999999999999,-0.1108,-0.1332,-0.1562,-0.17959999999999998
7.41,0.043,0.021589999999999998,0.011,0.0,-0.011,-0.022,-0.044,-0.066,-0.08840999999999999,-0.11082,-0.13323000000000002,-0.15623,-0.17964
7.42,0.043,0.02158,0.011,0.0,-0.011,-0.022,-0.044,-0.066,-0.08842,-0.11084000000000001,-0.13326000000000002,-0.15626,-0.17968
7.43,0.043,0.02157,0.011,0.0,-0.011,-0.022,-0.044,-0.066,-0.08843,-0.11086,-0.13329000000000002,-0.15629,-0.17972
7.44,0.043,0.02156,0.011,0.0,-0.011,-0.022,-0.044,-0.066,-0.08843999999999999,-0.11088,-0.13332,-0.15632,-0.17976
7.45,0.043,0.02155,0.011,0.0,-0.011,-0.022,-0.044,-0.066,-0.08845,-0.1109,-0.13335,-0.15635,-0.1798
7.46,0.043,0.02154,0.011,0.0,-0.011,-0.022,-0.044,-0.066,-0.08846,-0.11092,-0.13338,-0.15638,-0.17984
7.47,0.043,0.02153,0.011,0.0,-0.011,-0.022,-0.044,-0.066,-0.08847,-0.11094,-0.13341,-0.15641,-0.17987999999999998
7.48,0.043,0.02152,0.011,0.0,-0.011,-0.022,-0.044,-0.066,-0.08847999999999999,-0.11096,-0.13344,-0.15644,-0.17992
7.49,0.043,0.02151,0.011,0.0,-0.011,-0.022,-0.044,-0.066,-0.08849,-0.11098,-0.13347,-0.15647,-0.17995999999999998
7.5,0.043,0.0215,0.011,0.0,-0.011,-0.022,-0.044,-0.066,-0.0885,-0.111,-0.1335,-0.1565,-0.18
7.51,0.043,0.02149,0.011,0.0,-0.011,-0.022,-0.044,-0.066,-0.08850999999999999,-0.11102000000000001,-0.13353,-0.15653,-0.18004
7.5200000000000005,0.043,0.02148,0.011,0.0,-0.011,-0.022,-0.044,-0.066,-0.08852,-0.11104,-0.13356,-0.15656,-0.18008
7.53,0.043,0.02147,0.011,0.0,-0.011,-0.022,-0.044,-0.066,-0.08853,-0.11106,-0.13359000000000001,-0.15659,-0.18012
7.54,0.043,0.02146,0.011,0.0,-0.011,-0.022,-0.044,-0.066,-0.08854,-0.11108,-0.13362000000000002,-0.15662,-0.18016
7.55,0.043,0.02145,0.011,0.0,-0.011,-0.022,-0.044,-0.066,-0.08854999999999999,-0.1111,-0.13365000000000002,-0.15665,-0.1802
7.5600000000000005,0.043,0.02144,0.011,0.0,-0.011,-0.022,-0.044,-0.066,-0.08856,-0.11112,-0.13368000000000002,-0.15668,-0.18023999999999998
7.57,0.043,0.02143,0.011,0.0,-0.011,-0.022,-0.044,-0.066,-0.08857,-0.11114,-0.13371,-0.15671,-0.18028
7.58,0.043,0.02142,0.011,0.0,-0.011,-0.022,-0.044,-0.066,-0.08857999999999999,-0.11116,-0.13374,-0.15674,-0.18031999999999998
7.59,0.043,0.021410000000000002,0.011,0.0,-0.011,-0.022,-0.044,-0.066,-0.08859,-0.11118,-0.13377,-0.15677,-0.18036
7.6000000000000005,0.043,0.0214,0.011,0.0,-0.011,-0.022,-0.044,-0.066,-0.0886,-0.11120000000000001,-0.1338,-0.1568,-0.1804
7.61,0.043,0.02139,0.011,0.0,-0.011,-0.022,-0.044,-0.066,-0.08861,-0.11122,-0.13383,-0.15683,-0.18044
7.62,0.043,0.02138,0.011,0.0,-0.011,-0.022,-0.044,-0.066,-0.08861999999999999,-0.11124,-0.13386,-0.15686,-0.18048
7.63,0.043,0.02137,0.011,0.0,-0.011,-0.022,-0.044,-0.066,-0.08863,-0.11126,-0.13389,-0.15689,-0.18051999999999999
7.640000000000001,0.043,0.02136,0.011,0.0,-0.011,-0.022,-0.044,-0.066,-0.08864,-0.11128,-0.13392,-0.15692,-0.18056
7.65,0.043,0.02135,0.011,0.0,-0.011,-0.022,-0.044,-0.066,-0.08864999999999999,-0.1113,-0.13395,-0.15695,-0.18059999999999998
7.66,0.043,0.02134,0.011,0.0,-0.011,-0.022,-0.044,-0.066,-0.08865999999999999,-0.11132,-0.13398000000000002,-0.15698,-0.18064
7.67,0.043,0.021330000000000002,0.011,0.0,-0.011,-0.022,-0.044,-0.066,-0.08867,-0.11134000000000001,-0.13401000000000002,-0.15701,-0.18068
7.68,0.043,0.021320000000000002,0.011,0.0,-0.011,-0.022,-0.044,-0.066,-0.08868,-0.11136,-0.13404000000000002,-0.15704,-0.18072
7.69,0.043,0.02131,0.011,0.0,-0.011,-0.022,-0.044,-0.066,-0.08868999999999999,-0.11138,-0.13407,-0.15707,-0.18076
7.7,0.043,0.0213,0.011,0.0,-0.011,-0.022,-0.044,-0.066,-0.0887,-0.1114,-0.1341,-0.1571,-0.1808
7.71,0.043,0.02129,0.011,0.0,-0.011,-0.022,-0.044,-0.066,-0.08871,-0.11142,-0.13413,-0.15713,-0.18084
7.72,0.043,0.02128,0.011,0.0,-0.011,-0.022,-0.044,-0.066,-0.08872,-0.11144,-0.13416,-0.15716,-0.18087999999999999
7.73,0.043,0.02127,0.011,0.0,-0.011,-0.022,-0.044,-0.066,-0.08872999999999999,-0.11146,-0.13419,-0.15719,-0.18092
7.74,0.043,0.02126,0.011,0.0,-0.011,-0.022,-0.044,-0.066,-0.08874,-0.11148,-0.13422,-0.15722,-0.18095999999999998
7.75,0.043,0.02125,0.011,0.0,-0.011,-0.022,-0.044,-0.066,-0.08875,-0.1115,-0.13425,-0.15725,-0.181
7.76,0.043,0.021240000000000002,0.011,0.0,-0.011,-0.022,-0.044,-0.066,-0.08875999999999999,-0.11152000000000001,-0.13428,-0.15728,-0.18104
7.7700000000000005,0.043,0.021230000000000002,0.011,0.0,-0.011,-0.022,-0.044,-0.066,-0.08877,-0.11154,-0.13431,-0.15731,-0.18108
7.78,0.043,0.02122,0.011,0.0,-0.011,-0.022,-0.044,-0.066,-0.08878,-0.11156,-0.13434000000000001,-0.15734,-0.18112
7.79,0.043,0.02121,0.011,0.0,-0.011,-0.022,-0.044,-0.066,-0.08879,-0.11158,-0.13437000000000002,-0.15737,-0.18116
7.8,0.043,0.0212,0.011,0.0,-0.011,-0.022,-0.044,-0.066,-0.08879999999999999,-0.1116,-0.13440000000000002,-0.1574,-0.1812
7.8100000000000005,0.043,0.02119,0.011,0.0,-0.011,-0.022,-0.044,-0.066,-0.08881,-0.11162,-0.13443000000000002,-0.15743000000000001,-0.18123999999999998
7.82,0.043,0.02118,0.011,0.0,-0.011,-0.022,-0.044,-0.066,-0.08882,-0.11164,-0.13446,-0.15746,-0.18128
7.83,0.043,0.02117,0.011,0.0,-0.011,-0.022,-0.044,-0.066,-0.08882999999999999,-0.11166,-0.13449,-0.15749,-0.18131999999999998
7.84,0.043,0.02116,0.011,0.0,-0.011,-0.022,-0.044,-0.066,-0.08884,-0.11168,-0.13452,-0.15752,-0.18136
7.8500000000000005,0.043,0.021150000000000002,0.011,0.0,-0.011,-0.022,-0.044,-0.066,-0.08885,-0.11170000000000001,-0.13455,-0.15755,-0.1814
7.86,0.043,0.021140000000000003,0.011,0.0,-0.011,-0.022,-0.044,-0.066,-0.08886,-0.11172,-0.13458,-0.15758,-0.18144
7.87,0.043,0.02113,0.011,0.0,-0.011,-0.022,-0.044,-0.066,-0.08886999999999999,-0.11174,-0.13461,-0.15761,-0.18148
7.88,0.043,0.02112,0.011,0.0,-0.011,-0.022,-0.044,-0.066,-0.08888,-0.11176,-0.13464,-0.15764,-0.18152
7.890000000000001,0.043,0.02111,0.011,0.0,-0.011,-0.022,-0.044,-0.066,-0.08889,-0.11178,-0.13467,-0.15767,-0.18156
7.9,0.043,0.0211,0.011,0.0,-0.011,-0.022,-0.044,-0.066,-0.08889999999999999,-0.1118,-0.13470000000000001,-0.1577,-0.18159999999999998
7.91,0.043,0.02109,0.011,0.0,-0.011,-0.022,-0.044,-0.066,-0.08890999999999999,-0.11182,-0.13473000000000002,-0.15773,-0.18164
7.92,0.043,0.02108,0.011,0.0,-0.011,-0.022,-0.044,-0.066,-0.08892,-0.11184000000000001,-0.13476000000000002,-0.15776,-0.18168
7.930000000000001,0.043,0.021070000000000002,0.011,0.0,-0.011,-0.022,-0.044,-0.066,-0.08893,-0.11186,-0.13479000000000002,-0.15779,-0.18172
7.94,0.043,0.021060000000000002,0.011,0.0,-0.011,-0.022,-0.044,-0.066,-0.08893999999999999,-0.11188000000000001,-0.13482,-0.15782,-0.18176
7.95,0.043,0.021050000000000003,0.011,0.0,-0.011,-0.022,-0.044,-0.066,-0.08895,-0.1119,-0.13485,-0.15785,-0.1818
7.96,0.043,0.02104,0.011,0.0,-0.011,-0.022,-0.044,-0.066,-0.08896,-0.11192,-0.13488,-0.15788,-0.18184
7.97,0.043,0.02103,0.011,0.0,-0.011,-0.022,-0.044,-0.066,-0.08897,-0.11194,-0.13491,-0.15791,-0.18188
7.98,0.043,0.02102,0.011,0.0,-0.011,-0.022,-0.044,-0.066,-0.08897999999999999,-0.11196,-0.13494,-0.15794,-0.18192
7.99,0.043,0.02101,0.011,0.0,-0.011,-0.022,-0.044,-0.066,-0.08899,-0.11198,-0.13497,-0.15797,-0.18195999999999998
8.0,0.043,0.021,0.011,0.0,-0.011,-0.022,-0.044,-0.066,-0.089,-0.112,-0.135,-0.158,-0.182
8.01,0.042989999999999993,0.021,0.011,0.0,-0.011,-0.022,-0.044,-0.06601,-0.08902,-0.11203,-0.13504000000000002,-0.15806,-0.18206999999999998
8.02,0.04298,0.021,0.011,0.0,-0.011,-0.022,-0.044,-0.06602000000000001,-0.08904,-0.11206,-0.13508,-0.15812,-0.18214
8.03,0.042969999999999994,0.021,0.011,0.0,-0.011,-0.022,-0.044,-0.06603,-0.08906,-0.11209000000000001,-0.13512000000000002,-0.15818000000000002,-0.18220999999999998
8.040000000000001,0.04296,0.021,0.011,0.0,-0.011,-0.022,-0.044,-0.06604,-0.08907999999999999,-0.11212,-0.13516,-0.15824,-0.18228
8.05,0.042949999999999995,0.021,0.011,0.0,-0.011,-0.022,-0.044,-0.06605,-0.0891,-0.11215,-0.13520000000000001,-0.1583,-0.18234999999999998
8.06,0.04294,0.021,0.011,0.0,-0.011,-0.022,-0.044,-0.06606000000000001,-0.08911999999999999,-0.11218,-0.13524,-0.15836,-0.18242
8.07,0.042929999999999996,0.021,0.011,0.0,-0.011,-0.022,-0.044,-0.06607,-0.08914,-0.11221,-0.13528,-0.15842,-0.18248999999999999
8.08,0.04292,0.021,0.011,0.0,-0.011,-0.022,-0.044,-0.06608,-0.08915999999999999,-0.11224,-0.13532,-0.15848,-0.18256
8.09,0.04291,0.021,0.011,0.0,-0.011,-0.022,-0.044,-0.06609000000000001,-0.08918,-0.11227000000000001,-0.13536,-0.15854000000000001,-0.18263
8.1,0.042899999999999994,0.021,0.011,0.0,-0.011,-0.022,-0.044,-0.0661,-0.0892,-0.1123,-0.13540000000000002,-0.1586,-0.1827
8.11,0.04289,0.021,0.011,0.0,-0.011,-0.022,-0.044,-0.06611,-0.08922,-0.11233,-0.13544,-0.15866,-0.18277
8.120000000000001,0.042879999999999995,0.021,0.011,0.0,-0.011,-0.022,-0.044,-0.06612,-0.08924,-0.11236,-0.13548000000000002,-0.15872,-0.18284
8.13,0.04287,0.021,0.011,0.0,-0.011,-0.022,-0.044,-0.06613000000000001,-0.08925999999999999,-0.11239,-0.13552,-0.15878,-0.18291
8.14,0.042859999999999995,0.021,0.011,0.0,-0.011,-0.022,-0.044,-0.06614,-0.08928,-0.11242,-0.13556,-0.15884,-0.18298
8.15,0.04285,0.021,0.011,0.0,-0.011,-0.022,-0.044,-0.06615,-0.08929999999999999,-0.11245000000000001,-0.1356,-0.1589,-0.18305
8.16,0.042839999999999996,0.021,0.011,0.0,-0.011,-0.022,-0.044,-0.06616,-0.08932,-0.11248,-0.13564,-0.15896,-0.18312
8.17,0.04283,0.021,0.011,0.0,-0.011,-0.022,-0.044,-0.06617,-0.08934,-0.11251,-0.13568000000000002,-0.15902,-0.18319
8.18,0.04282,0.021,0.011,0.0,-0.011,-0.022,-0.044,-0.06618,-0.08936,-0.11254,-0.13572,-0.15908,-0.18326
8.19,0.04281,0.021,0.011,0.0,-0.011,-0.022,-0.044,-0.06619,-0.08938,-0.11257,-0.13576000000000002,-0.15914,-0.18333
8.2,0.0428,0.021,0.011,0.0,-0.011,-0.022,-0.044,-0.06620000000000001,-0.0894,-0.1126,-0.1358,-0.1592,-0.1834
8.21,0.042789999999999995,0.021,0.011,0.0,-0.011,-0.022,-0.044,-0.06621,-0.08942,-0.11263000000000001,-0.13584000000000002,-0.15926,-0.18347
8.22,0.04278,0.021,0.011,0.0,-0.011,-0.022,-0.044,-0.06622,-0.08943999999999999,-0.11266,-0.13588,-0.15932,-0.18354
8.23,0.042769999999999996,0.021,0.011,0.0,-0.011,-0.022,-0.044,-0.06623,-0.08946,-0.11269,-0.13592,-0.15938,-0.18361
8.24,0.04276,0.021,0.011,0.0,-0.011,-0.022,-0.044,-0.06624000000000001,-0.08947999999999999,-0.11272,-0.13596,-0.15944,-0.18368
8.25,0.042749999999999996,0.021,0.011,0.0,-0.011,-0.022,-0.044,-0.06625,-0.0895,-0.11275,-0.136,-0.1595,-0.18375
8.26,0.04274,0.021,0.011,0.0,-0.011,-0.022,-0.044,-0.06626,-0.08952,-0.11278,-0.13604000000000002,-0.15956,-0.18381999999999998
8.27,0.04273,0.021,0.011,0.0,-0.011,-0.022,-0.044,-0.06627000000000001,-0.08954,-0.11281000000000001,-0.13608,-0.15962,-0.18389
8.28,0.04272,0.021,0.011,0.0,-0.011,-0.022,-0.044,-0.06628,-0.08956,-0.11284000000000001,-0.13612000000000002,-0.15968000000000002,-0.18395999999999998
8.290000000000001,0.04271,0.021,0.011,0.0,-0.011,-0.022,-0.044,-0.06629,-0.08957999999999999,-0.11287,-0.13616,-0.15974,-0.18403
8.3,0.0427,0.021,0.011,0.0,-0.011,-0.022,-0.044,-0.0663,-0.0896,-0.1129,-0.13620000000000002,-0.1598,-0.18409999999999999
8.31,0.04269,0.021,0.011,0.0,-0.011,-0.022,-0.044,-0.06631000000000001,-0.08961999999999999,-0.11293,-0.13624,-0.15986,-0.18417
8.32,0.042679999999999996,0.021,0.011,0.0,-0.011,-0.022,-0.044,-0.06632,-0.08964,-0.11296,-0.13628,-0.15992,-0.18424
8.33,0.04267,0.021,0.011,0.0,-0.011,-0.022,-0.044,-0.06633,-0.08965999999999999,-0.11299000000000001,-0.13632,-0.15998,-0.18431
8.34,0.04266,0.021,0.011,0.0,-0.011,-0.022,-0.044,-0.06634000000000001,-0.08968,-0.11302000000000001,-0.13636,-0.16004000000000002,-0.18438
8.35,0.04265,0.021,0.011,0.0,-0.011,-0.022,-0.044,-0.06635,-0.0897,-0.11305,-0.13640000000000002,-0.1601,-0.18445
8.36,0.04264,0.021,0.011,0.0,-0.011,-0.022,-0.044,-0.06636,-0.08972,-0.11308,-0.13644,-0.16016,-0.18452
8.370000000000001,0.04263,0.021,0.011,0.0,-0.011,-0.022,-0.044,-0.06637,-0.08974,-0.11311,-0.13648000000000002,-0.16022,-0.18459
8.38,0.04262,0.021,0.011,0.0,-0.011,-0.022,-0.044,-0.06638000000000001,-0.08975999999999999,-0.11314,-0.13652,-0.16028,-0.18466
8.39,0.04261,0.021,0.011,0.0,-0.011,-0.022,-0.044,-0.06639,-0.08978,-0.11317,-0.13656000000000001,-0.16034,-0.18473
8.4,0.0426,0.021,0.011,0.0,-0.011,-0.022,-0.044,-0.0664,-0.08979999999999999,-0.11320000000000001,-0.1366,-0.16040000000000001,-0.1848
8.41,0.042589999999999996,0.021,0.011,0.0,-0.011,-0.022,-0.044,-0.06641,-0.08982,-0.11323,-0.13664,-0.16046,-0.18487
8.42,0.04258,0.021,0.011,0.0,-0.011,-0.022,-0.044,-0.06642,-0.08984,-0.11326,-0.13668000000000002,-0.16052,-0.18494
8.43,0.04257,0.021,0.011,0.0,-0.011,-0.022,-0.044,-0.06643,-0.08986,-0.11329,-0.13672,-0.16058,-0.18501
8.44,0.04256,0.021,0.011,0.0,-0.011,-0.022,-0.044,-0.06644,-0.08988,-0.11332,-0.13676000000000002,-0.16064,-0.18508
8.45,0.04255,0.021,0.011,0.0,-0.011,-0.022,-0.044,-0.06645000000000001,-0.0899,-0.11335,-0.1368,-0.1607,-0.18515
8.46,0.04254,0.021,0.011,0.0,-0.011,-0.022,-0.044,-0.06646,-0.08992,-0.11338000000000001,-0.13684000000000002,-0.16076000000000001,-0.18522
8.47,0.04253,0.021,0.011,0.0,-0.011,-0.022,-0.044,-0.06647,-0.08993999999999999,-0.11341,-0.13688,-0.16082,-0.18529
8.48,0.04252,0.021,0.011,0.0,-0.011,-0.022,-0.044,-0.06648,-0.08996,-0.11344,-0.13692000000000001,-0.16088,-0.18536
8.49,0.04251,0.021,0.011,0.0,-0.011,-0.022,-0.044,-0.06649000000000001,-0.08997999999999999,-0.11347,-0.13696,-0.16094,-0.18543
8.5,0.042499999999999996,0.021,0.011,0.0,-0.011,-0.022,-0.044,-0.0665,-0.09,-0.1135,-0.137,-0.161,-0.1855
8.51,0.04249,0.021,0.011,0.0,-0.011,-0.022,-0.044,-0.06651,-0.09002,-0.11353,-0.13704000000000002,-0.16106,-0.18556999999999998
8.52,0.04248,0.021,0.011,0.0,-0.011,-0.022,-0.044,-0.06652000000000001,-0.09004,-0.11356000000000001,-0.13708,-0.16112,-0.18564
8.53,0.04247,0.021,0.011,0.0,-0.011,-0.022,-0.044,-0.06653,-0.09006,-0.11359000000000001,-0.13712000000000002,-0.16118000000000002,-0.18571
8.540000000000001,0.04246,0.021,0.011,0.0,-0.011,-0.022,-0.044,-0.06654,-0.09008,-0.11362,-0.13716,-0.16124,-0.18578
8.55,0.04245,0.021,0.011,0.0,-0.011,-0.022,-0.044,-0.06655,-0.0901,-0.11365,-0.13720000000000002,-0.1613,-0.18585
8.56,0.04244,0.021,0.011,0.0,-0.011,-0.022,-0.044,-0.06656000000000001,-0.09011999999999999,-0.11368,-0.13724,-0.16136,-0.18592
8.57,0.04243,0.021,0.011,0.0,-0.011,-0.022,-0.044,-0.06657,-0.09014,-0.11371,-0.13728,-0.16142,-0.18599
8.58,0.04242,0.021,0.011,0.0,-0.011,-0.022,-0.044,-0.06658,-0.09015999999999999,-0.11374000000000001,-0.13732,-0.16148,-0.18606
8.59,0.04241,0.021,0.011,0.0,-0.011,-0.022,-0.044,-0.06659000000000001,-0.09018,-0.11377000000000001,-0.13736,-0.16154000000000002,-0.18613
8.6,0.0424,0.021,0.011,0.0,-0.011,-0.022,-0.044,-0.0666,-0.0902,-0.1138,-0.13740000000000002,-0.1616,-0.1862
8.61,0.04239,0.021,0.011,0.0,-0.011,-0.022,-0.044,-0.06661,-0.09022,-0.11383,-0.13744,-0.16166,-0.18627
8.620000000000001,0.04238,0.021,0.011,0.0,-0.011,-0.022,-0.044,-0.06662,-0.09024,-0.11386,-0.13748000000000002,-0.16172,-0.18634
8.63,0.04237,0.021,0.011,0.0,-0.011,-0.022,-0.044,-0.06663000000000001,-0.09025999999999999,-0.11389,-0.13752,-0.16178,-0.18641
8.64,0.04236,0.021,0.011,0.0,-0.011,-0.022,-0.044,-0.06664,-0.09028,-0.11392000000000001,-0.13756000000000002,-0.16184,-0.18648
8.65,0.04235,0.021,0.011,0.0,-0.011,-0.022,-0.044,-0.06665,-0.09029999999999999,-0.11395000000000001,-0.1376,-0.16190000000000002,-0.18655
8.66,0.04234,0.021,0.011,0.0,-0.011,-0.022,-0.044,-0.06666,-0.09032,-0.11398,-0.13764,-0.16196,-0.18662
8.67,0.04233,0.021,0.011,0.0,-0.011,-0.022,-0.044,-0.06667000000000001,-0.09034,-0.11401,-0.13768000000000002,-0.16202,-0.18669
8.68,0.04232,0.021,0.011,0.0,-0.011,-0.022,-0.044,-0.06668,-0.09036,-0.11404,-0.13772,-0.16208,-0.18676
8.69,0.04231,0.021,0.011,0.0,-0.011,-0.022,-0.044,-0.06669,-0.09038,-0.11407,-0.13776000000000002,-0.16214,-0.18683
8.700000000000001,0.042300000000000004,0.021,0.011,0.0,-0.011,-0.022,-0.044,-0.06670000000000001,-0.0904,-0.11410000000000001,-0.1378,-0.1622,-0.1869
8.71,0.04229,0.021,0.011,0.0,-0.011,-0.022,-0.044,-0.06671,-0.09042,-0.11413000000000001,-0.13784000000000002,-0.16226000000000002,-0.18697
8.72,0.04228,0.021,0.011,0.0,-0.011,-0.022,-0.044,-0.06672,-0.09043999999999999,-0.11416000000000001,-0.13788,-0.16232000000000002,-0.18704
8.73,0.04227,0.021,0.011,0.0,-0.011,-0.022,-0.044,-0.06673,-0.09046,-0.11419,-0.13792000000000001,-0.16238,-0.18711
8.74,0.04226,0.021,0.011,0.0,-0.011,-0.022,-0.044,-0.06674000000000001,-0.09047999999999999,-0.11422,-0.13796,-0.16244,-0.18718
8.75,0.04225,0.021,0.011,0.0,-0.011,-0.022,-0.044,-0.06675,-0.0905,-0.11425,-0.138,-0.1625,-0.18725
8.76,0.04224,0.021,0.011,0.0,-0.011,-0.022,-0.044,-0.06676,-0.09052,-0.11428,-0.13804000000000002,-0.16256,-0.18732
8.77,0.042230000000000004,0.021,0.011,0.0,-0.011,-0.022,-0.044,-0.06677000000000001,-0.09054,-0.11431000000000001,-0.13808,-0.16262000000000001,-0.18739
8.78,0.04222,0.021,0.011,0.0,-0.011,-0.022,-0.044,-0.06678,-0.09056,-0.11434000000000001,-0.13812000000000002,-0.16268000000000002,-0.18746
8.790000000000001,0.042210000000000004,0.021,0.011,0.0,-0.011,-0.022,-0.044,-0.06679,-0.09058,-0.11437,-0.13816,-0.16274,-0.18753
8.8,0.0422,0.021,0.011,0.0,-0.011,-0.022,-0.044,-0.0668,-0.0906,-0.1144,-0.13820000000000002,-0.1628,-0.1876
8.81,0.04219,0.021,0.011,0.0,-0.011,-0.022,-0.044,-0.06681000000000001,-0.09061999999999999,-0.11443,-0.13824,-0.16286,-0.18767
8.82,0.04218,0.021,0.011,0.0,-0.011,-0.022,-0.044,-0.06682,-0.09064,-0.11446,-0.13828000000000001,-0.16292,-0.18774
8.83,0.04217,0.021,0.011,0.0,-0.011,-0.022,-0.044,-0.06683,-0.09065999999999999,-0.11449000000000001,-0.13832,-0.16298,-0.18781
8.84,0.04216,0.021,0.011,0.0,-0.011,-0.022,-0.044,-0.06684000000000001,-0.09068,-0.11452000000000001,-0.13836,-0.16304000000000002,-0.18788
8.85,0.04215,0.021,0.011,0.0,-0.011,-0.022,-0.044,-0.06685,-0.0907,-0.11455,-0.13840000000000002,-0.1631,-0.18795
8.86,0.042140000000000004,0.021,0.011,0.0,-0.011,-0.022,-0.044,-0.06686,-0.09072,-0.11458,-0.13844,-0.16316,-0.18802
8.870000000000001,0.04213,0.021,0.011,0.0,-0.011,-0.022,-0.044,-0.06687,-0.09074,-0.11461,-0.13848000000000002,-0.16322,-0.18809
8.88,0.042120000000000005,0.021,0.011,0.0,-0.011,-0.022,-0.044,-0.06688000000000001,-0.09076,-0.11464,-0.13852,-0.16328,-0.18816
8.89,0.04211,0.021,0.011,0.0,-0.011,-0.022,-0.044,-0.06689,-0.09078,-0.11467000000000001,-0.13856000000000002,-0.16334,-0.18823
8.9,0.0421,0.021,0.011,0.0,-0.011,-0.022,-0.044,-0.0669,-0.09079999999999999,-0.11470000000000001,-0.1386,-0.16340000000000002,-0.1883
8.91,0.04209,0.021,0.011,0.0,-0.011,-0.022,-0.044,-0.06691,-0.09082,-0.11473,-0.13864,-0.16346,-0.18837
8.92,0.04208,0.021,0.011,0.0,-0.011,-0.022,-0.044,-0.06692000000000001,-0.09084,-0.11476,-0.13868000000000003,-0.16352,-0.18844
8.93,0.04207,0.021,0.011,0.0,-0.011,-0.022,-0.044,-0.06693,-0.09086,-0.11479,-0.13872,-0.16358,-0.18851
8.94,0.04206,0.021,0.011,0.0,-0.011,-0.022,-0.044,-0.06694,-0.09088,-0.11482,-0.13876000000000002,-0.16364,-0.18858
8.950000000000001,0.042050000000000004,0.021,0.011,0.0,-0.011,-0.022,-0.044,-0.06695000000000001,-0.0909,-0.11485000000000001,-0.1388,-0.1637,-0.18865
8.96,0.04204,0.021,0.011,0.0,-0.011,-0.022,-0.044,-0.06696,-0.09092,-0.11488000000000001,-0.13884000000000002,-0.16376000000000002,-0.18872
8.97,0.042030000000000005,0.021,0.011,0.0,-0.011,-0.022,-0.044,-0.06697,-0.09094,-0.11491000000000001,-0.13888,-0.16382000000000002,-0.18879
8.98,0.04202,0.021,0.011,0.0,-0.011,-0.022,-0.044,-0.06698,-0.09096,-0.11494,-0.13892000000000002,-0.16388,-0.18886
8.99,0.042010000000000006,0.021,0.011,0.0,-0.011,-0.022,-0.044,-0.06699000000000001,-0.09097999999999999,-0.11497,-0.13896,-0.16394,-0.18893000000000001
9.0,0.042,0.021,0.011,0.0,-0.011,-0.022,-0.044,-0.067,-0.091,-0.115,-0.139,-0.164,-0.189
9.01,0.041940000000000005,0.02099,0.011,0.0,-0.011,-0.02201,-0.044039999999999996,-0.06708,-0.09111999999999999,-0.11517000000000001,-0.13923000000000002,-0.16428,-0.18934
9.02,0.04188,0.020980000000000002,0.011,0.0,-0.011,-0.022019999999999998,-0.044079999999999994,-0.06716,-0.09124,-0.11534,-0.13946,-0.16456,-0.18968000000000002
9.03,0.04182,0.020970000000000003,0.011,0.0,-0.011,-0.022029999999999998,-0.04412,-0.06724000000000001,-0.09136,-0.11551,-0.13969,-0.16484000000000001,-0.19002
9.040000000000001,0.041760000000000005,0.020960000000000003,0.011,0.0,-0.011,-0.022039999999999997,-0.04416,-0.06732,-0.09147999999999999,-0.11568,-0.13992000000000002,-0.16512000000000002,-0.19036
9.05,0.0417,0.02095,0.011,0.0,-0.011,-0.02205,-0.044199999999999996,-0.0674,-0.0916,-0.11585000000000001,-0.14015000000000002,-0.16540000000000002,-0.1907
9.06,0.04164,0.02094,0.011,0.0,-0.011,-0.02206,-0.044239999999999995,-0.06748,-0.09172,-0.11602000000000001,-0.14038,-0.16568,-0.19104
9.07,0.04158,0.02093,0.011,0.0,-0.011,-0.02207,-0.04428,-0.06756000000000001,-0.09183999999999999,-0.11619,-0.14061,-0.16596,-0.19138
9.08,0.04152,0.02092,0.011,0.0,-0.011,-0.02208,-0.04432,-0.06764,-0.09196,-0.11636,-0.14084000000000002,-0.16624,-0.19172
9.09,0.041460000000000004,0.02091,0.011,0.0,-0.011,-0.02209,-0.04436,-0.06772,-0.09208,-0.11653000000000001,-0.14107,-0.16652,-0.19206
9.1,0.0414,0.020900000000000002,0.011,0.0,-0.011,-0.022099999999999998,-0.044399999999999995,-0.0678,-0.0922,-0.1167,-0.1413,-0.1668,-0.19240000000000002
9.11,0.04134,0.020890000000000002,0.011,0.0,-0.011,-0.022109999999999998,-0.04444,-0.06788000000000001,-0.09232,-0.11687,-0.14153000000000002,-0.16708,-0.19274
9.120000000000001,0.041280000000000004,0.020880000000000003,0.011,0.0,-0.011,-0.022119999999999997,-0.04448,-0.06796,-0.09244,-0.11704,-0.14176000000000002,-0.16736,-0.19308
9.13,0.04122,0.02087,0.011,0.0,-0.011,-0.02213,-0.04452,-0.06804,-0.09256,-0.11721000000000001,-0.14199,-0.16764,-0.19342
9.14,0.04116,0.02086,0.011,0.0,-0.011,-0.02214,-0.044559999999999995,-0.06812,-0.09268,-0.11738000000000001,-0.14222,-0.16792,-0.19376
9.15,0.041100000000000005,0.02085,0.011,0.0,-0.011,-0.02215,-0.0446,-0.0682,-0.0928,-0.11755,-0.14245000000000002,-0.16820000000000002,-0.1941
9.16,0.04104,0.02084,0.011,0.0,-0.011,-0.02216,-0.04464,-0.06828000000000001,-0.09292,-0.11772,-0.14268,-0.16848000000000002,-0.19444
9.17,0.04098,0.02083,0.011,0.0,-0.011,-0.02217,-0.04468,-0.06836,-0.09304,-0.11789000000000001,-0.14291,-0.16876,-0.19478
9.18,0.04092,0.02082,0.011,0.0,-0.011,-0.02218,-0.044719999999999996,-0.06844,-0.09315999999999999,-0.11806,-0.14314000000000002,-0.16904,-0.19512000000000002
9.19,0.04086,0.020810000000000002,0.011,0.0,-0.011,-0.022189999999999998,-0.04476,-0.06852,-0.09328,-0.11823,-0.14337,-0.16932,-0.19546
9.200000000000001,0.0408,0.020800000000000003,0.011,0.0,-0.011,-0.022199999999999998,-0.0448,-0.06860000000000001,-0.0934,-0.1184,-0.1436,-0.1696,-0.1958
9.21,0.04074,0.02079,0.011,0.0,-0.011,-0.02221,-0.04484,-0.06868,-0.09351999999999999,-0.11857000000000001,-0.14383,-0.16988,-0.19614
9.22,0.04068,0.02078,0.011,0.0,-0.011,-0.02222,-0.044879999999999996,-0.06876,-0.09364,-0.11874000000000001,-0.14406000000000002,-0.17016,-0.19648
9.23,0.04062,0.02077,0.011,0.0,-0.011,-0.02223,-0.04492,-0.06884,-0.09376,-0.11891,-0.14429,-0.17044,-0.19682
9.24,0.04056,0.02076,0.011,0.0,-0.011,-0.02224,-0.04496,-0.06892000000000001,-0.09387999999999999,-0.11908,-0.14452,-0.17072,-0.19716
9.25,0.0405,0.02075,0.011,0.0,-0.011,-0.02225,-0.045,-0.069,-0.094,-0.11925000000000001,-0.14475000000000002,-0.171,-0.1975
9.26,0.040440000000000004,0.02074,0.011,0.0,-0.011,-0.02226,-0.04504,-0.06908,-0.09412,-0.11942,-0.14498,-0.17128000000000002,-0.19784000000000002
9.27,0.04038,0.020730000000000002,0.011,0.0,-0.011,-0.022269999999999998,-0.045079999999999995,-0.06916,-0.09423999999999999,-0.11959,-0.14521,-0.17156000000000002,-0.19818
9.28,0.04032,0.020720000000000002,0.011,0.0,-0.011,-0.022279999999999998,-0.04512,-0.06924,-0.09436,-0.11976,-0.14544,-0.17184,-0.19852
9.290000000000001,0.040260000000000004,0.020710000000000003,0.011,0.0,-0.011,-0.022289999999999997,-0.04516,-0.06932,-0.09448,-0.11993000000000001,-0.14567000000000002,-0.17212,-0.19886
9.3,0.0402,0.0207,0.011,0.0,-0.011,-0.0223,-0.0452,-0.0694,-0.09459999999999999,-0.12010000000000001,-0.1459,-0.1724,-0.1992
9.31,0.04014,0.02069,0.011,0.0,-0.011,-0.02231,-0.045239999999999995,-0.06948,-0.09472,-0.12027,-0.14613,-0.17268,-0.19954
9.32,0.04008,0.02068,0.011,0.0,-0.011,-0.02232,-0.04528,-0.06956,-0.09484,-0.12044,-0.14636000000000002,-0.17296,-0.19988
9.33,0.04002,0.02067,0.011,0.0,-0.011,-0.02233,-0.04532,-0.06964000000000001,-0.09496,-0.12061000000000001,-0.14659,-0.17324,-0.20022
9.34,0.03996,0.02066,0.011,0.0,-0.011,-0.02234,-0.04536,-0.06972,-0.09508,-0.12078,-0.14682,-0.17352,-0.20056000000000002
9.35,0.0399,0.02065,0.011,0.0,-0.011,-0.02235,-0.045399999999999996,-0.0698,-0.09519999999999999,-0.12095,-0.14705000000000001,-0.1738,-0.2009
9.36,0.03984,0.020640000000000002,0.011,0.0,-0.011,-0.022359999999999998,-0.04544,-0.06988,-0.09532,-0.12112,-0.14728000000000002,-0.17408,-0.20124
9.370000000000001,0.03978,0.020630000000000003,0.011,0.0,-0.011,-0.022369999999999998,-0.04548,-0.06996000000000001,-0.09544,-0.12129000000000001,-0.14751,-0.17436000000000001,-0.20158
9.38,0.03972,0.02062,0.011,0.0,-0.011,-0.02238,-0.04552,-0.07004,-0.09555999999999999,-0.12146000000000001,-0.14774,-0.17464000000000002,-0.20192
9.39,0.03966,0.02061,0.011,0.0,-0.011,-0.02239,-0.045559999999999996,-0.07012,-0.09568,-0.12163,-0.14797000000000002,-0.17492000000000002,-0.20226
9.4,0.0396,0.0206,0.011,0.0,-0.011,-0.0224,-0.0456,-0.0702,-0.0958,-0.1218,-0.1482,-0.1752,-0.2026
9.41,0.03954,0.02059,0.011,0.0,-0.011,-0.02241,-0.04564,-0.07028,-0.09591999999999999,-0.12197000000000001,-0.14843,-0.17548,-0.20294
9.42,0.03948,0.02058,0.011,0.0,-0.011,-0.02242,-0.04568,-0.07036,-0.09604,-0.12214,-0.14866000000000001,-0.17576,-0.20328000000000002
9.43,0.03942,0.02057,0.011,0.0,-0.011,-0.02243,-0.04572,-0.07044,-0.09616,-0.12231,-0.14889000000000002,-0.17604,-0.20362
9.44,0.03936,0.020560000000000002,0.011,0.0,-0.011,-0.022439999999999998,-0.04576,-0.07052,-0.09627999999999999,-0.12248,-0.14912,-0.17632,-0.20396
9.450000000000001,0.0393,0.020550000000000002,0.011,0.0,-0.011,-0.022449999999999998,-0.0458,-0.0706,-0.0964,-0.12265000000000001,-0.14935,-0.1766,-0.2043
9.46,0.03924,0.02054,0.011,0.0,-0.011,-0.02246,-0.04584,-0.07068,-0.09652,-0.12282000000000001,-0.14958000000000002,-0.17688,-0.20464
9.47,0.03918,0.02053,0.011,0.0,-0.011,-0.02247,-0.04588,-0.07076,-0.09663999999999999,-0.12299,-0.14981,-0.17716,-0.20498
9.48,0.03912,0.02052,0.011,0.0,-0.011,-0.02248,-0.04592,-0.07084,-0.09676,-0.12316,-0.15004,-0.17744000000000001,-0.20532
9.49,0.03906,0.02051,0.011,0.0,-0.011,-0.02249,-0.04596,-0.07092,-0.09688,-0.12333000000000001,-0.15027000000000001,-0.17772000000000002,-0.20566
9.5,0.039,0.0205,0.011,0.0,-0.011,-0.0225,-0.046,-0.07100000000000001,-0.097,-0.1235,-0.15050000000000002,-0.178,-0.20600000000000002
9.51,0.03894,0.02049,0.011,0.0,-0.011,-0.02251,-0.04604,-0.07108,-0.09712,-0.12367,-0.15073,-0.17828,-0.20634
9.52,0.03888,0.02048,0.011,0.0,-0.011,-0.02252,-0.046079999999999996,-0.07116,-0.09724,-0.12384,-0.15096,-0.17856,-0.20668
9.53,0.03882,0.020470000000000002,0.011,0.0,-0.011,-0.022529999999999998,-0.04612,-0.07124,-0.09736,-0.12401000000000001,-0.15119000000000002,-0.17884,-0.20702
9.540000000000001,0.03876,0.02046,0.011,0.0,-0.011,-0.022539999999999998,-0.04616,-0.07132,-0.09748,-0.12418000000000001,-0.15142,-0.17912,-0.20736
9.55,0.0387,0.02045,0.011,0.0,-0.011,-0.02255,-0.0462,-0.0714,-0.09759999999999999,-0.12435,-0.15165,-0.1794,-0.2077
9.56,0.03864,0.02044,0.011,0.0,-0.011,-0.02256,-0.046239999999999996,-0.07148,-0.09772,-0.12452,-0.15188000000000001,-0.17968,-0.20804
9.57,0.038579999999999996,0.02043,0.011,0.0,-0.011,-0.02257,-0.04628,-0.07156,-0.09784,-0.12469000000000001,-0.15211,-0.17996,-0.20838
9.58,0.03852,0.02042,0.011,0.0,-0.011,-0.02258,-0.04632,-0.07164,-0.09795999999999999,-0.12486,-0.15234,-0.18024,-0.20872000000000002
9.59,0.03846,0.02041,0.011,0.0,-0.011,-0.02259,-0.04636,-0.07172,-0.09808,-0.12503,-0.15257,-0.18052,-0.20906
9.6,0.0384,0.0204,0.011,0.0,-0.011,-0.0226,-0.0464,-0.0718,-0.0982,-0.1252,-0.15280000000000002,-0.18080000000000002,-0.2094
9.61,0.03834,0.020390000000000002,0.011,0.0,-0.011,-0.022609999999999998,-0.04644,-0.07188,-0.09831999999999999,-0.12537,-0.15303,-0.18108000000000002,-0.20974
9.620000000000001,0.03828,0.020380000000000002,0.011,0.0,-0.011,-0.022619999999999998,-0.04648,-0.07196,-0.09844,-0.12554,-0.15326,-0.18136,-0.21008
9.63,0.03822,0.02037,0.011,0.0,-0.011,-0.02263,-0.04652,-0.07203999999999999,-0.09856,-0.12571000000000002,-0.15349000000000002,-0.18164,-0.21042
9.64,0.03816,0.02036,0.011,0.0,-0.011,-0.02264,-0.04656,-0.07212,-0.09867999999999999,-0.12588,-0.15372,-0.18192,-0.21076
9.65,0.0381,0.02035,0.011,0.0,-0.011,-0.02265,-0.0466,-0.0722,-0.0988,-0.12605,-0.15395,-0.1822,-0.2111
9.66,0.03804,0.02034,0.011,0.0,-0.011,-0.02266,-0.04664,-0.07228,-0.09892,-0.12622,-0.15418,-0.18248,-0.21144000000000002
9.67,0.03798,0.02033,0.011,0.0,-0.011,-0.02267,-0.04668,-0.07236,-0.09903999999999999,-0.12639,-0.15441000000000002,-0.18276,-0.21178
9.68,0.037919999999999995,0.02032,0.011,0.0,-0.011,-0.02268,-0.04672,-0.07244,-0.09916,-0.12656,-0.15464,-0.18304,-0.21212
9.69,0.03786,0.02031,0.011,0.0,-0.011,-0.02269,-0.04676,-0.07252,-0.09928,-0.12673,-0.15487,-0.18332,-0.21246
9.700000000000001,0.0378,0.020300000000000002,0.011,0.0,-0.011,-0.022699999999999998,-0.0468,-0.0726,-0.09939999999999999,-0.1269,-0.15510000000000002,-0.1836,-0.2128
9.71,0.037739999999999996,0.02029,0.011,0.0,-0.011,-0.02271,-0.04684,-0.07268,-0.09952,-0.12707000000000002,-0.15533,-0.18388000000000002,-0.21314
9.72,0.03768,0.02028,0.011,0.0,-0.011,-0.02272,-0.04688,-0.07276,-0.09963999999999999,-0.12724000000000002,-0.15556,-0.18416,-0.21348
9.73,0.03762,0.02027,0.011,0.0,-0.011,-0.02273,-0.04692,-0.07284,-0.09975999999999999,-0.12741,-0.15579,-0.18444,-0.21382
9.74,0.037559999999999996,0.02026,0.011,0.0,-0.011,-0.02274,-0.04696,-0.07292,-0.09988,-0.12758,-0.15602,-0.18472,-0.21416000000000002
9.75,0.0375,0.02025,0.011,0.0,-0.011,-0.02275,-0.047,-0.073,-0.09999999999999999,-0.12775,-0.15625,-0.185,-0.2145
9.76,0.03744,0.02024,0.011,0.0,-0.011,-0.02276,-0.04704,-0.07308,-0.10012,-0.12792,-0.15648,-0.18528,-0.21484
9.77,0.03738,0.02023,0.011,0.0,-0.011,-0.02277,-0.04708,-0.07316,-0.10024,-0.12809,-0.15671000000000002,-0.18556,-0.21518
9.78,0.03732,0.020220000000000002,0.011,0.0,-0.011,-0.022779999999999998,-0.04712,-0.07324,-0.10035999999999999,-0.12826,-0.15694,-0.18584,-0.21552
9.790000000000001,0.03726,0.02021,0.011,0.0,-0.011,-0.022789999999999998,-0.04716,-0.07332,-0.10048,-0.12843000000000002,-0.15717,-0.18612,-0.21586
9.8,0.0372,0.0202,0.011,0.0,-0.011,-0.0228,-0.0472,-0.07339999999999999,-0.1006,-0.1286,-0.1574,-0.1864,-0.2162
9.81,0.03714,0.02019,0.011,0.0,-0.011,-0.02281,-0.04724,-0.07348,-0.10071999999999999,-0.12877,-0.15763,-0.18668,-0.21654
9.82,0.03708,0.02018,0.011,0.0,-0.011,-0.02282,-0.04728,-0.07356,-0.10084,-0.12894,-0.15786,-0.18696000000000002,-0.21688000000000002
9.83,0.03702,0.02017,0.011,0.0,-0.011,-0.02283,-0.04732,-0.07364,-0.10096,-0.12911,-0.15809,-0.18724000000000002,-0.21722
9.84,0.03696,0.02016,0.011,0.0,-0.011,-0.02284,-0.04736,-0.07372,-0.10107999999999999,-0.12928,-0.15832000000000002,-0.18752000000000002,-0.21756
9.85,0.036899999999999995,0.02015,0.011,0.0,-0.011,-0.02285,-0.0474,-0.0738,-0.1012,-0.12945,-0.15855,-0.1878,-0.2179
9.86,0.03684,0.02014,0.011,0.0,-0.011,-0.02286,-0.04744,-0.07388,-0.10132,-0.12962,-0.15878,-0.18808,-0.21824
9.870000000000001,0.03678,0.020130000000000002,0.011,0.0,-0.011,-0.022869999999999998,-0.04748,-0.07396,-0.10143999999999999,-0.12979000000000002,-0.15901,-0.18836,-0.21858
9.88,0.036719999999999996,0.02012,0.011,0.0,-0.011,-0.02288,-0.04752,-0.07404,-0.10156,-0.12996000000000002,-0.15924,-0.18864,-0.21892
9.89,0.03666,0.02011,0.011,0.0,-0.011,-0.02289,-0.04756,-0.07411999999999999,-0.10167999999999999,-0.13013,-0.15947,-0.18892,-0.21926
9.9,0.0366,0.0201,0.011,0.0,-0.011,-0.0229,-0.0476,-0.0742,-0.1018,-0.1303,-0.1597,-0.1892,-0.21960000000000002
9.91,0.036539999999999996,0.02009,0.011,0.0,-0.011,-0.02291,-0.04764,-0.07428,-0.10192,-0.13047,-0.15993000000000002,-0.18948,-0.21994
9.92,0.03648,0.02008,0.011,0.0,-0.011,-0.02292,-0.04768,-0.07436,-0.10203999999999999,-0.13064,-0.16016,-0.18976,-0.22028
9.93,0.036419999999999994,0.02007,0.011,0.0,-0.011,-0.02293,-0.04772,-0.07443999999999999,-0.10216,-0.13081,-0.16039,-0.19004000000000001,-0.22062
9.94,0.036359999999999996,0.02006,0.011,0.0,-0.011,-0.02294,-0.047760000000000004,-0.07452,-0.10228,-0.13098,-0.16062,-0.19032,-0.22096
9.950000000000001,0.0363,0.020050000000000002,0.011,0.0,-0.011,-0.022949999999999998,-0.0478,-0.0746,-0.10239999999999999,-0.13115000000000002,-0.16085,-0.1906,-0.2213
9.96,0.036239999999999994,0.02004,0.011,0.0,-0.011,-0.02296,-0.04784,-0.07468,-0.10252,-0.13132,-0.16108,-0.19088,-0.22164
9.97,0.03618,0.02003,0.011,0.0,-0.011,-0.02297,-0.04788,-0.07476,-0.10264,-0.13149,-0.16131,-0.19116,-0.22198
9.98,0.03612,0.02002,0.011,0.0,-0.011,-0.02298,-0.047920000000000004,-0.07484,-0.10275999999999999,-0.13166,-0.16154000000000002,-0.19144,-0.22232000000000002
9.99,0.036059999999999995,0.02001,0.011,0.0,-0.011,-0.02299,-0.04796,-0.07492,-0.10288,-0.13183,-0.16177,-0.19172,-0.22266
10.0,0.036,0.02,0.011,0.0,-0.011,-0.023,-0.048,-0.075,-0.103,-0.132,-0.162,-0.192,-0.223
10.01,0.03463636363636363,0.019818181818181818,0.010909090909090908,0.0,-0.01109090909090909,-0.02309090909090909,-0.048363636363636366,-0.07554545454545454,-0.10381818181818181,-0.1330909090909091,-0.16327272727272726,-0.19345454545454546,-0.22463636363636363
10.02,0.03327272727272727,0.019636363636363636,0.010818181818181817,0.0,-0.011181818181818182,-0.023181818181818182,-0.04872727272727273,-0.07609090909090908,-0.10463636363636364,-0.13418181818181818,-0.16454545454545455,-0.19490909090909092,-0.22627272727272726
10.03,0.03190909090909091,0.019454545454545454,0.010727272727272728,0.0,-0.011272727272727273,-0.02327272727272727,-0.04909090909090909,-0.07663636363636364,-0.10545454545454545,-0.13527272727272727,-0.1658181818181818,-0.19636363636363635,-0.22790909090909092
10.040000000000001,0.030545454545454542,0.01927272727272727,0.010636363636363637,0.0,-0.011363636363636364,-0.023363636363636364,-0.04945454545454545,-0.07718181818181818,-0.10627272727272727,-0.13636363636363635,-0.1670909090909091,-0.1978181818181818,-0.22954545454545455
10.05,0.02918181818181818,0.01909090909090909,0.010545454545454545,0.0,-0.011454545454545455,-0.023454545454545454,-0.04981818181818182,-0.07772727272727273,-0.10709090909090908,-0.13745454545454544,-0.16836363636363635,-0.19927272727272727,-0.23118181818181818
10.06,0.02781818181818182,0.01890909090909091,0.010454545454545454,0.0,-0.011545454545454545,-0.023545454545454546,-0.05018181818181818,-0.07827272727272727,-0.10790909090909091,-0.13854545454545455,-0.16963636363636364,-0.20072727272727273,-0.2328181818181818
10.07,0.026454545454545453,0.018727272727272728,0.010363636363636363,0.0,-0.011636363636363636,-0.023636363636363636,-0.050545454545454546,-0.07881818181818182,-0.10872727272727273,-0.13963636363636364,-0.1709090909090909,-0.20218181818181818,-0.23445454545454544
10.08,0.02509090909090909,0.018545454545454546,0.010272727272727272,0.0,-0.011727272727272727,-0.02372727272727273,-0.05090909090909091,-0.07936363636363636,-0.10954545454545454,-0.14072727272727273,-0.17218181818181819,-0.20363636363636364,-0.23609090909090907
10.09,0.02372727272727273,0.018363636363636363,0.010181818181818183,0.0,-0.011818181818181818,-0.023818181818181818,-0.05127272727272727,-0.07990909090909092,-0.11036363636363636,-0.14181818181818182,-0.17345454545454544,-0.20509090909090907,-0.23772727272727273
10.1,0.022363636363636363,0.01818181818181818,0.010090909090909091,0.0,-0.011909090909090909,-0.02390909090909091,-0.05163636363636363,-0.08045454545454546,-0.11118181818181819,-0.1429090909090909,-0.17472727272727273,-0.20654545454545453,-0.23936363636363636
10.11,0.021,0.018,0.01,0.0,-0.012,-0.024,-0.052,-0.081,-0.112,-0.144,-0.176,-0.208,-0.241
10.120000000000001,0.0175,0.0165,0.01,0.0,-0.012,-0.0245,-0.053,-0.0825,-0.1135,-0.1455,-0.178,-0.2105,-0.2435
10.13,0.014,0.015,0.01,0.0,-0.012,-0.025,-0.054,-0.084,-0.115,-0.147,-0.18,-0.213,-0.246
10.14,0.0085,0.0115,0.009000000000000001,0.0,-0.012,-0.025500000000000002,-0.055,-0.086,-0.1175,-0.1495,-0.182,-0.215,-0.248
10.15,0.003,0.008,0.008,0.0,-0.012,-0.026,-0.056,-0.088,-0.12,-0.152,-0.184,-0.217,-0.25
10.16,-0.0015000000000000005,0.0034999999999999996,0.005,0.0,-0.012,-0.027,-0.057999999999999996,-0.09,-0.122,-0.154,-0.1865,-0.2195,-0.2525
10.17,-0.006,-0.001,0.002,0.0,-0.012,-0.028,-0.06,-0.092,-0.124,-0.156,-0.189,-0.222,-0.255
10.18,-0.013,-0.006,-0.002,0.0,-0.015,-0.031,-0.063,-0.094,-0.126,-0.159,-0.191,-0.224,-0.257
10.19,-0.013,-0.006,-0.002,0.0,-0.015,-0.031,-0.063,-0.094,-0.126,-0.159,-0.191,-0.224,-0.257
10.200000000000001,-0.013,-0.006,-0.002,0.0,-0.015,-0.031,-0.063,-0.094,-0.126,-0.159,-0.191,-0.224,-0.257
